,id_x,production_budget,domestic_gross,worldwide_gross,release_year_x,title_clean,genre_ids,popularity,vote_average,vote_count,profit,roi,domestic_vs_worldwide_ratio,release_month,day_of_week
0,2,410600000,241063875,1045663875,2011,pirates of the caribbean on stranger tides,"[12, 28, 14]",30.579,6.4,8571.0,635063875,1.5466728567949342,0.23053667699861966,5,Friday
1,3,350000000,42762350,149762350,2019,dark phoenix,,,,,-200237650,-0.5721075714285714,0.2855347155009253,6,Friday
2,4,330600000,459005868,1403013963,2015,avengers age of ultron,"[28, 12, 878]",44.383,7.3,13457.0,1072413963,3.2438413883847548,0.32715702060336516,5,Friday
3,5,317000000,620181382,1316721747,2017,star wars ep viii the last jedi,,,,,999721747,3.1536963627760253,0.47100413083706744,12,Friday
4,6,306000000,936662225,2053311220,2015,star wars ep vii the force awakens,,,,,1747311220,5.710167385620915,0.45617158075043296,12,Friday
5,7,300000000,678815482,2048134200,2018,avengers infinity war,"[12, 28, 14]",80.773,8.3,13948.0,1748134200,5.827114,0.3314311542671374,4,Friday
6,9,300000000,229024295,655945209,2017,justice league,"[28, 12, 14, 878]",34.953,6.2,7510.0,355945209,1.18648403,0.3491515630537977,11,Friday
7,9,300000000,229024295,655945209,2017,justice league,"[28, 12, 14, 878]",34.953,6.2,7510.0,355945209,1.18648403,0.3491515630537977,11,Friday
8,10,300000000,200074175,879620923,2015,spectre,"[28, 12, 80]",30.318,6.4,6719.0,579620923,1.9320697433333334,0.22745499767972208,11,Friday
9,10,300000000,200074175,879620923,2015,spectre,"[28, 12, 80]",30.318,6.4,6719.0,579620923,1.9320697433333334,0.22745499767972208,11,Friday
10,11,275000000,448139099,1084439099,2012,the dark knight rises,"[28, 80, 18, 53]",26.22,7.7,13933.0,809439099,2.9434149054545453,0.413245058586734,7,Friday
11,12,275000000,213767512,393151347,2018,solo a star wars story,"[28, 12, 878]",29.502,6.6,3838.0,118151347,0.4296412618181818,0.5437282960650774,5,Friday
12,13,275000000,89302115,260002115,2013,the lone ranger,"[28, 12, 37]",12.482000000000001,6.0,3789.0,-14997885,-0.05453776363636364,0.3434668791059642,7,Tuesday
13,14,275000000,73058679,282778100,2012,john carter,"[28, 12, 878]",18.549,6.1,3338.0,7778100,0.028284,0.258360456485138,3,Friday
14,17,250000000,408084349,1140069413,2016,captain america civil war,"[12, 28, 878]",39.137,7.4,14000.0,890069413,3.560277652,0.357946932306656,5,Friday
15,18,250000000,330360194,867500281,2016,batman v superman dawn of justice,"[28, 12, 14]",28.088,5.8,11991.0,617500281,2.470001124,0.3808185440806791,3,Friday
16,19,250000000,303003568,1017003568,2012,the hobbit an unexpected journey,"[12, 14, 28]",26.939,7.2,12076.0,767003568,3.068014272,0.29793756633113405,12,Friday
17,21,250000000,258366855,960366855,2013,the hobbit the desolation of smaug,"[12, 14, 28]",21.275,7.6,7739.0,710366855,2.84146742,0.2690293335873196,12,Friday
18,22,250000000,255119788,945577621,2014,the hobbit the battle of the five armies,"[28, 12, 14]",53.783,7.3,8392.0,695577621,2.782310484,0.2698031154017762,12,Wednesday
19,23,250000000,225764765,1234846267,2017,the fate of the furious,"[28, 80, 53]",28.668000000000003,6.9,6335.0,984846267,3.939385068,0.18282823622124617,4,Friday
20,25,230000000,172558876,788241137,2017,pirates of the caribbean dead men tell no tales,"[12, 28, 14, 35]",28.101,6.6,6931.0,558241137,2.4271353782608696,0.21891635427294376,5,Friday
21,27,225000000,623279547,1517935897,2012,the avengers,"[878, 28, 12]",50.288999999999994,7.6,19673.0,1292935897,5.746381764444444,0.4106099264348579,5,Friday
22,29,225000000,291045518,667999518,2013,man of steel,"[28, 12, 14, 878]",27.666999999999998,6.5,9758.0,442999518,1.9688867466666666,0.4356971976138462,6,Friday
23,31,220000000,262030663,757890267,2012,the amazing spiderman,"[28, 12, 14]",24.391,6.5,10411.0,537890267,2.444955759090909,0.3457369416250862,7,Tuesday
24,32,220000000,65233400,313477717,2012,battleship,"[53, 28, 12, 878]",21.741999999999997,5.6,3240.0,93477717,0.4248987136363636,0.20809581179896114,5,Friday
25,33,217000000,130168683,602893340,2017,transformers the last knight,"[28, 878, 53, 12]",24.258000000000003,6.0,3255.0,385893340,1.7783103225806451,0.21590665274225787,6,Wednesday
26,34,215000000,652270625,1648854864,2015,jurassic world,"[28, 12, 878, 53]",20.709,6.6,14056.0,1433854864,6.669092390697674,0.39559007844852984,6,Friday
27,35,215000000,179020854,654213485,2012,men in black 3,"[28, 35, 878]",26.176,6.4,6398.0,439213485,2.042853418604651,0.27364286751135986,5,Friday
28,37,210000000,245439076,1104039076,2014,transformers age of extinction,"[878, 28, 12]",20.961,5.8,4805.0,894039076,4.2573289333333335,0.2223101349720705,6,Friday
29,42,200000000,700059566,1348258224,2018,black panther,"[28, 16]",2.0580000000000003,5.1,11.0,1148258224,5.74129112,0.5192325576350425,2,Friday
30,42,200000000,700059566,1348258224,2018,black panther,"[28, 12, 14, 878]",44.14,7.4,12365.0,1148258224,5.74129112,0.5192325576350425,2,Friday
31,44,200000000,608581744,1242520711,2018,incredibles 2,"[28, 12, 16, 10751]",36.286,7.6,6354.0,1042520711,5.212603555,0.4897960562043299,6,Friday
32,45,200000000,532177324,1049102856,2016,rogue one a star wars story,"[28, 12, 878]",21.401,7.5,9296.0,849102856,4.24551428,0.5072689688683871,12,Friday
33,45,200000000,532177324,1049102856,2016,rogue one a star wars story,"[28, 12, 878]",21.401,7.5,9296.0,849102856,4.24551428,0.5072689688683871,12,Friday
34,46,200000000,486295561,1021215193,2016,finding dory,"[12, 16, 35, 10751]",15.392999999999999,7.0,7845.0,821215193,4.106075965,0.4761930338809599,6,Friday
35,48,200000000,408992272,1215392272,2013,iron man 3,"[28, 12, 878]",32.093,6.9,14155.0,1015392272,5.07696136,0.33651050892974577,5,Friday
36,49,200000000,389813101,862316233,2017,guardians of the galaxy vol 2,"[28, 12, 35, 878]",40.228,7.7,12535.0,662316233,3.311581165,0.4520535345181192,5,Friday
37,52,200000000,304360277,1110526981,2012,skyfall,"[28, 12, 53]",19.27,7.1,10441.0,910526981,4.552634905,0.27406833170854766,11,Thursday
38,53,200000000,268488329,743588329,2013,monsters university,"[16, 10751]",20.33,7.0,6362.0,543588329,2.717941645,0.3610711983081703,6,Friday
39,54,200000000,234770996,490359051,2013,oz the great and powerful,"[14, 12, 10751]",13.377,5.8,4829.0,290359051,1.451795255,0.47877365681580947,3,Friday
40,55,200000000,233921534,747862775,2014,xmen days of future past,"[28, 12, 14, 878]",41.867,7.5,10062.0,547862775,2.739313875,0.31278670609056586,5,Friday
41,56,200000000,202853933,708996336,2014,the amazing spiderman 2,"[28, 12, 14]",20.846999999999998,6.4,7220.0,508996336,2.54498168,0.2861142190726357,5,Friday
42,57,200000000,191450875,560155383,2011,cars 2,"[16, 10751, 12, 35]",23.498,5.9,4058.0,360155383,1.800776915,0.341781728445873,6,Friday
43,60,200000000,159555901,652220086,2018,fantastic beasts the crimes of grindelwald,[12],48.508,6.9,4870.0,452220086,2.26110043,0.24463506172976096,11,Friday
44,62,200000000,116601172,219535492,2011,green lantern,"[12, 28, 53, 878]",17.257,5.1,4290.0,19535492,0.09767746,0.5311267482890648,6,Friday
45,64,195000000,352390543,1123790543,2011,transformers dark of the moon,"[28, 878, 12]",5.3389999999999995,6.1,4961.0,928790543,4.763028425641026,0.313573152216854,6,Wednesday
46,65,195000000,80101125,409953905,2017,the mummy,"[14, 53, 28, 12, 27]",18.53,5.5,4391.0,214953905,1.1023277179487179,0.19539056470263408,6,Friday
47,66,195000000,65187603,197687603,2013,jack the giant slayer,"[28, 12, 10751, 14]",12.773,5.6,3403.0,2687603,0.013782579487179487,0.3297505863329225,3,Friday
48,67,190000000,353007020,1518722794,2015,furious 7,"[28, 80, 53]",20.396,7.3,6538.0,1328722794,6.9932778631578945,0.23243676949777842,4,Friday
49,68,190000000,228778661,467381584,2013,star trek into darkness,"[28, 12, 878]",20.487,7.4,6182.0,277381584,1.4599030736842105,0.4894901057975789,5,Thursday
50,69,190000000,202359711,531514650,2013,world war z,"[28, 18, 27, 878, 53]",14.582,6.7,9132.0,341514650,1.7974455263157896,0.3807227345473921,6,Friday
51,70,190000000,144840419,351040419,2013,the great gatsby,"[18, 10749]",15.397,7.4,7120.0,161040419,0.847581152631579,0.4126032535301868,5,Friday
52,72,190000000,101802906,411002906,2013,pacific rim,"[28, 878, 12]",16.759,6.8,7632.0,221002906,1.1631731894736843,0.24769388370212642,7,Friday
53,73,187500000,123087120,333771037,2015,the good dinosaur,"[12, 16, 10751]",17.675,6.7,3135.0,146271037,0.7801121973333334,0.3687771147141206,11,Wednesday
54,73,187500000,123087120,333771037,2015,the good dinosaur,"[12, 16, 10751]",17.675,6.7,3135.0,146271037,0.7801121973333334,0.3687771147141206,11,Wednesday
55,77,185000000,237282182,554606532,2012,brave,[28],0.6,5.0,1.0,369606532,1.997873145945946,0.42783877994426506,6,Friday
56,77,185000000,237282182,554606532,2012,brave,"[16, 12, 35, 10751, 28, 14]",18.908,6.9,8116.0,369606532,1.997873145945946,0.42783877994426506,6,Friday
57,78,185000000,168052812,561072059,2017,kong skull island,"[28, 12, 14]",29.388,6.3,6054.0,376072059,2.0328219405405403,0.2995209069928039,3,Friday
58,79,185000000,158848340,335802233,2016,star trek beyond,"[28, 12, 878]",19.142,6.7,4275.0,150802233,0.8151472054054054,0.47304134514197826,7,Friday
59,80,185000000,92054159,259357408,2017,blade runner 2049,"[878, 28, 53]",48.571000000000005,7.4,6679.0,74357408,0.40193193513513514,0.3549316740549782,10,Friday
60,80,185000000,92054159,259357408,2017,blade runner 2049,"[878, 28, 53]",48.571000000000005,7.4,6679.0,74357408,0.40193193513513514,0.3549316740549782,10,Friday
61,81,182000000,246734314,619234314,2019,aladdin,,,,,437234314,2.4023863406593406,0.39845064852139317,5,Friday
62,82,180000000,315058289,846980024,2017,thor ragnarok,"[28, 12, 35, 14]",43.45,7.5,11380.0,666980024,3.7054445777777776,0.3719784175216864,11,Friday
63,82,180000000,315058289,846980024,2017,thor ragnarok,"[28, 12, 35, 14]",43.45,7.5,11380.0,666980024,3.7054445777777776,0.3719784175216864,11,Friday
64,84,180000000,241407328,758536735,2014,maleficent,"[14, 12, 28, 10751, 10749]",19.274,7.0,8143.0,578536735,3.2140929722222222,0.318253970916781,5,Friday
65,85,180000000,234037575,802402853,2016,fantastic beasts and where to find them,"[12, 10751, 14]",28.563000000000002,7.4,12152.0,622402853,3.457793627777778,0.2916709158311031,11,Friday
66,85,180000000,234037575,802402853,2016,fantastic beasts and where to find them,"[12, 10751, 14]",28.563000000000002,7.4,12152.0,622402853,3.457793627777778,0.2916709158311031,11,Friday
67,88,180000000,126643061,348902025,2016,the legend of tarzan,"[28, 12]",14.797,5.8,4102.0,168902025,0.9383445833333334,0.3629759987778804,7,Friday
68,89,180000000,73864507,180047784,2011,hugo,"[12, 18, 10751]",12.936,7.1,4124.0,47784,0.00026546666666666665,0.410249464664336,11,Wednesday
69,90,180000000,40479370,215098356,2017,valerian and the city of a thousand planets,"[12, 878, 28]",24.003,6.6,4149.0,35098356,0.19499086666666668,0.18819004827726346,7,Friday
70,91,179000000,47482519,181982519,2015,jupiter ascending,"[878, 14, 28, 12]",24.058000000000003,5.3,4401.0,2982519,0.016662117318435754,0.260918022571168,2,Friday
71,92,178000000,220159104,787456552,2018,mission impossibleâfallout,,,,,609456552,3.423913213483146,0.2795825413361981,7,Friday
72,93,178000000,155442489,542537546,2016,xmen apocalypse,"[28, 12, 878, 14]",39.293,6.5,8348.0,364537546,2.047963741573034,0.28651010450067543,5,Friday
73,94,178000000,145443742,529530715,2018,the meg,"[28, 878, 53, 27]",31.397,5.9,2896.0,351530715,1.9748916573033708,0.27466535534204095,8,Friday
74,95,178000000,100206256,370541256,2014,edge of tomorrow,"[28, 878]",19.753,7.6,8047.0,192541256,1.0816924494382023,0.2704321162013873,6,Friday
75,96,175000000,426525952,1123061550,2019,captain marvel,,,,,948061550,5.417494571428572,0.37978858059916665,3,Friday
76,97,175000000,364001123,962854547,2016,the jungle book,"[12, 18, 10751, 14]",20.129,6.8,5257.0,787854547,4.502025982857143,0.37804372855082957,4,Friday
77,98,175000000,356461711,854235992,2015,inside out,"[18, 80]",4.758,4.4,18.0,679235992,3.881348525714286,0.41728715991634313,6,Friday
78,98,175000000,356461711,854235992,2015,inside out,"[18, 35, 16, 10751]",24.796999999999997,8.0,12691.0,679235992,3.881348525714286,0.41728715991634313,6,Friday
79,99,175000000,334201140,880166350,2017,spiderman homecoming,"[28, 12, 878, 18]",46.775,7.4,11585.0,705166350,4.029522,0.37970224605837294,7,Friday
80,100,175000000,325100054,746059887,2016,suicide squad,"[28, 12, 80, 14, 878]",16.53,5.9,13533.0,571059887,3.2631993542857143,0.4357559757129792,8,Friday
81,2,175000000,209726015,798008101,2017,coco,"[16, 10751, 35, 12, 14]",25.961,8.2,8669.0,623008101,3.5600462914285713,0.2628118871690502,11,Wednesday
82,2,175000000,209726015,798008101,2017,coco,"[16, 10751, 35, 12, 14]",25.961,8.2,8669.0,623008101,3.5600462914285713,0.2628118871690502,11,Wednesday
83,3,175000000,201091711,524283695,2018,ralph breaks the internet,"[10751, 16, 35, 14, 12]",48.056999999999995,7.2,2626.0,349283695,1.9959068285714285,0.3835551494692201,11,Wednesday
84,5,175000000,152901115,383541369,2017,cars 3,"[12, 16, 35, 10751]",18.427,6.7,2596.0,208541369,1.1916649657142857,0.3986561225420249,6,Friday
85,11,175000000,39175066,139630336,2017,king arthur legend of the sword,"[28, 18, 14]",21.793000000000003,6.5,3305.0,-35369664,-0.2021123657142857,0.28056271382173,5,Friday
86,12,175000000,38362475,151716815,2013,47 ronin,"[18, 28, 12, 14]",25.049,6.0,2080.0,-23283185,-0.13304677142857144,0.2528557892544739,12,Wednesday
87,13,170000000,417719760,1305772799,2018,jurassic world fallen kingdom,"[28, 12, 878]",34.958,6.5,5995.0,1135772799,6.681016464705882,0.31990232934849183,6,Friday
88,14,170000000,333172112,770867516,2014,guardians of the galaxy,"[28, 878, 12]",49.606,7.9,17958.0,600867516,3.5345148,0.43220411430593997,8,Friday
89,16,170000000,259746958,714401889,2014,captain america the winter soldier,"[28, 12, 878]",18.073,7.7,11034.0,544401889,3.2023640529411765,0.36358660580193397,4,Friday
90,17,170000000,208545589,710644566,2014,dawn of the planet of the apes,"[878, 28, 18, 53]",27.641,7.3,7080.0,540644566,3.1802621529411765,0.29345976734028806,7,Friday
91,19,170000000,155136755,401021746,2012,snow white and the huntsman,"[12, 14, 18]",21.233,5.9,5258.0,231021746,1.3589514470588235,0.38685372189267764,6,Friday
92,22,170000000,113883318,345004422,2019,dumbo,,,,,175004422,1.0294377764705882,0.3300923429903168,3,Friday
93,23,170000000,93436322,206627518,2015,tomorrowland,"[12, 10751, 9648, 878]",20.136,6.2,4610.0,36627518,0.2154559882352941,0.45219689470402485,5,Friday
94,24,170000000,85710210,402976036,2019,alita battle angel,,,,,232976036,1.3704472705882353,0.21269306942113053,2,Thursday
95,25,170000000,85576941,299276941,2019,godzilla king of the monsters,,,,,129276941,0.7604525941176471,0.2859456552651679,5,Friday
96,26,170000000,77042381,276928112,2016,alice through the looking glass,"[12, 10751, 14]",16.642,6.5,3803.0,106928112,0.628988894117647,0.27820353969697376,5,Friday
97,28,165000000,232641920,676404566,2016,doctor strange,"[28, 12, 14, 878]",33.035,7.3,12582.0,511404566,3.099421612121212,0.3439390147463907,11,Friday
98,28,165000000,232641920,676404566,2016,doctor strange,"[28, 12, 14, 878]",33.035,7.3,12582.0,511404566,3.099421612121212,0.3439390147463907,11,Friday
99,29,165000000,222527828,652127828,2014,big hero 6,"[12, 10751, 16, 28, 35]",36.92,7.8,10176.0,487127828,2.952289866666667,0.341233449096118,11,Friday
100,29,165000000,222527828,652127828,2014,big hero 6,"[12, 10751, 16, 28, 35]",36.92,7.8,10176.0,487127828,2.952289866666667,0.341233449096118,11,Friday
101,31,165000000,189412677,496511521,2012,wreckit ralph,"[10751, 16, 35, 12]",22.967,7.3,7780.0,331511521,2.0091607333333332,0.3814869725852746,11,Friday
102,32,165000000,188017894,666379375,2014,interstellar,"[12, 18, 878]",28.44,8.2,18597.0,501379375,3.038662878787879,0.28214842933876816,11,Wednesday
103,33,165000000,103144286,384169424,2016,independence day resurgence,"[28, 12, 878]",15.732000000000001,5.1,3911.0,219169424,1.3282995393939394,0.26848645299788354,6,Friday
104,34,163000000,100368560,176038324,2011,cowboys and aliens,,,,,13038324,0.07998971779141105,0.5701517585454858,7,Friday
105,35,160000000,504014165,1259199706,2017,beauty and the beast,"[10749, 10751, 16, 14]",26.701,7.7,5730.0,1099199706,6.8699981625,0.40026547226655723,3,Friday
106,35,160000000,504014165,1259199706,2017,beauty and the beast,"[14, 10749]",7.3629999999999995,5.9,1272.0,1099199706,6.8699981625,0.40026547226655723,3,Friday
107,35,160000000,504014165,1259199706,2017,beauty and the beast,"[10751, 14, 10749]",31.793000000000003,6.9,11023.0,1099199706,6.8699981625,0.40026547226655723,3,Friday
108,36,160000000,335061807,1146894640,2018,aquaman,"[28, 12, 14]",38.102,6.8,6155.0,986894640,6.1680915,0.2921469813478246,12,Friday
109,39,160000000,281723902,648986787,2015,the hunger games mockingjay  part 2,"[28, 12, 878]",19.487000000000002,6.8,7609.0,488986787,3.05616741875,0.43409805506564186,11,Friday
110,39,160000000,281723902,648986787,2015,the hunger games mockingjay  part 2,"[28, 12, 878]",19.487000000000002,6.8,7609.0,488986787,3.05616741875,0.43409805506564186,11,Friday
111,40,160000000,238679850,789300444,2013,fast and furious 6,,,,,629300444,3.933127775,0.3023941666501837,5,Friday
112,41,160000000,200676069,529076069,2014,godzilla,"[28, 18, 878]",24.982,6.1,5053.0,369076069,2.30672543125,0.3792953050764426,5,Friday
113,42,160000000,146408305,355408305,2011,xmen first class,"[28, 878, 12]",1.4469999999999998,7.2,8211.0,195408305,1.22130190625,0.41194396118571286,6,Friday
114,46,160000000,47225655,425522281,2016,warcraft,"[28, 12, 14]",21.464000000000002,6.3,4071.0,265522281,1.65951425625,0.11098280186179017,6,Friday
115,47,156000000,61433527,122603824,2016,deepwater horizon,"[18, 28]",13.685,6.7,2606.0,-33396176,-0.2140780512820513,0.5010734983274258,9,Friday
116,47,156000000,61433527,122603824,2016,deepwater horizon,"[18, 28]",13.685,6.7,2606.0,-33396176,-0.2140780512820513,0.5010734983274258,9,Friday
117,49,155000000,89760956,432150894,2015,terminator genisys,"[878, 28, 53, 12]",31.11,5.9,5309.0,277150894,1.7880702838709677,0.20770744026275229,7,Wednesday
118,50,155000000,59874525,290930148,2018,pacific rim uprising,"[28, 14, 878, 12]",30.019000000000002,5.9,2213.0,135930148,0.8769686967741935,0.20580378283793402,3,Friday
119,52,152000000,146880162,489592267,2017,war for the planet of the apes,"[18, 878, 10752]",23.445,7.0,5235.0,337592267,2.2210017565789473,0.3000050693202636,7,Friday
120,55,150000000,412563408,821133378,2017,wonder woman,"[28, 14]",2.841,5.9,34.0,671133378,4.47422252,0.5024316622043343,6,Friday
121,55,150000000,412563408,821133378,2017,wonder woman,"[12, 14, 10752, 10749]",31.618000000000002,7.3,12566.0,671133378,4.47422252,0.5024316622043343,6,Friday
122,56,150000000,400738009,1272469910,2013,frozen,[53],9.677999999999999,5.8,987.0,1122469910,7.483132733333333,0.3149292614707094,11,Friday
123,56,150000000,400738009,1272469910,2013,frozen,"[16, 12, 10751]",26.183000000000003,7.3,9767.0,1122469910,7.483132733333333,0.3149292614707094,11,Friday
124,57,150000000,341268248,1019429616,2016,zootopia,"[16, 12, 10751, 35]",27.549,7.7,9977.0,869429616,5.79619744,0.3347639137060346,3,Friday
125,62,150000000,248757044,637517365,2016,moana,[99],1.96,6.5,16.0,487517365,3.2501157666666667,0.3901964991965356,11,Wednesday
126,62,150000000,248757044,637517365,2016,moana,"[12, 35, 10751, 16]",4.419,7.5,6907.0,487517365,3.2501157666666667,0.3901964991965356,11,Wednesday
127,62,150000000,248757044,637517365,2016,moana,"[12, 35, 10751, 16]",4.419,7.5,6907.0,487517365,3.2501157666666667,0.3901964991965356,11,Wednesday
128,66,150000000,206362140,644602516,2013,thor the dark world,"[28, 12, 14]",31.014,6.7,10171.0,494602516,3.297350106666667,0.3201385890960438,11,Friday
129,68,150000000,195042377,688858992,2015,mission impossibleârogue nation,,,,,538858992,3.59239328,0.28313831896673564,7,Friday
130,69,150000000,190068280,499837368,2017,dunkirk,"[10752, 28, 18]",24.358,7.4,9156.0,349837368,2.33224912,0.3802602449683194,7,Friday
131,70,150000000,181030624,449326618,2011,thor,"[12, 14, 28]",38.068000000000005,6.7,12764.0,299326618,1.9955107866666666,0.40289316668081304,5,Friday
132,74,150000000,165249063,664837547,2011,kung fu panda 2,"[16, 10751]",17.363,6.7,3628.0,514837547,3.4322503133333333,0.24855555127063245,5,Thursday
133,75,150000000,153636354,370098020,2015,mad max fury road,"[28, 12, 878]",28.099,7.4,14454.0,220098020,1.4673201333333334,0.41512341514283163,5,Friday
134,76,150000000,139507806,411258433,2019,pokãmon detective pikachu,,,,,261258433,1.7417228866666667,0.33922175159384516,5,Friday
135,78,150000000,137690172,579290136,2018,ready player one,"[12, 878]",30.029,7.6,7021.0,429290136,2.86193424,0.23768775513898963,3,Thursday
136,87,150000000,83670083,305270083,2012,wrath of the titans,"[14, 12, 28]",14.991,5.6,2442.0,155270083,1.0351338866666666,0.27408543338981567,3,Friday
137,89,150000000,79727149,238202668,2012,dark shadows,"[35, 14]",15.75,5.9,4197.0,88202668,0.5880177866666667,0.33470300592938784,5,Friday
138,90,150000000,73103784,205440387,2013,white house down,"[28, 18, 53]",13.026,6.4,2817.0,55440387,0.36960258,0.3558393997768316,6,Friday
139,92,150000000,45157105,334486852,2017,the great wall,"[28, 12, 14]",19.144000000000002,5.8,2775.0,184486852,1.2299123466666666,0.13500412566291245,2,Friday
140,93,150000000,35088320,151525973,2015,pan,"[12, 10751, 14]",13.054,5.9,1701.0,1525973,0.010173153333333334,0.2315663731128128,10,Friday
141,94,150000000,21392758,39549758,2011,mars needs moms,"[12, 16, 10751]",8.852,5.7,299.0,-110450242,-0.7363349466666667,0.5409074310897174,3,Friday
143,97,145000000,216391482,746921271,2012,madagascar 3 europes most wanted,"[16, 10751, 35]",18.705,6.5,3380.0,601921271,4.151181179310345,0.2897112324974877,6,Friday
144,98,145000000,209397903,694713230,2011,mission impossibleâghost protocol,,,,,549713230,3.791125724137931,0.3014163167728935,12,Friday
145,99,145000000,177002924,614586270,2014,how to train your dragon 2,"[14, 28, 12, 16, 35, 10751]",27.105999999999998,7.7,5589.0,469586270,3.238526,0.28800338152689287,6,Friday
146,1,145000000,111506430,269806430,2014,mr peabody  sherman,"[16, 12, 10751]",12.812999999999999,6.6,1357.0,124806430,0.860734,0.41328307112621443,3,Friday
147,2,145000000,103412758,306900902,2012,rise of the guardians,"[16, 10751, 14]",14.934000000000001,7.3,3697.0,161900902,1.1165579448275862,0.3369581429252365,11,Wednesday
148,4,144000000,128350574,229008658,2016,ghostbusters,"[28, 14, 35]",16.079,5.4,3780.0,85008658,0.5903379027777778,0.5604616660388447,7,Friday
149,10,140000000,176654505,370569776,2011,captain america the first avenger,"[28, 12, 878]",25.808000000000003,6.9,12810.0,230569776,1.6469269714285715,0.4767105048523979,7,Friday
150,11,140000000,143528619,517599142,2016,kung fu panda 3,"[28, 12, 16, 35, 10751]",16.248,6.7,2944.0,377599142,2.6971367285714285,0.27729686422084526,1,Friday
151,13,140000000,122523060,375740705,2013,gi joe retaliation,"[12, 28, 878, 53]",15.065,5.5,3883.0,235740705,1.6838621785714285,0.3260840743884802,3,Wednesday
152,16,140000000,65014513,268314513,2014,exodus gods and kings,"[12, 18, 28]",26.789,5.7,2909.0,128314513,0.9165322357142857,0.24230710546767928,12,Friday
153,17,140000000,55483770,199646680,2016,the bfg,"[12, 10751, 14]",20.08,6.2,1916.0,59646680,0.4260477142857143,0.27790980546232974,7,Friday
154,18,140000000,31153464,138836756,2016,gods of egypt,"[28, 12, 14, 878]",18.517,5.4,2353.0,-1163244,-0.008308885714285714,0.22438916679960458,2,Friday
155,25,136200000,292324737,829724737,2012,the twilight saga breaking dawn part 2,,,,,693524737,5.0919584214390605,0.3523153209303437,11,Friday
156,26,135000000,187168425,573068425,2013,the croods,"[28, 12, 16, 35, 10751, 14]",16.29,6.8,3873.0,438068425,3.2449512962962963,0.32660746402142116,3,Friday
157,27,135000000,183637894,532938302,2015,the revenant,"[37, 18, 12]",19.41,7.4,11064.0,397938302,2.947691125925926,0.3445762732962661,12,Friday
158,27,135000000,183637894,532938302,2015,the revenant,"[37, 18, 12]",19.41,7.4,11064.0,397938302,2.947691125925926,0.3445762732962661,12,Friday
159,29,135000000,123477607,245724600,2011,rango,"[16, 35, 10751, 37, 12]",14.462,6.6,3412.0,110724600,0.8201822222222223,0.5025040512834287,3,Friday
160,31,135000000,83028130,286896578,2013,turbo,"[16, 10751]",14.876,6.1,1758.0,151896578,1.125159837037037,0.2894009073890034,7,Wednesday
161,32,135000000,82051601,245328374,2016,teenage mutant ninja turtles out of the shadows,"[28, 12, 35, 10751, 878]",15.095999999999998,5.9,1860.0,110328374,0.8172472148148148,0.33445622152128235,6,Friday
162,33,135000000,64006466,157956466,2011,happy feet two,"[16, 35, 10751]",8.131,5.9,754.0,22956466,0.1700478962962963,0.4052158649839634,11,Friday
163,35,132900000,54858851,170293899,2018,the nutcracker and the four realms,"[14, 12, 10751]",26.235,6.0,909.0,37393899,0.281368690744921,0.32214219841193487,11,Friday
164,37,132000000,83350911,366942531,2014,penguins of madagascar,"[10751, 16, 12, 35]",20.899,6.4,2273.0,234942531,1.779867659090909,0.22714976858324445,11,Wednesday
165,38,130000000,424668047,864868047,2013,the hunger games catching fire,"[12, 28, 878]",20.187,7.4,11170.0,734868047,5.652831130769231,0.4910206227100907,11,Friday
166,41,130000000,216648740,623144660,2018,antman and the wasp,"[28, 12, 878, 35]",44.729,7.0,6290.0,493144660,3.7934204615384615,0.3476700578642526,7,Friday
167,43,130000000,180202163,518858449,2015,antman,"[878, 28, 12]",32.715,7.1,11949.0,388858449,2.9912188384615384,0.3473050566051397,7,Friday
168,44,130000000,177397510,385997896,2015,home,"[18, 9648]",1.8230000000000002,5.4,11.0,255997896,1.9692145846153846,0.4595815465273935,3,Friday
169,44,130000000,177397510,385997896,2015,home,[],0.84,7.0,2.0,255997896,1.9692145846153846,0.4595815465273935,3,Friday
170,44,130000000,177397510,385997896,2015,home,"[14, 35, 16, 878, 10751]",12.835,6.8,2372.0,255997896,1.9692145846153846,0.4595815465273935,3,Friday
171,44,130000000,177397510,385997896,2015,home,[],0.6,8.5,1.0,255997896,1.9692145846153846,0.4595815465273935,3,Friday
172,44,130000000,177397510,385997896,2015,home,[],0.672,7.0,1.0,255997896,1.9692145846153846,0.4595815465273935,3,Friday
173,44,130000000,177397510,385997896,2015,home,"[27, 18, 10751]",0.6,4.7,14.0,255997896,1.9692145846153846,0.4595815465273935,3,Friday
174,44,130000000,177397510,385997896,2015,home,[18],0.6,4.5,2.0,255997896,1.9692145846153846,0.4595815465273935,3,Friday
175,44,130000000,177397510,385997896,2015,home,[878],0.6,4.0,1.0,255997896,1.9692145846153846,0.4595815465273935,3,Friday
176,45,130000000,171958438,341528518,2018,mary poppins returns,"[14, 10751, 35]",30.419,6.6,1457.0,211528518,1.6271424461538462,0.5034965718441117,12,Wednesday
177,46,130000000,149260504,554987477,2011,puss in boots,"[28, 12, 16, 10751, 14, 35]",9.078,6.3,1422.0,424987477,3.2691344384615384,0.26894391348581725,10,Friday
178,49,130000000,131538435,492846291,2014,rio 2,"[12, 35, 10751, 16]",18.11,6.3,1803.0,362846291,2.7911253153846154,0.266895454834619,4,Friday
179,51,130000000,101200044,352831065,2014,noah,[18],0.6,7.6,11.0,222831065,1.7140851153846153,0.28682294173842093,3,Friday
180,51,130000000,101200044,352831065,2014,noah,"[18, 12]",13.905,5.6,3955.0,222831065,1.7140851153846153,0.28682294173842093,3,Friday
181,51,130000000,101200044,352831065,2014,noah,[99],0.6,7.5,2.0,222831065,1.7140851153846153,0.28682294173842093,3,Friday
182,52,130000000,77591831,373993951,2011,the adventures of tintin,"[12, 16, 9648]",11.981,6.8,3251.0,243993951,1.8768765461538461,0.20746814431766036,12,Wednesday
183,53,130000000,60522097,251499665,2013,after earth,"[878, 28, 12]",14.415,5.1,4154.0,121499665,0.9346128076923077,0.24064484141559395,5,Friday
184,55,130000000,33618855,79076678,2013,ripd,"[14, 28, 35, 80]",21.377,5.6,2047.0,-50923322,-0.39171786153846155,0.4251424800621999,7,Friday
185,56,129000000,160791800,519258283,2019,how to train your dragon the hidden world,,,,,390258283,3.025258007751938,0.3096566877489752,2,Friday
186,57,127500000,281287133,689420051,2011,the twilight saga breaking dawn part 1,,,,,561920051,4.40721608627451,0.4080054425339016,11,Friday
187,59,127000000,226277068,615461394,2017,logan,"[35, 18, 10751]",0.9640000000000001,6.1,4.0,488461394,3.846152708661417,0.3676543650112358,3,Friday
188,59,127000000,226277068,615461394,2017,logan,"[28, 18, 878]",45.0,7.8,12330.0,488461394,3.846152708661417,0.3676543650112358,3,Friday
189,60,127000000,113746621,353756621,2014,night at the museum secret of the tomb,"[12, 35, 14, 10751]",20.064,6.1,3536.0,226756621,1.7854852047244094,0.32153920025146326,12,Friday
190,61,125000000,381193157,1341693157,2011,harry potter and the deathly hallows part ii,,,,,1216693157,9.733545256,0.2841135135937792,7,Friday
191,62,125000000,337135885,766575131,2014,the hunger games mockingjay  part 1,"[878, 12, 53]",33.836999999999996,6.8,10087.0,641575131,5.132601048,0.4397949677290014,11,Friday
192,67,125000000,210031325,630163454,2011,fast five,"[28, 53, 80]",2.097,7.2,4294.0,505163454,4.041307632,0.3332965814929661,4,Friday
193,68,125000000,191204754,485004754,2014,teenage mutant ninja turtles,"[878, 28, 12, 14, 35]",25.619,5.8,4259.0,360004754,2.880038032,0.39423274189184543,8,Friday
194,69,125000000,186848418,535663443,2011,sherlock holmes a game of shadows,"[12, 28, 80, 9648]",18.301,7.1,6380.0,410663443,3.285307544,0.3488168185485079,12,Friday
195,71,125000000,175003033,510878762,2017,the boss baby,"[16, 35, 10751]",7.445,6.4,4314.0,385878762,3.087030096,0.34255296171423155,3,Friday
196,73,125000000,153707064,344150134,2016,trolls,"[12, 10751, 35, 14, 10402, 16]",16.285999999999998,6.6,1880.0,219150134,1.753201072,0.4466279359344954,11,Friday
197,73,125000000,153707064,344150134,2016,trolls,"[12, 10751, 35, 14, 10402, 16]",16.285999999999998,6.6,1880.0,219150134,1.753201072,0.4466279359344954,11,Friday
198,75,125000000,126477084,402448265,2012,prometheus,"[878, 12, 9648]",24.98,6.4,7384.0,277448265,2.21958612,0.3142691744490438,6,Friday
199,76,125000000,113203870,280355920,2012,the bourne legacy,"[28, 53]",18.05,6.1,3630.0,155355920,1.24284736,0.4037862656868455,8,Friday
200,78,125000000,68420120,304115534,2018,skyscraper,[28],26.229,6.1,2177.0,179115534,1.432924272,0.22498068119072143,7,Friday
201,79,125000000,58877969,211856088,2012,total recall,"[28, 878, 12, 53]",17.243,5.9,3486.0,86856088,0.694848704,0.27791492590951644,8,Friday
202,80,125000000,54647948,240759682,2016,assassinâs creed,,,,,115759682,0.926077456,0.2269813099354401,12,Wednesday
203,81,125000000,33370166,61642798,2017,monster trucks,"[28, 35, 878]",8.827,5.9,414.0,-63357202,-0.506857616,0.5413473606438176,1,Friday
204,86,120000000,162192920,416168316,2016,jason bourne,"[28, 53]",14.568,6.1,3611.0,296168316,2.4680693,0.38972914026448857,7,Friday
205,88,120000000,124987022,620912003,2012,life of pi,"[12, 18, 28]",15.0,7.3,8723.0,500912003,4.174266691666666,0.20129587026198945,11,Wednesday
206,90,120000000,101028233,428056280,2018,rampage,"[28, 12, 878, 14]",24.238000000000003,6.2,3176.0,308056280,2.5671356666666667,0.23601623833202492,4,Friday
207,92,120000000,93050117,286192091,2013,elysium,"[878, 28, 18, 53]",17.663,6.4,5406.0,166192091,1.3849340916666666,0.3251316857669557,8,Friday
208,93,120000000,89107235,287916633,2013,oblivion,"[28, 878, 12, 9648]",18.534000000000002,6.5,6850.0,167916633,1.399305275,0.3094897091270166,4,Friday
209,94,120000000,85364450,142531552,2017,power rangers,"[28, 12, 878]",15.865,6.2,2667.0,22531552,0.18776293333333333,0.598916161384393,3,Friday
210,96,120000000,58607007,242981799,2014,robocop,"[28, 878]",17.851,5.8,3390.0,122981799,1.024848325,0.2411991648806584,2,Wednesday
211,98,120000000,56117548,167849187,2015,fantastic four,"[28, 12, 878]",16.36,4.4,3837.0,47849187,0.398743225,0.3343331534873624,8,Friday
212,3,116000000,213511408,853628605,2018,venom,[53],2.758,4.3,6.0,737628605,6.358867284482758,0.2501221336180504,10,Friday
213,3,116000000,213511408,853628605,2018,venom,"[878, 28]",44.007,6.6,6206.0,737628605,6.358867284482758,0.2501221336180504,10,Friday
214,8,115000000,132556852,416456852,2013,the wolverine,"[28, 878, 12, 14]",4.323,6.3,6176.0,301456852,2.6213639304347827,0.3182967247709014,7,Friday
215,10,115000000,48003015,165149302,2016,the huntsman winterâs war,,,,,50149302,0.43608088695652175,0.2906643529138258,4,Friday
216,14,111000000,84410380,289847930,2017,ferdinand,"[16, 10751, 12, 35]",19.479,7.1,1425.0,178847930,1.6112426126126127,0.2912229871712384,12,Friday
217,14,111000000,84410380,289847930,2017,ferdinand,"[16, 10751, 12, 35]",19.479,7.1,1425.0,178847930,1.6112426126126127,0.2912229871712384,12,Friday
218,15,110000000,324591735,786680557,2018,deadpool 2,"[28, 35, 12]",38.894,7.5,8773.0,676680557,6.151641427272727,0.41260932676133244,5,Friday
219,16,110000000,274092705,693698673,2013,gravity,"[878, 53, 18]",27.836,7.2,9586.0,583698673,5.306351572727273,0.39511781652204486,10,Friday
220,19,110000000,155190832,456258539,2015,san andreas,"[28, 18, 53]",27.414,6.1,5125.0,346258539,3.1478049,0.34013792342415755,5,Friday
221,20,110000000,142614158,563749323,2011,the smurfs,"[16, 10751, 12, 35, 14]",16.533,5.6,2112.0,453749323,4.124993845454545,0.2529744199799243,7,Friday
222,22,110000000,130179072,295075882,2015,the divergent series insurgent,,,,,185075882,1.6825080181818182,0.44117150855453513,3,Friday
223,26,110000000,106580051,330780051,2014,300 rise of an empire,"[28, 10752, 14]",23.68,6.0,3870.0,220780051,2.0070913727272726,0.32220821865705557,3,Friday
224,28,110000000,100014699,302239672,2016,passengers,"[18, 10749, 878]",14.074000000000002,6.8,7869.0,192239672,1.7476333818181817,0.33091188307006897,12,Wednesday
225,28,110000000,100014699,302239672,2016,passengers,"[18, 10749, 878]",14.074000000000002,6.8,7869.0,192239672,1.7476333818181817,0.33091188307006897,12,Wednesday
226,29,110000000,98780042,229155503,2011,the green hornet,"[28, 80, 35]",14.501,5.5,1897.0,119155503,1.0832318454545455,0.4310611820655252,1,Friday
227,30,110000000,87242834,295986876,2016,miss peregrineâs home for peculiar children,,,,,185986876,1.6907897818181818,0.29475237273695876,9,Friday
228,31,110000000,85463309,263880341,2011,real steel,"[28, 878, 18]",14.811,6.8,4566.0,153880341,1.398912190909091,0.32387145126510203,10,Friday
229,33,110000000,71017784,348547523,2013,the smurfs 2,"[14, 10751, 35, 16]",12.940999999999999,5.7,1200.0,238547523,2.1686138454545456,0.2037535179958803,7,Wednesday
230,34,110000000,66184051,172022517,2016,the divergent series allegiant,,,,,62022517,0.5638410636363637,0.38474062671690823,3,Friday
231,36,110000000,61737191,127983283,2013,enders game,"[878, 28, 12]",15.533,6.6,3558.0,17983283,0.16348439090909092,0.4823848048967458,11,Friday
232,40,110000000,40563557,167910690,2017,ghost in the shell,"[28, 878, 53, 18]",21.308000000000003,6.0,5128.0,57910690,0.5264608181818182,0.24157816872767301,3,Friday
233,42,110000000,3100000,3100000,2019,men in black international,,,,,-106900000,-0.9718181818181818,1.0,6,Friday
234,46,108000000,228433663,655271443,2015,the martian,"[18, 12, 878]",22.855999999999998,7.7,12172.0,547271443,5.067328175925926,0.348609214456489,10,Friday
235,46,108000000,228433663,655271443,2015,the martian,"[18, 12, 878]",22.855999999999998,7.7,12172.0,547271443,5.067328175925926,0.348609214456489,10,Friday
236,47,106000000,40098064,119266661,2016,allied,"[28, 18, 10752, 10749, 53]",19.611,6.7,2765.0,13266661,0.12515717924528302,0.33620513615284325,11,Wednesday
237,47,106000000,40098064,119266661,2016,allied,"[28, 18, 10752, 10749, 53]",19.611,6.7,2765.0,13266661,0.12515717924528302,0.33620513615284325,11,Wednesday
238,52,105000000,64063008,402156682,2016,ice age collision course,"[12, 16, 10751, 35]",18.233,5.9,2430.0,297156682,2.830063638095238,0.15929862878667772,7,Friday
239,54,104000000,100234838,408803696,2017,kingsman the golden circle,"[28, 12, 35]",24.337,7.0,5531.0,304803696,2.930804769230769,0.24519063545844264,9,Friday
240,57,103000000,112200072,362000072,2013,the hangover 3,,,,,259000072,2.514563805825243,0.3099448886297459,5,Thursday
241,58,103000000,100478608,133401882,2018,a wrinkle in time,"[12, 878, 10751, 14]",12.529000000000002,5.0,1073.0,30401882,0.29516390291262135,0.7532023273854562,3,Friday
242,62,102000000,127195589,465195589,2018,bumblebee,"[28, 12, 878]",43.078,6.5,2425.0,363195589,3.560741068627451,0.27342389310574483,12,Friday
243,63,102000000,27108272,130673154,2012,cloud atlas,"[18, 878]",14.681,6.8,4505.0,28673154,0.28110935294117645,0.20745096578904035,10,Friday
244,69,100000000,162805434,449948323,2012,django unchained,"[18, 37]",21.26,8.0,15725.0,349948323,3.49948323,0.3618314052478422,12,Tuesday
245,76,100000000,116900694,389870414,2013,the wolf of wall street,"[80, 18, 35]",29.518,7.9,12411.0,289870414,2.89870414,0.299844999266859,12,Wednesday
246,77,100000000,107518682,262794441,2013,epic,"[16, 12, 10751, 14]",13.995,6.4,1670.0,162794441,1.62794441,0.40913605931260927,5,Friday
247,81,100000000,85028192,311979256,2012,the expendables 2,"[28, 12, 53]",17.215999999999998,6.2,4219.0,211979256,2.11979256,0.272544377117176,8,Friday
248,84,100000000,72688614,243388614,2014,hercules,"[28, 12]",23.921999999999997,5.6,2606.0,143388614,1.43388614,0.29865248339020495,7,Friday
249,94,100000000,45216793,115149422,2019,wonder park,,,,,15149422,0.15149422,0.39267928761292437,3,Friday
250,96,100000000,39322544,209461378,2014,the expendables 3,"[28, 12, 53]",18.797,6.1,2876.0,109461378,1.09461378,0.1877317163453398,8,Friday
251,99,100000000,33700160,220796009,2017,geostorm,"[28, 878, 53]",13.652999999999999,5.8,2246.0,120796009,1.20796009,0.15263029505211753,10,Friday
252,99,100000000,33700160,220796009,2017,geostorm,"[28, 878, 53]",13.652999999999999,5.8,2246.0,120796009,1.20796009,0.15263029505211753,10,Friday
253,100,100000000,28782481,126704591,2015,point break,"[28, 80, 53]",9.435,5.6,1260.0,26704591,0.26704591,0.2271621002272917,12,Friday
254,1,100000000,25020758,89693309,2015,in the heart of the sea,"[53, 18, 12, 28, 36]",14.33,6.6,2137.0,-10306691,-0.10306691,0.27895902469157424,12,Friday
255,1,100000000,25020758,89693309,2015,in the heart of the sea,"[53, 18, 12, 28, 36]",14.33,6.6,2137.0,-10306691,-0.10306691,0.27895902469157424,12,Friday
256,2,100000000,23022309,103039258,2014,transcendence,[],0.6,5.5,2.0,3039258,0.03039258,0.22343240282262125,4,Friday
257,2,100000000,23022309,103039258,2014,transcendence,"[53, 878, 18, 9648]",11.035,6.0,3491.0,3039258,0.03039258,0.22343240282262125,4,Friday
258,4,100000000,15951040,85287417,2018,mortal engines,"[12, 14]",40.095,6.0,1751.0,-14712583,-0.14712583,0.1870268858066132,12,Friday
259,6,100000000,311434,98227017,2012,jin lãng shã san chai,,,,,-1772983,-0.01772983,0.003170553372296748,1,Friday
260,7,99000000,130178411,250091610,2015,the peanuts movie,"[12, 35, 16, 10751]",11.344000000000001,6.6,894.0,151091610,1.5261778787878788,0.5205229035872095,11,Friday
261,7,99000000,130178411,250091610,2015,the peanuts movie,"[12, 35, 16, 10751]",11.344000000000001,6.6,894.0,151091610,1.5261778787878788,0.5205229035872095,11,Friday
262,8,99000000,105806508,190325698,2019,the lego movie 2 the second part,,,,,91325698,0.922481797979798,0.5559233940127203,2,Friday
263,9,99000000,30824628,84747441,2018,robin hood,"[28, 12, 18]",15.444,6.3,2569.0,-14252559,-0.1439652424242424,0.3637234072943866,11,Wednesday
264,9,99000000,30824628,84747441,2018,robin hood,"[12, 16, 10751]",0.68,5.7,3.0,-14252559,-0.1439652424242424,0.3637234072943866,11,Wednesday
265,9,99000000,30824628,84747441,2018,robin hood,"[12, 28, 53]",39.975,5.8,1194.0,-14252559,-0.1439652424242424,0.3637234072943866,11,Wednesday
266,12,97000000,74262031,238521247,2017,alien covenant,"[27, 878, 53]",24.651,5.9,4971.0,141521247,1.4589819278350515,0.3113434628320554,5,Friday
267,13,95000000,201151353,534551353,2015,cinderella,"[35, 10749]",0.955,4.6,8.0,439551353,4.626856347368421,0.37629939924593175,3,Friday
268,13,95000000,201151353,534551353,2015,cinderella,"[10749, 14, 10751, 18]",29.055999999999997,6.7,4517.0,439551353,4.626856347368421,0.37629939924593175,3,Friday
269,14,95000000,161321843,879765137,2012,ice age continental drift,"[16, 35, 12, 10751]",17.537,6.3,4598.0,784765137,8.26068565263158,0.18336921550461485,7,Friday
270,18,95000000,86907746,104907746,2012,the campaign,[35],10.265999999999998,5.7,982.0,9907746,0.10429206315789474,0.8284206773444546,8,Friday
271,23,95000000,26410477,91669648,2016,benhur,"[28, 12, 18]",10.11,5.6,1068.0,-3330352,-0.03505633684210526,0.2881049243256612,8,Friday
272,24,95000000,17725785,108874967,2015,seventh son,"[12, 14]",22.855999999999998,5.3,1549.0,13874967,0.14605228421052632,0.1628086371773596,2,Friday
273,29,94000000,128261724,404561724,2015,kingsman the secret service,"[80, 35, 28, 12]",26.103,7.6,10287.0,310561724,3.3038481276595744,0.3170387023563307,2,Friday
274,29,94000000,128261724,404561724,2015,kingsman the secret service,"[80, 35, 28, 12]",26.103,7.6,10287.0,310561724,3.3038481276595744,0.3170387023563307,2,Friday
275,31,93000000,176760185,470986200,2011,rise of the planet of the apes,"[53, 28, 18, 878]",22.995,7.2,7259.0,377986200,4.064367741935484,0.37529801297787496,8,Friday
276,34,92000000,67349198,304249198,2013,a good day to die hard,"[28, 53]",15.857999999999999,5.2,4437.0,212249198,2.3070565,0.22136195737810951,2,Thursday
277,37,91000000,58236838,187861183,2013,the secret life of walter mitty,"[12, 35, 18, 14]",10.743,7.1,4859.0,96861183,1.0644086043956045,0.3099993147599842,12,Wednesday
278,38,90000000,404508916,964496193,2017,jumanji welcome to the jungle,"[28, 12, 35, 14]",20.395,6.7,7213.0,874496193,9.716624366666666,0.4193991836730868,12,Wednesday
279,38,90000000,404508916,964496193,2017,jumanji welcome to the jungle,"[28, 12, 35, 14]",20.395,6.7,7213.0,874496193,9.716624366666666,0.4193991836730868,12,Wednesday
280,44,90000000,190173195,375381768,2018,spiderman into the spiderverse 3d,,,,,285381768,3.1709085333333333,0.5066127638889484,12,Friday
281,46,90000000,143619809,487519809,2011,rio,"[16, 12, 35, 10751]",14.695,6.6,3730.0,397519809,4.416886766666667,0.29459276597312584,4,Friday
282,51,90000000,102515793,239373970,2011,the girl with the dragon tattoo,"[53, 80, 9648, 18]",17.823,7.3,3971.0,149373970,1.6597107777777778,0.42826625217436964,12,Tuesday
283,55,90000000,93432655,162525156,2016,the magnificent seven,"[12, 28, 37]",18.487000000000002,6.2,3647.0,72525156,0.8058350666666667,0.5748811894695244,9,Friday
284,56,90000000,85886987,249517956,2015,alvin and the chipmunks the road chip,"[12, 16, 35, 10751]",14.972999999999999,5.8,852.0,159517956,1.7724217333333334,0.3442116486398277,12,Friday
285,59,90000000,78765986,244041804,2015,pixels,[878],2.1719999999999997,7.1,35.0,154041804,1.7115756,0.3227561209144315,7,Friday
286,59,90000000,78765986,244041804,2015,pixels,"[28, 35, 878]",23.029,5.6,4423.0,154041804,1.7115756,0.3227561209144315,7,Friday
287,64,90000000,68559554,200859554,2013,percy jackson sea of monsters,"[12, 10751, 14]",15.762,5.9,3109.0,110859554,1.2317728222222222,0.34133080869033494,8,Wednesday
288,66,90000000,65075540,328325007,2016,now you see me 2,"[28, 35, 53]",25.805,6.8,6744.0,238325007,2.648055633333333,0.19820464056214884,6,Friday
289,70,90000000,58250803,273477501,2018,tomb raider,"[28, 12, 14]",24.968000000000004,6.3,4310.0,183477501,2.0386389,0.21300034842720023,3,Friday
290,76,90000000,21295021,63356133,2011,conan the barbarian,"[12, 14, 28]",17.046,5.2,1024.0,-26643867,-0.2960429666666667,0.336116173630736,8,Friday
291,77,90000000,20377913,139877913,2011,the three musketeers,"[12, 28, 53]",11.932,5.7,1596.0,49877913,0.5541990333333333,0.1456835647812389,10,Friday
292,78,90000000,8224288,10551417,2017,the promise,[],0.6,9.0,1.0,-79448583,-0.8827620333333334,0.77944867499787,4,Friday
293,78,90000000,8224288,10551417,2017,the promise,"[36, 10749, 18]",10.158,7.1,195.0,-79448583,-0.8827620333333334,0.77944867499787,4,Friday
294,78,90000000,8224288,10551417,2017,the promise,"[36, 10749, 18]",10.158,7.1,195.0,-79448583,-0.8827620333333334,0.77944867499787,4,Friday
297,84,88000000,51024708,159487563,2018,the predator,"[878, 28, 53, 12, 27]",29.473000000000003,5.2,2018.0,71487563,0.8123586704545455,0.31992907183615316,9,Friday
298,95,85000000,150947895,276014965,2014,divergent,"[28, 12, 878]",16.982,6.9,8279.0,191014965,2.247234882352941,0.5468830104918405,3,Friday
299,96,85000000,148313048,378505812,2012,hotel transylvania,"[16, 35, 10751, 14]",15.318,6.9,5013.0,293505812,3.4530095529411766,0.39183823153553055,9,Friday
300,97,85000000,139606856,362899733,2019,shazam,,,,,277899733,3.269408623529412,0.3846981502188099,4,Friday
301,99,85000000,126181630,208542162,2012,safe house,"[28, 53]",13.116,6.4,1997.0,123542162,1.4534372,0.6050653200766184,2,Friday
302,5,85000000,78046570,150422946,2011,tower heist,"[28, 35]",12.213,6.0,1592.0,65422946,0.7696817176470588,0.5188475034919207,11,Friday
303,7,85000000,64935167,173613482,2012,mirror mirror,"[12, 35, 18, 10751, 14]",13.220999999999998,5.8,2099.0,88613482,1.0425115529411764,0.3740214541633351,3,Friday
304,14,85000000,46462469,149717124,2011,arthur christmas,"[18, 16, 10751, 35]",12.981,6.7,692.0,64717124,0.7613779294117647,0.31033503555678776,11,Wednesday
305,15,85000000,44898413,345033359,2017,xxx return of xander cage,"[28, 12, 80]",21.749000000000002,5.6,2452.0,260033359,3.059215988235294,0.13012774512623285,1,Friday
306,25,84000000,174340174,386665550,2017,the greatest showman,[18],22.009,8.0,5197.0,302665550,3.6031613095238093,0.4508810624582407,12,Wednesday
307,25,84000000,174340174,386665550,2017,the greatest showman,[18],22.009,8.0,5197.0,302665550,3.6031613095238093,0.4508810624582407,12,Wednesday
308,28,84000000,53262560,141507355,2013,red 2,"[28, 35, 80, 53]",14.994000000000002,6.5,2368.0,57507355,0.6846113690476191,0.3763942870672694,7,Friday
310,38,80000000,408010692,677923379,2012,the hunger games,"[878, 12, 14]",14.212,7.1,14587.0,597923379,7.4740422375,0.60185369709753,3,Friday
311,39,80000000,254464305,586464305,2011,the hangover part ii,[35],32.266,6.4,6231.0,506464305,6.3308038125,0.433895640076509,5,Thursday
312,41,80000000,175750384,310660018,2017,the lego batman movie,"[28, 16, 35, 10751, 14]",19.352,7.2,2882.0,230660018,2.883250225,0.5657322275697544,2,Friday
313,42,80000000,169700110,469500298,2015,hotel transylvania 2,"[16, 35, 10751, 14]",16.553,6.7,3184.0,389500298,4.868753725,0.3614483541818753,9,Friday
314,48,80000000,133668525,247023808,2013,grown ups 2,[35],11.289000000000001,5.9,2090.0,167023808,2.0877976,0.5411159599644744,7,Friday
315,49,80000000,133107389,349088523,2011,alvin and the chipmunks chipwrecked,"[35, 14, 10751, 10402, 16]",12.672,5.5,1055.0,269088523,3.3636065375,0.3812998143167256,12,Friday
316,58,80000000,103028109,214974953,2011,just go with it,"[35, 10749]",19.565,6.4,2958.0,134974953,1.6871869125,0.47925633922571437,2,Friday
317,68,80000000,85817906,210315681,2014,fury,"[10752, 18, 28]",29.116999999999997,7.4,6653.0,130315681,1.6289460125,0.4080433070513653,10,Friday
318,69,80000000,83240103,213691277,2018,smallfoot,"[16, 10751, 12, 14]",26.230999999999998,6.6,600.0,133691277,1.6711409625,0.3895343982618439,9,Friday
319,71,80000000,80360866,170805525,2011,zookeeper,"[35, 10749, 10751]",10.764000000000001,5.3,886.0,90805525,1.1350690625,0.4704816545015157,7,Friday
320,81,80000000,63795655,113351496,2019,the secret life of pets 2,,,,,33351496,0.4168937,0.5628126425433326,6,Friday
321,93,80000000,36076121,123368842,2013,walking with dinosaurs,"[16, 10751, 12]",10.56,5.4,210.0,43368842,0.542110525,0.2924248976901315,12,Friday
322,96,80000000,27367660,130818912,2015,the last witch hunter,"[14, 28, 12, 878]",16.685,5.8,2193.0,50818912,0.6352364,0.20920262660493613,10,Friday
323,96,80000000,27367660,130818912,2015,the last witch hunter,"[14, 28, 12, 878]",16.685,5.8,2193.0,50818912,0.6352364,0.20920262660493613,10,Friday
324,97,80000000,23169033,108469033,2014,pompeii,"[28, 12, 36, 10749, 18]",25.215,5.4,2078.0,28469033,0.3558629125,0.21360043838502737,2,Friday
325,10,79000000,103860290,318146162,2012,journey 2 the mysterious island,"[12, 28, 878]",14.454,5.9,2152.0,239146162,3.027166607594937,0.3264546375385789,2,Friday
326,11,79000000,74158157,150519217,2011,jack and jill,[35],11.277000000000001,4.1,1124.0,71519217,0.9053065443037974,0.4926823197598749,11,Friday
327,13,78000000,119793567,274392649,2013,cloudy with a chance of meatballs 2,"[16, 10751, 35]",18.335,6.4,1679.0,196392649,2.517854474358974,0.4365771730276929,9,Friday
328,18,77600000,0,60680125,2012,astãrix et obãlix au service de sa majestã,,,,,-16919875,-0.2180396262886598,0.0,12,Monday
329,19,77500000,1311213,102028919,2016,the little prince,"[12, 16, 14, 10751]",8.512,7.6,1493.0,24528919,0.3165021806451613,0.012851385791904745,2,Friday
330,20,77500000,0,1521672,2019,renegades,"[53, 28]",9.022,5.8,156.0,-75978328,-0.9803655225806451,0.0,1,Tuesday
331,21,77000000,102084362,190453132,2018,the equalizer 2,"[53, 28, 80]",22.961,6.4,2089.0,113453132,1.4734172987012988,0.5360077879947913,7,Friday
332,22,76000000,368065385,975216835,2013,despicable me 2,"[16, 35, 10751]",19.014,6.9,7319.0,899216835,11.831800460526315,0.3774190229191439,7,Wednesday
333,26,75000000,368384330,886750534,2016,the secret life of pets,"[12, 35, 16, 10751]",9.908999999999999,6.1,5374.0,811750534,10.823340453333333,0.41543175433824997,7,Friday
334,28,75000000,270620950,511002426,2018,dr seussâ the grinch,,,,,436002426,5.81336568,0.5295883859463321,11,Friday
335,29,75000000,270329045,634454789,2016,sing,"[16, 35, 18, 10751]",17.572,6.9,4303.0,559454789,7.459397186666667,0.4260808645263453,12,Wednesday
336,29,75000000,270329045,634454789,2016,sing,"[16, 35, 18, 10751]",17.572,6.9,4303.0,559454789,7.459397186666667,0.4260808645263453,12,Wednesday
337,30,75000000,264624300,1034727750,2017,despicable me 3,"[28, 16, 35, 10751, 12]",16.407,6.3,4106.0,959727750,12.79637,0.255742923682099,6,Friday
338,41,75000000,117723989,342769200,2013,now you see me,"[53, 80]",16.646,7.4,9871.0,267769200,3.570256,0.3434497294389344,5,Friday
339,43,75000000,99215042,197504758,2018,christopher robin,"[12, 35, 10751, 14]",20.930999999999997,7.4,1280.0,122504758,1.6333967733333334,0.5023425410338722,8,Friday
340,45,75000000,83504017,211562435,2011,immortals,"[14, 28, 18]",14.774000000000001,5.8,1431.0,136562435,1.8208324666666666,0.3947015310161277,11,Friday
341,55,75000000,45445109,104949584,2015,the man from uncle,"[35, 28, 12]",18.956,7.1,3525.0,29949584,0.3993277866666667,0.4330184767573733,8,Friday
342,62,75000000,36392502,89758389,2011,sucker punch,"[28, 14, 53]",14.415999999999999,6.0,2716.0,14758389,0.19677852,0.40544958978708945,3,Friday
343,64,75000000,34343574,219519367,2016,inferno,"[9648, 53, 18]",17.41,5.9,3877.0,144519367,1.9269248933333334,0.15644894785069238,10,Friday
344,64,75000000,34343574,219519367,2016,inferno,"[9648, 53, 18]",17.41,5.9,3877.0,144519367,1.9269248933333334,0.15644894785069238,10,Friday
347,73,74000000,336045770,1160336173,2015,minions,"[10751, 16, 12, 35]",9.338,6.4,7343.0,1086336173,14.680218554054054,0.289610698881487,7,Friday
348,74,74000000,162994032,311013181,2015,the spongebob movie sponge out of water,"[12, 35, 10751, 14, 16]",13.815,5.7,1165.0,237013181,3.2028808243243243,0.5240743542634613,2,Friday
349,77,73000000,107509366,352327887,2016,the angry birds movie,"[16, 12, 35]",17.998,6.0,1851.0,279327887,3.826409410958904,0.3051400980927746,5,Friday
350,99,70000000,140218711,297115976,2018,oceanâs 8,,,,,227115976,3.244513942857143,0.47193258635139834,6,Friday
351,5,70000000,104029443,175807183,2017,daddyâs home 2,,,,,105807183,1.5115311857142857,0.5917246452893793,11,Friday
352,9,70000000,98927592,172878928,2013,olympus has fallen,"[28, 53]",13.864,6.2,4086.0,102878928,1.4696989714285715,0.572236264676514,3,Friday
353,10,70000000,83552429,213463976,2011,battle los angeles,"[28, 878]",12.720999999999998,5.6,2049.0,143463976,2.0494853714285712,0.3914123149284917,3,Friday
354,12,70000000,79883359,156815529,2011,war horse,"[18, 10752]",10.378,7.2,1849.0,86815529,1.2402218428571428,0.5094097472961368,12,Sunday
355,14,70000000,78031620,158702748,2014,the monuments men,"[10752, 18, 36, 28]",12.860999999999999,5.9,2229.0,88702748,1.2671821142857143,0.49168411374956156,2,Friday
356,15,70000000,72679278,183353431,2016,storks,"[12, 16, 35, 10751]",12.100999999999999,6.5,1308.0,113353431,1.6193347285714286,0.3963889718540364,9,Friday
357,19,70000000,62321039,160379930,2012,underworld awakening,"[14, 28, 27]",13.242,6.2,2588.0,90379930,1.2911418571428572,0.3885837772843522,1,Friday
358,20,70000000,59281555,122737201,2017,the lego ninjago movie,"[28, 16, 12, 10751]",14.607000000000001,6.3,424.0,52737201,0.7533885857142857,0.48299581966188065,9,Friday
359,21,70000000,55991880,220241723,2014,dracula untold,"[27, 28, 18, 14, 10752]",29.043000000000003,6.2,3719.0,150241723,2.1463103285714284,0.2542292134174777,10,Friday
360,25,70000000,48475290,70546865,2011,the dilemma,"[35, 18]",9.517999999999999,5.3,448.0,546865,0.007812357142857143,0.6871359910890441,1,Friday
361,29,70000000,38518613,61031932,2012,rock of ages,"[35, 18, 10402, 10749]",11.369000000000002,6.1,686.0,-8968068,-0.12811525714285715,0.6311222951290482,6,Friday
362,36,70000000,27569558,49252761,2016,the finest hours,"[28, 18, 36, 53]",12.673,6.4,943.0,-20747239,-0.2963891285714286,0.559756599229026,1,Friday
363,37,70000000,25135965,103735965,2013,escape plan,"[28, 53]",17.88,6.7,2799.0,33735965,0.48194235714285716,0.2423071400550426,10,Friday
364,38,70000000,25124986,65409046,2011,killer elite,"[28, 12, 53]",15.135,6.2,1093.0,-4590954,-0.06558505714285714,0.3841209669989683,9,Friday
365,42,70000000,18848538,58953319,2014,the legend of hercules,"[28, 12]",13.754000000000001,4.5,805.0,-11046681,-0.15780972857142858,0.31971970908033187,1,Friday
366,46,70000000,8462347,20107933,2014,legends of oz dorothyâs return,,,,,-49892067,-0.7127438142857143,0.42084619040654253,5,Friday
367,47,70000000,8005980,19665004,2015,blackhat,"[80, 53, 28]",16.824,5.3,1165.0,-50334996,-0.7190713714285715,0.40711814754779607,1,Friday
368,52,69000000,46874505,145951861,2018,red sparrow,"[9648, 53]",18.117,6.5,3406.0,76951861,1.1152443623188406,0.32116414740336885,3,Friday
369,55,68000000,81476385,217214143,2015,ted 2,[35],17.684,6.1,4227.0,149214143,2.194325632352941,0.37509705341792593,6,Friday
370,57,68000000,45060734,87173475,2011,hall pass,"[35, 10749]",9.984,5.5,1009.0,19173475,0.2819628676470588,0.5169087729954553,2,Friday
371,62,68000000,24449754,54462971,2017,downsizing,"[35, 18, 878]",10.682,5.1,1887.0,-13537029,-0.19907395588235294,0.448924352657882,12,Friday
372,62,68000000,24449754,54462971,2017,downsizing,"[35, 18, 878]",10.682,5.1,1887.0,-13537029,-0.19907395588235294,0.448924352657882,12,Friday
373,63,67500000,214030500,350976753,2012,doctor seuss the lorax,,,,,283476753,4.1996556,0.6098138927167065,3,Friday
374,65,67500000,37519139,137489730,2012,abraham lincoln vampire hunter,"[28, 14, 27]",12.498,5.6,2009.0,69989730,1.0368848888888889,0.27288684762127324,6,Friday
375,70,66000000,43568507,194169619,2014,need for speed,"[28, 80, 18, 53]",13.722999999999999,6.1,2389.0,128169619,1.9419639242424243,0.22438374872641637,3,Friday
376,73,65000000,182207973,273346281,2012,lincoln,"[36, 18]",12.693,6.8,2261.0,208346281,3.2053274,0.6665829596562172,11,Friday
377,77,65000000,167500092,527079962,2018,hotel transylvania 3 summer vacation,"[10751, 14, 35, 16]",26.815,6.8,1673.0,462079962,7.108922492307692,0.317788768452556,7,Friday
378,78,65000000,148809770,442169052,2012,les miserables,,,,,377169052,5.8026008,0.33654496923045624,12,Tuesday
379,82,65000000,115637895,163527824,2014,unbroken,"[18, 10752]",12.354000000000001,7.4,2240.0,98527824,1.5158126769230769,0.7071450727553251,12,Thursday
380,83,65000000,110825712,232585748,2015,spy,"[28, 80, 18, 9648, 53]",1.4,7.0,1.0,167585748,2.578242276923077,0.47649399394841685,6,Friday
381,83,65000000,110825712,232585748,2015,spy,"[28, 35, 80]",12.54,6.8,3917.0,167585748,2.578242276923077,0.47649399394841685,6,Friday
382,89,65000000,85911262,139829625,2014,annie,"[35, 18, 10751]",13.422,6.1,770.0,74829625,1.151225,0.6143995737670039,12,Friday
383,91,65000000,76233151,137768975,2016,peteâs dragon,,,,,72768975,1.1195226923076924,0.5533404817739263,8,Friday
384,96,65000000,59650222,180148897,2012,the dictator,[35],12.592,6.0,3042.0,115148897,1.7715214923076923,0.33111622104463956,5,Wednesday
385,98,65000000,54760791,156974557,2012,this means war,"[28, 35, 10749]",12.017000000000001,6.0,2096.0,91974557,1.4149931846153847,0.3488513810553388,2,Friday
386,99,65000000,53862963,168065700,2015,focus,"[10749, 35, 80, 18]",10.704,6.8,4173.0,103065700,1.5856261538461538,0.32048754147931435,2,Friday
387,1,65000000,44806783,48164150,2012,red dawn,"[10752, 28, 53, 878]",13.904000000000002,5.4,849.0,-16835850,-0.2590130769230769,0.930293236774655,11,Wednesday
388,3,65000000,43482270,221297061,2015,everest,"[12, 18]",19.9,6.7,2874.0,156297061,2.404570169230769,0.19648823985059613,9,Friday
389,3,65000000,43482270,221297061,2015,everest,"[12, 18]",19.9,6.7,2874.0,156297061,2.404570169230769,0.19648823985059613,9,Friday
390,4,65000000,42345531,240647629,2012,resident evil retribution,"[28, 27, 878]",1.325,5.7,2321.0,175647629,2.7022712153846156,0.17596487933816293,9,Friday
391,14,65000000,19075290,74575290,2014,i frankenstein,"[27, 53]",12.7,5.2,1090.0,9575290,0.14731215384615384,0.25578566305273504,1,Friday
392,16,65000000,13757804,40650842,2014,sin city a dame to kill for,"[80, 53]",20.896,6.3,2210.0,-24349158,-0.3746024307692308,0.3384383526422405,8,Friday
393,17,65000000,10378555,21774432,2016,live by night,"[80, 18, 53]",11.322000000000001,6.2,759.0,-43225568,-0.6650087384615384,0.4766395284157125,12,Sunday
394,17,65000000,10378555,21774432,2016,live by night,"[80, 18, 53]",11.322000000000001,6.2,759.0,-43225568,-0.6650087384615384,0.4766395284157125,12,Sunday
395,20,65000000,74070,122519874,2015,tian jiang xiong shi,,,,,57519874,0.8849211384615384,0.0006045549801985595,9,Friday
396,21,65000000,0,516279,2018,air strike,"[18, 10752, 28, 12]",6.971,3.9,56.0,-64483721,-0.9920572461538462,0.0,10,Friday
397,27,63000000,108085305,188657593,2011,hop,"[16, 35, 10751]",14.738,5.6,611.0,125657593,1.9945649682539683,0.5729178628924837,4,Friday
398,28,63000000,36249674,68310140,2017,american assassin,"[28, 53]",15.434000000000001,6.3,1596.0,5310140,0.0842879365079365,0.5306631489849091,9,Friday
399,33,62000000,54117416,147864886,2015,the hateful eight,"[80, 18, 9648, 37]",20.680999999999997,7.7,8065.0,85864886,1.3849175161290324,0.36599234249570245,12,Friday
400,33,62000000,54117416,147864886,2015,the hateful eight,"[80, 18, 9648, 37]",20.680999999999997,7.7,8065.0,85864886,1.3849175161290324,0.36599234249570245,12,Friday
401,36,61000000,167767189,368567189,2014,gone girl,"[9648, 53, 18]",31.215,7.9,10459.0,307567189,5.042085065573771,0.45518753162805276,10,Friday
402,38,61000000,81697192,310566162,2015,maze runner the scorch trials,"[28, 878, 53]",17.31,6.6,6365.0,249566162,4.09124855737705,0.2630588969315981,9,Friday
403,39,61000000,75612460,132493015,2013,2 guns,"[28, 35, 80]",14.8,6.5,2368.0,71493015,1.1720166393442624,0.5706901605341232,8,Friday
404,40,61000000,58032443,265878536,2018,maze runner the death cure,"[28, 878]",23.166,7.0,3894.0,204878536,3.358664524590164,0.21826674643642538,1,Friday
405,41,61000000,41952715,81149689,2019,a dogâs way home,,,,,20149689,0.33032277049180325,0.5169793688303599,1,Friday
406,42,60720000,3229457,554516671,2016,mei ren yu,,,,,493796671,8.13235624176548,0.005823913272392851,2,Friday
407,44,60000000,257784718,457729388,2014,the lego movie,"[12, 16, 35, 10751, 14]",19.375,7.4,4839.0,397729388,6.628823133333333,0.5631814883601051,2,Friday
408,50,60000000,125070033,238524556,2016,sully,"[18, 36]",18.148,7.1,3924.0,178524556,2.9754092666666665,0.5243486670613486,9,Friday
409,68,60000000,80070736,217370736,2012,jack reacher,"[80, 18, 53, 28]",18.312,6.4,4155.0,157370736,2.6228456,0.3683602377828817,12,Friday
410,71,60000000,75658097,137551594,2011,contagion,"[18, 53, 878]",10.444,6.3,2128.0,77551594,1.2925265666666668,0.5500343165779671,9,Friday
411,80,60000000,62524260,195194085,2016,london has fallen,"[28, 53]",15.287,5.9,2591.0,135194085,2.25323475,0.3203184153864089,3,Friday
412,85,60000000,58697076,159946489,2016,jack reacher never go back,"[28, 53]",17.085,5.6,2831.0,99946489,1.6657748166666666,0.3669794589864364,10,Friday
413,85,60000000,58697076,159946489,2016,jack reacher never go back,"[28, 53]",17.085,5.6,2831.0,99946489,1.6657748166666666,0.3669794589864364,10,Friday
414,86,60000000,58060186,175863783,2017,baywatch,"[28, 35]",14.429,6.1,4748.0,115863783,1.93106305,0.3301429379578398,5,Thursday
415,88,60000000,56451232,101134059,2015,joy,"[18, 35]",10.305,6.5,2723.0,41134059,0.68556765,0.5581822044737669,12,Friday
416,89,60000000,56003051,108119662,2012,paranorman,"[10751, 16, 12, 35]",13.32,6.8,1358.0,48119662,0.8019943666666667,0.5179728641771004,8,Friday
417,94,60000000,50837305,111946251,2014,the boxtrolls,"[16, 35, 10751, 14]",11.219000000000001,6.7,1016.0,51946251,0.86577085,0.45412244309994804,9,Friday
418,95,60000000,50701325,113461527,2017,the dark tower,"[28, 14, 878, 37, 27]",15.517000000000001,5.6,2842.0,53461527,0.89102545,0.4468591807335715,8,Friday
419,97,60000000,50577412,131377412,2014,jack ryan shadow recruit,"[28, 18, 53]",11.061,6.1,1687.0,71377412,1.1896235333333334,0.38497798997593285,1,Friday
420,100,60000000,47836282,70883171,2018,vice,"[53, 878, 28, 12]",14.640999999999998,4.3,312.0,10883171,0.18138618333333334,0.6748609200906094,12,Tuesday
421,100,60000000,47836282,70883171,2018,vice,"[18, 36, 35]",20.125,7.1,1213.0,10883171,0.18138618333333334,0.6748609200906094,12,Tuesday
422,4,60000000,46000903,104100903,2013,gangster squad,"[80, 18, 28, 53]",13.029000000000002,6.3,2527.0,44100903,0.73501505,0.4418876462579772,1,Friday
423,5,60000000,45020282,197578586,2017,smurfs the lost village,"[12, 16, 35, 10751]",15.663,6.2,736.0,137578586,2.292976433333333,0.22786012852627663,4,Friday
424,6,60000000,44936545,105203825,2018,first man,"[36, 18]",22.958000000000002,7.1,2304.0,45203825,0.7533970833333333,0.42713793913861975,10,Friday
425,18,60000000,35763137,47818913,2012,trouble with the curve,"[18, 10749]",8.548,6.7,613.0,-12181087,-0.20301811666666666,0.7478868664371354,9,Friday
426,23,60000000,32138862,62599159,2019,cold pursuit,,,,,2599159,0.04331931666666667,0.5134072488098442,2,Friday
427,26,60000000,31165421,75965567,2013,the mortal instruments city of bones,"[28, 12, 18, 9648, 10749, 14]",16.484,6.3,2915.0,15965567,0.26609278333333336,0.410257202450684,8,Wednesday
428,29,60000000,29136626,84154026,2011,priest,"[14, 27]",15.318,5.5,1157.0,24154026,0.4025671,0.3462297335602221,5,Friday
429,43,60000000,12600231,29575033,2014,winterâs tale,,,,,-30424967,-0.5070827833333333,0.4260428382277714,2,Friday
430,47,60000000,9420546,24148488,2017,rock dog,"[12, 16, 35, 10751, 10402]",10.362,5.7,123.0,-35851512,-0.5975252,0.3901091447216074,2,Friday
431,48,60000000,7696134,30396134,2015,mortdecai,"[35, 12]",13.263,5.4,1666.0,-29603866,-0.4933977666666667,0.2531945016428734,1,Friday
432,51,60000000,709982,194058503,2016,xi you ji zhi sun wu kong san da bai gu jing,,,,,134058503,2.2343083833333335,0.003658597737404993,2,Friday
435,54,59000000,43242871,87527651,2018,sherlock gnomes,"[10749, 16, 35, 10751, 14, 9648, 12]",12.987,5.4,343.0,28527651,0.48351950847457625,0.49404811514934865,3,Friday
436,55,59000000,16790790,28348446,2019,the kid who would be king,,,,,-30651554,-0.5195178644067796,0.5923001916930473,1,Friday
437,56,58000000,363070709,801025593,2016,deadpool,"[28, 12, 35]",35.067,7.6,20175.0,743025593,12.810786086206896,0.4532573143390189,2,Friday
438,57,58000000,350126372,547326372,2014,american sniper,"[10752, 28]",18.473,7.4,7658.0,489326372,8.436661586206897,0.6397030910836505,12,Thursday
439,57,58000000,350126372,547326372,2014,american sniper,"[10752, 28]",18.473,7.4,7658.0,489326372,8.436661586206897,0.6397030910836505,12,Thursday
440,58,58000000,80069458,158905324,2015,goosebumps,"[12, 27, 35]",18.957,6.2,2147.0,100905324,1.7397469655172413,0.5038815313702139,10,Friday
441,58,58000000,80069458,158905324,2015,goosebumps,"[12, 27, 35]",18.957,6.2,2147.0,100905324,1.7397469655172413,0.5038815313702139,10,Friday
442,61,58000000,49876377,50365498,2012,red tails,"[18, 28, 12, 36, 10752]",10.247,6.0,256.0,-7634502,-0.1316293448275862,0.9902885701636466,1,Friday
443,63,58000000,44672764,93672764,2013,the internship,[35],0.6,6.2,2631.0,35672764,0.6150476551724138,0.4769023790095486,6,Friday
444,66,58000000,30234022,100929666,2017,life,[18],6.425,6.1,210.0,42929666,0.7401666551724138,0.2995553557068147,3,Friday
445,66,58000000,30234022,100929666,2017,life,"[27, 878, 53]",17.021,6.4,4180.0,42929666,0.7401666551724138,0.2995553557068147,3,Friday
446,71,57500000,36931089,58085235,2012,thats my boy,[35],12.817,5.5,831.0,585235,0.010178,0.6358085492810694,6,Friday
447,73,57000000,51774002,149217355,2012,ghost rider spirit of vengeance,"[28, 14, 53]",18.678,4.8,2039.0,92217355,1.6178483333333333,0.34697037754086985,2,Friday
448,77,56200000,128002372,213116401,2014,into the woods,[53],1.2009999999999998,2.7,3.0,156916401,2.7921067793594307,0.6006218733019989,12,Thursday
449,77,56200000,128002372,213116401,2014,into the woods,"[14, 35]",13.725999999999999,5.7,2880.0,156916401,2.7921067793594307,0.6006218733019989,12,Thursday
450,81,56000000,32766,359495591,2016,zhuo yao ji,,,,,303495591,5.419564125,9.11443723380741e-05,1,Friday
451,84,55000000,216303339,894985342,2018,bohemian rhapsody,"[18, 10402]",37.196999999999996,8.1,7629.0,839985342,15.272460763636364,0.24168366659126803,11,Friday
452,91,55000000,114434010,381398492,2017,fifty shades darker,"[18, 10749]",12.083,6.1,4489.0,326398492,5.934518036363636,0.300037919394815,2,Friday
453,92,55000000,107136417,220648184,2013,captain phillips,"[28, 18, 53]",15.482999999999999,7.6,3909.0,165648184,3.0117851636363637,0.4855531328551519,10,Friday
454,95,55000000,102826543,345922730,2017,murder on the orient express,"[80, 18, 9648]",15.937000000000001,6.7,5406.0,290922730,5.289504181818182,0.2972529240850984,11,Friday
455,95,55000000,102826543,345922730,2017,murder on the orient express,"[80, 18, 9648]",15.937000000000001,6.7,5406.0,290922730,5.289504181818182,0.2972529240850984,11,Friday
456,96,55000000,101530738,192903624,2014,the equalizer,"[53, 28, 80]",28.941999999999997,7.2,4989.0,137903624,2.507338618181818,0.5263288262536737,9,Friday
457,97,55000000,100407760,371350619,2018,fifty shades freed,"[18, 10749]",22.511999999999997,6.1,3535.0,316350619,5.751829436363637,0.27038533090475336,2,Friday
458,5,55000000,76223578,258789097,2015,paddington,"[35, 12, 10751]",13.565,7.0,1904.0,203789097,3.705256309090909,0.2945393715717475,1,Friday
459,9,55000000,68224452,189624452,2011,mr popperss penguins,,,,,134624452,2.4477173090909092,0.3597872071899251,6,Friday
460,16,55000000,55750480,110387072,2013,free birds,"[16, 35, 10751]",11.062000000000001,5.8,410.0,55387072,1.0070376727272727,0.5050453734292364,11,Friday
461,20,55000000,51178893,79312301,2014,muppets most wanted,"[35, 12, 80, 10751]",9.118,6.2,473.0,24312301,0.44204183636363636,0.6452831698830677,3,Friday
462,22,55000000,48023088,77548122,2016,kubo and the two strings,"[16, 12, 10751]",13.847000000000001,7.7,2029.0,22548122,0.40996585454545453,0.6192682267663426,8,Friday
463,27,55000000,34353000,67130045,2012,the watch,"[28, 35, 878]",10.228,5.4,1356.0,12130045,0.22054627272727273,0.5117380749558562,7,Friday
464,32,55000000,32732301,43070915,2018,annihilation,[878],25.197,6.3,4465.0,-11929085,-0.21689245454545455,0.7599629819798349,2,Friday
465,33,55000000,31090320,74966854,2015,crimson peak,"[18, 14, 27, 9648, 10749, 53]",9.897,6.5,2986.0,19966854,0.3630337090909091,0.4147208845125074,10,Friday
466,33,55000000,31090320,74966854,2015,crimson peak,"[18, 14, 27, 9648, 10749, 53]",9.897,6.5,2986.0,19966854,0.3630337090909091,0.4147208845125074,10,Friday
467,34,55000000,31051126,136143605,2012,the pirates band of misfits,,,,,81143605,1.4753382727272728,0.22807627284439838,4,Friday
468,42,55000000,9489829,22597969,2013,bullet to the head,"[28, 80, 53]",17.574,5.4,681.0,-32402031,-0.5891278363636364,0.4199416770595623,2,Friday
469,59,53000000,62575678,98837872,2015,black mass,"[18, 80]",14.645999999999999,6.4,2020.0,45837872,0.8648655094339622,0.6331143794759159,9,Friday
470,59,53000000,62575678,98837872,2015,black mass,[27],0.9590000000000001,10.0,1.0,45837872,0.8648655094339622,0.6331143794759159,9,Friday
471,66,52500000,95720716,134612435,2012,zero dark thirty,"[53, 18, 36]",14.239,6.9,2553.0,82112435,1.564046380952381,0.7110837568609467,12,Wednesday
472,72,52000000,37243418,75997067,2011,the changeup,[35],12.122,6.0,1406.0,23997067,0.4614820576923077,0.49006388628129555,8,Friday
473,79,51000000,35851379,99624873,2018,alpha,[],0.84,7.0,1.0,48624873,0.9534288823529412,0.3598637360370838,8,Friday
474,79,51000000,35851379,99624873,2018,alpha,"[12, 18]",24.535999999999998,5.9,1167.0,48624873,0.9534288823529412,0.3598637360370838,8,Friday
475,81,50200000,62495645,126931325,2011,the adjustment bureau,"[878, 53, 10749]",13.717,6.6,2615.0,76731325,1.5285124501992031,0.4923579344972567,3,Friday
476,84,50000000,218665740,556016627,2012,ted,"[35, 14]",14.475,6.3,7727.0,506016627,10.12033254,0.3932719443657932,6,Friday
477,85,50000000,191719337,331333876,2014,22 jump street,"[80, 35, 28]",11.175999999999998,6.9,5167.0,281333876,5.62667752,0.5786288420445123,6,Friday
478,88,50000000,150357137,242757137,2015,daddyâs home,,,,,192757137,3.85514274,0.6193726736857998,12,Friday
479,91,50000000,127440871,217194805,2016,central intelligence,"[28, 35, 9648]",14.478,6.3,3133.0,167194805,3.3438961,0.5867583757355522,6,Friday
480,92,50000000,127352707,172185754,2013,anchorman 2 the legend continues,[35],12.08,6.1,1408.0,122185754,2.44371508,0.7396239470542958,12,Wednesday
481,93,50000000,127004179,257972745,2011,super 8,"[53, 878, 9648]",14.39,6.7,3934.0,207972745,4.1594549,0.4923162677514634,6,Friday
482,96,50000000,115715889,213591522,2018,creed ii,[18],26.906999999999996,6.7,2236.0,163591522,3.27183044,0.5417625564745028,11,Wednesday
483,97,50000000,115234093,347136477,2018,peter rabbit,"[16, 12, 10751]",15.974,6.5,650.0,297136477,5.94272954,0.33195616316633875,2,Friday
484,100,50000000,103804407,170857676,2018,the mule,"[80, 35]",6.1610000000000005,6.4,77.0,120857676,2.41715352,0.607548981293647,12,Friday
485,100,50000000,103804407,170857676,2018,the mule,"[80, 18, 53]",33.83,6.5,1584.0,120857676,2.41715352,0.607548981293647,12,Friday
486,2,50000000,91742160,222383055,2014,nonstop,"[10770, 18, 9648, 53]",2.2640000000000002,5.6,23.0,172383055,3.4476611,0.4125411443781092,2,Friday
487,2,50000000,91742160,222383055,2014,nonstop,"[28, 53, 9648]",13.562000000000001,6.8,3330.0,172383055,3.4476611,0.4125411443781092,2,Friday
488,4,50000000,90282580,238059569,2013,disney planes,,,,,188059569,3.76119138,0.3792436505671402,8,Friday
489,7,50000000,86089513,216562312,2017,the emoji movie,"[16, 10751, 35]",14.88,5.4,1447.0,166562312,3.33124624,0.39752767785375326,7,Friday
490,8,50000000,84351197,147142328,2011,crazy stupid love,"[35, 18, 10749]",13.277000000000001,7.2,4585.0,97142328,1.94284656,0.5732626236551048,7,Friday
491,9,50000000,81903458,179748880,2017,the post,"[18, 36]",15.550999999999998,7.0,2506.0,129748880,2.5949776,0.4556549003253873,12,Friday
492,9,50000000,81903458,179748880,2017,the post,"[18, 36]",15.550999999999998,7.0,2506.0,129748880,2.5949776,0.4556549003253873,12,Friday
493,14,50000000,75624550,118729073,2011,we bought a zoo,"[18, 35, 10751]",9.931000000000001,6.7,1523.0,68729073,1.37458146,0.636950563911166,12,Friday
494,15,50000000,75605492,111300835,2011,moneyball,[18],15.392999999999999,7.1,2255.0,61300835,1.2260167,0.6792895309365828,9,Friday
495,24,50000000,59157732,156399644,2014,planes fire and rescue,,,,,106399644,2.12799288,0.3782472292583991,7,Friday
496,26,50000000,56758835,236799211,2012,american reunion,[35],17.199,6.2,2679.0,186799211,3.73598422,0.2396918248177778,4,Friday
497,27,50000000,55703475,214949716,2013,hansel  gretel witch hunters,"[14, 27, 28]",15.982000000000001,5.9,4548.0,164949716,3.29899432,0.259146539184076,1,Friday
498,28,50000000,55100437,146195159,2011,i am number four,"[28, 53, 878, 12]",11.555,6.0,2805.0,96195159,1.92390318,0.37689645386958404,2,Friday
499,30,50000000,52853219,69411370,2016,13 hours the secret soldiers of benghazi,"[28, 18, 36, 53, 10752]",21.486,7.0,1573.0,19411370,0.3882274,0.7614490104431018,1,Friday
500,32,50000000,51342000,135569212,2017,american made,"[28, 80]",16.748,6.7,2188.0,85569212,1.71138424,0.37871430572304277,9,Friday
501,32,50000000,51342000,135569212,2017,american made,"[28, 80]",16.748,6.7,2188.0,85569212,1.71138424,0.37871430572304277,9,Friday
502,35,50000000,50151543,97651543,2014,the book of life,"[10749, 16, 12, 35, 10751, 14]",11.392000000000001,7.4,1228.0,47651543,0.95303086,0.5135765545455846,10,Friday
503,40,50000000,47602194,150429371,2014,into the storm,"[28, 53]",8.884,5.8,1169.0,100429371,2.00858742,0.31644215277613574,8,Friday
504,41,50000000,47119388,76119388,2014,the judge,[18],16.464000000000002,7.3,2356.0,26119388,0.52238776,0.6190195328422766,10,Friday
505,41,50000000,47119388,76119388,2014,the judge,"[99, 99]",0.6,7.5,2.0,26119388,0.52238776,0.6190195328422766,10,Friday
506,45,50000000,43034523,86234503,2016,war dogs,"[35, 80, 18]",10.654000000000002,6.8,2387.0,36234503,0.72469006,0.49904065661513697,8,Friday
507,56,50000000,36261763,59596747,2016,the nice guys,"[35, 80, 9648]",13.743,7.1,4272.0,9596747,0.19193494,0.6084520519215587,5,Friday
508,64,50000000,28848693,55348693,2016,zoolander 2,[35],12.997,4.7,1374.0,5348693,0.10697386,0.5212172399445819,2,Friday
509,68,50000000,26623701,64477051,2013,the host,"[28, 12, 10749, 878, 53]",11.458,6.2,2788.0,14477051,0.28954102,0.41291747353643704,3,Friday
510,70,50000000,26461644,66961644,2015,run all night,"[28, 18, 53]",17.592,6.4,1684.0,16961644,0.33923288,0.3951761399406502,3,Friday
511,77,50000000,21903748,40725492,2019,hellboy,,,,,-9274508,-0.18549016,0.5378387571106569,4,Friday
512,78,50000000,21596445,26121638,2011,your highness,"[14, 18, 28, 35, 878]",0.6,3.0,4.0,-23878362,-0.47756724,0.8267645773209169,4,Friday
513,78,50000000,21596445,26121638,2011,your highness,"[35, 12, 14]",12.254000000000001,5.3,735.0,-23878362,-0.47756724,0.8267645773209169,4,Friday
514,79,50000000,21587519,35380918,2016,snowden,"[18, 36, 80, 53]",13.703,7.1,2427.0,-14619082,-0.29238164,0.6101458136275605,9,Friday
515,80,50000000,21302340,41642166,2011,dream house,"[18, 53, 9648]",9.047,6.0,670.0,-8357834,-0.16715668,0.5115569636795549,9,Friday
516,81,50000000,20810036,23237252,2016,free state of jones,"[28, 18, 36, 10752]",8.574,6.6,787.0,-26762748,-0.53525496,0.8955463408495978,6,Friday
517,85,50000000,19452138,60282876,2013,beautiful creatures,"[14, 18, 10749]",11.198,5.7,1826.0,10282876,0.20565752,0.32268098821297114,2,Thursday
518,91,50000000,10721033,41042583,2011,drive angry,"[14, 53, 28, 80]",14.095999999999998,5.3,959.0,-8957417,-0.17914834,0.26121730691267653,2,Friday
519,98,50000000,8267544,45285890,2018,early man,"[10751, 35, 16, 12]",16.675,5.9,338.0,-4714110,-0.0942822,0.18256335472262994,2,Friday
520,2,50000000,1224330,8004221,2015,child 44,"[80, 53]",26.386,6.2,903.0,-41995779,-0.83991558,0.15296054419287022,4,Friday
521,4,50000000,102118,26387039,2013,upside down,"[10749, 878, 18, 14]",12.454,6.2,1645.0,-23612961,-0.47225922,0.0038700060283383825,3,Friday
522,5,50000000,46425,15505922,2015,shanghai,"[18, 9648, 10749]",6.824,6.1,80.0,-34494078,-0.68988156,0.0029940173825200463,10,Friday
527,11,49000000,31569268,105002056,2015,chappie,"[80, 28, 878]",24.52,6.7,4995.0,56002056,1.1428991020408164,0.3006538081501947,3,Friday
528,13,49000000,12816367,71004627,2012,anna karenina,"[18, 10749]",9.987,6.7,1265.0,22004627,0.44907402040816324,0.18050044823135258,11,Friday
529,18,48000000,89256424,327656424,2015,taken 3,"[53, 28]",27.679000000000002,6.1,3406.0,279656424,5.8261755,0.2724085885769174,1,Friday
530,20,48000000,67363237,119736188,2018,instant family,"[35, 18]",22.634,7.6,782.0,71736188,1.4945039166666667,0.5625971406405555,11,Friday
531,32,47500000,15436808,20718104,2016,the infiltrator,"[80, 18, 53]",9.588,6.6,943.0,-26781896,-0.5638293894736842,0.745087870975066,7,Wednesday
532,34,47000000,100546139,203127894,2016,arrival,"[18, 878, 9648]",25.441999999999997,7.4,10387.0,156127894,3.321870085106383,0.49498932431210063,11,Friday
533,34,47000000,100546139,203127894,2016,arrival,"[18, 878, 9648]",25.441999999999997,7.4,10387.0,156127894,3.321870085106383,0.49498932431210063,11,Friday
534,42,46500000,7100177,23726626,2016,silence,"[18, 36]",10.617,7.1,1560.0,-22773374,-0.48974997849462365,0.2992493327959905,12,Friday
535,42,46500000,7100177,23726626,2016,silence,"[18, 36]",10.617,7.1,1560.0,-22773374,-0.48974997849462365,0.2992493327959905,12,Friday
536,43,46500000,3622,22254,2013,mr nobody,"[878, 18, 10749, 14]",17.242,7.9,3279.0,-46477746,-0.9995214193548387,0.1627572571223151,11,Friday
537,48,46000000,61002302,113402302,2013,prisoners,"[18, 53, 80]",14.357999999999999,8.0,5785.0,67402302,1.4652674347826087,0.5379282512272106,9,Friday
538,54,45000000,139854287,377807404,2012,taken 2,"[28, 80, 53]",16.078,6.2,4035.0,332807404,7.395720088888889,0.3701734945353268,10,Friday
539,58,45000000,104897530,185736412,2017,pitch perfect 3,"[35, 10402]",14.89,6.5,1884.0,140736412,3.1274758222222223,0.5647655668076543,12,Friday
540,58,45000000,104897530,185736412,2017,pitch perfect 3,"[35, 10402]",14.89,6.5,1884.0,140736412,3.1274758222222223,0.5647655668076543,12,Friday
541,64,45000000,88625922,160971922,2011,the muppets,"[35, 10751, 10402]",11.324000000000002,6.6,831.0,115971922,2.5771538222222223,0.5505675828359681,11,Wednesday
542,68,45000000,75395035,174278214,2016,the girl on the train,[53],1.595,5.9,25.0,129278214,2.8728492,0.4326130803704472,10,Friday
543,68,45000000,75395035,174278214,2016,the girl on the train,"[80, 18, 9648, 10749, 53]",11.927,6.3,3479.0,129278214,2.8728492,0.4326130803704472,10,Friday
544,68,45000000,75395035,174278214,2016,the girl on the train,"[80, 18, 9648, 10749, 53]",11.927,6.3,3479.0,129278214,2.8728492,0.4326130803704472,10,Friday
545,81,45000000,54767494,91323299,2016,office christmas party,[35],10.729000000000001,5.6,1191.0,46323299,1.0294066444444445,0.5997099820057968,12,Friday
546,88,45000000,47323100,82513490,2012,savages,"[80, 18, 53]",7.504,6.3,1246.0,37513490,0.8336331111111112,0.573519554196532,7,Friday
547,90,45000000,46290741,127990741,2014,blended,[35],10.613,6.7,1709.0,82990741,1.8442386888888889,0.3616725759873521,5,Friday
548,91,45000000,44922302,54876855,2017,all eyez on me,"[18, 10402]",7.249,6.4,695.0,9876855,0.21948566666666666,0.8186019770994529,6,Friday
549,6,45000000,19894664,24644664,2019,uglydolls,,,,,-20355336,-0.4523408,0.8072605088062876,5,Friday
550,15,45000000,13414714,41467606,2012,dredd,"[28, 878]",13.222999999999999,6.7,2788.0,-3532394,-0.07849764444444444,0.32349863650194804,9,Friday
551,16,45000000,13109815,21544732,2011,the rum diary,"[18, 35]",12.011,5.7,652.0,-23455268,-0.5212281777777777,0.6084928324938087,10,Friday
552,18,45000000,10763520,12874922,2018,welcome to marwen,"[18, 35, 14]",22.031999999999996,6.6,286.0,-32125078,-0.7138906222222222,0.8360066181371817,12,Friday
553,19,45000000,8406711,164640401,2011,johnny english reborn,"[80, 12, 28, 35, 53]",15.542,6.1,1810.0,119640401,2.6586755777777777,0.051061045459917215,10,Friday
554,26,45000000,0,73706,2012,foodfight,"[16, 28, 35, 10751]",4.705,2.1,46.0,-44926294,-0.9983620888888889,0.0,12,Monday
555,27,44500000,136025503,227140757,2012,argo,"[18, 53]",15.793,7.2,5127.0,182640757,4.104286674157303,0.5988599527296635,10,Friday
556,33,44000000,6105175,12342632,2014,the interview,"[28, 35]",15.501,6.2,3579.0,-31657368,-0.7194856363636364,0.4946412564192143,2,Thursday
557,35,43000000,159581587,229727774,2013,the heat,"[28, 35, 80]",16.912,6.6,2441.0,186727774,4.342506372093023,0.6946551747809127,6,Friday
558,40,43000000,14828555,34983342,2018,the girl in the spiderâs web,,,,,-8016658,-0.1864339069767442,0.4238747401549,11,Friday
559,41,43000000,3740823,46414530,2017,a monster calls,"[18, 14]",11.128,7.1,1918.0,3414530,0.07940767441860465,0.08059594700194099,1,Friday
560,41,43000000,3740823,46414530,2017,a monster calls,"[18, 14]",11.128,7.1,1918.0,3414530,0.07940767441860465,0.08059594700194099,1,Friday
561,42,42500000,29121498,76347393,2011,the mechanic,"[28, 53, 80]",14.387,6.3,1676.0,33847393,0.7964092470588235,0.3814340851166981,1,Friday
562,44,42000000,138447667,202812429,2012,21 jump street,"[28, 35, 80]",14.835999999999999,6.8,6527.0,160812429,3.8288673571428573,0.6826389668652901,3,Friday
563,51,42000000,45852178,57852177,2017,snatched,[],0.6,1.0,2.0,15852177,0.37743278571428573,0.792574806649022,5,Friday
564,51,42000000,45852178,57852177,2017,snatched,[35],0.725,3.5,2.0,15852177,0.37743278571428573,0.792574806649022,5,Friday
565,51,42000000,45852178,57852177,2017,snatched,"[28, 35]",10.92,5.3,495.0,15852177,0.37743278571428573,0.792574806649022,5,Friday
566,52,42000000,45290318,73239258,2012,here comes the boom,"[28, 35]",10.265,6.0,812.0,31239258,0.7437918571428571,0.6183885423852874,10,Friday
567,55,42000000,37662162,91678442,2011,red riding hood,"[14, 53, 27]",11.856,5.9,1884.0,49678442,1.1828200476190476,0.41080717754780344,3,Friday
568,58,42000000,30568743,41926605,2018,holmes  watson,"[9648, 12, 35, 80]",19.331,4.1,217.0,-73395,-0.0017475,0.7291013188403879,12,Tuesday
569,59,42000000,26414527,36197221,2012,one for the money,"[28, 35, 80]",8.62,5.5,615.0,-5802779,-0.13816140476190475,0.7297390868763102,1,Friday
570,64,42000000,18620000,49621440,2012,man on a ledge,"[28, 53, 80]",11.263,6.3,1460.0,7621440,0.18146285714285715,0.3752410248473241,1,Friday
571,69,42000000,0,15451663,2015,pourquoi jai pas mangã mon pãre,,,,,-26548337,-0.632103261904762,0.0,12,Thursday
572,71,41000000,57342725,108642725,2019,rocketman,,,,,67642725,1.6498225609756099,0.5278100765605797,5,Friday
573,74,41000000,7204138,7684524,2011,the big year,[35],7.077000000000001,5.8,393.0,-33315476,-0.8125725853658536,0.9374865639042834,10,Friday
574,78,40000000,166167230,570998101,2015,fifty shades of grey,"[18, 10749, 53]",21.229,5.4,6451.0,530998101,13.274952525,0.29101187851411087,2,Friday
575,80,40000000,150117807,257878294,2013,american hustle,"[18, 80]",12.481,6.8,4443.0,217878294,5.44695735,0.5821265709164339,12,Friday
576,80,40000000,150117807,257878294,2013,american hustle,"[18, 80]",12.481,6.8,4443.0,217878294,5.44695735,0.5821265709164339,12,Friday
577,81,40000000,141744320,256498033,2019,john wick chapter 3 â parabellum,,,,,216498033,5.412450825,0.5526136724798977,5,Friday
578,83,40000000,126573960,457507776,2014,lucy,"[28, 878]",16.73,6.3,10019.0,417507776,10.4376944,0.2766596911349546,7,Friday
579,84,40000000,125095601,149804632,2013,lone survivor,"[28, 18, 10752]",15.404000000000002,7.4,2289.0,109804632,2.7451158,0.8350582977968265,12,Wednesday
580,90,40000000,102470008,311262102,2016,the conjuring 2 the enfield poltergeist,,,,,271262102,6.78155255,0.3292081089910522,6,Friday
581,94,40000000,92029184,171350009,2017,john wick chapter two,,,,,131350009,3.283750225,0.5370830415305085,2,Friday
582,95,40000000,90862685,124827316,2016,ride along 2,"[28, 35]",12.977,6.2,939.0,84827316,2.1206829,0.7279070632264496,1,Friday
583,97,40000000,90411453,106511453,2015,get hard,[35],12.129000000000001,6.0,1469.0,66511453,1.662786325,0.8488425465381643,3,Friday
584,100,40000000,86260045,152962083,2016,the accountant,"[80, 53, 18]",13.81,6.9,3407.0,112962083,2.824052075,0.5639308991366181,10,Friday
585,100,40000000,86260045,152962083,2016,the accountant,"[80, 53, 18]",13.81,6.9,3407.0,112962083,2.824052075,0.5639308991366181,10,Friday
586,1,40000000,86208010,156553592,2014,dumb and dumber to,[35],15.964,5.5,1842.0,116553592,2.9138398,0.5506613351931267,11,Friday
587,2,40000000,83911193,195111193,2014,the other woman,[18],9.15,6.2,220.0,155111193,3.877779825,0.4300685763322661,4,Friday
588,2,40000000,83911193,195111193,2014,the other woman,"[35, 10749]",11.894,6.3,2276.0,155111193,3.877779825,0.4300685763322661,4,Friday
589,2,40000000,83911193,195111193,2014,the other woman,"[18, 35, 10749]",6.359,4.9,60.0,155111193,3.877779825,0.4300685763322661,4,Friday
590,6,40000000,75764672,197115710,2015,the intern,[35],14.377,7.1,3373.0,157115710,3.92789275,0.3843664820018658,9,Friday
591,10,40000000,72313754,162498338,2015,bridge of spies,"[53, 18]",12.835999999999999,7.2,4313.0,122498338,3.06245845,0.445012268371631,10,Friday
592,10,40000000,72313754,162498338,2015,bridge of spies,"[53, 18]",12.835999999999999,7.2,4313.0,122498338,3.06245845,0.445012268371631,10,Friday
593,16,40000000,68549695,126331750,2018,the house with a clock in its walls,"[14, 10751]",21.805,6.2,933.0,86331750,2.15829375,0.5426165235580129,9,Friday
594,17,40000000,67209615,168904682,2016,hacksaw ridge,"[18, 36, 10752]",24.074,8.1,6608.0,128904682,3.22261705,0.3979144580491854,11,Friday
595,17,40000000,67209615,168904682,2016,hacksaw ridge,"[18, 36, 10752]",24.074,8.1,6608.0,128904682,3.22261705,0.3979144580491854,11,Friday
596,21,40000000,63686397,136123083,2011,unknown,"[28, 9648, 53]",12.08,6.6,2043.0,96123083,2.403077075,0.4678589082499696,2,Friday
597,25,40000000,58009200,87145086,2011,the lincoln lawyer,"[80, 18, 53]",11.812000000000001,7.1,1525.0,47145086,1.17862715,0.6656623185844351,3,Friday
598,28,40000000,57012977,74156610,2013,escape from planet earth,"[16, 35, 12, 10751, 878]",9.227,5.8,459.0,34156610,0.85391525,0.768818544968547,2,Friday
599,31,40000000,54445357,105945357,2014,horrible bosses 2,[35],18.421,6.2,2581.0,65945357,1.648633925,0.513900359031307,11,Wednesday
600,36,40000000,51853450,55249159,2012,the odd life of timothy green,"[14, 18, 35, 10751]",9.216000000000001,6.7,605.0,15249159,0.381228975,0.9385382680666686,8,Wednesday
601,43,40000000,47047013,65282732,2014,jersey boys,"[10402, 18]",6.933,6.9,380.0,25282732,0.6320683,0.7206655046237954,6,Friday
602,48,40000000,42720965,86778557,2014,a million ways to die in the west,"[35, 37]",10.815999999999999,5.8,2219.0,46778557,1.169463925,0.4922986331750135,5,Friday
603,49,40000000,42587643,155011165,2011,final destination 5,"[27, 9648]",13.392000000000001,6.0,1701.0,115011165,2.875279125,0.2747391970120346,8,Friday
604,50,40000000,42402632,73866088,2018,widows,"[80, 53]",20.628,6.5,941.0,33866088,0.8466522,0.5740473490351892,11,Friday
605,54,40000000,38543473,126069509,2014,sex tape,[35],20.429000000000002,5.3,2684.0,86069509,2.151737725,0.30573191968249835,7,Friday
606,55,40000000,38180928,95989590,2011,scream 4,"[27, 9648]",16.082,6.2,1610.0,55989590,1.39973975,0.3977611322227754,4,Friday
607,58,40000000,37412945,101162106,2011,paul,"[12, 35, 878]",15.234000000000002,6.5,3017.0,61162106,1.52905265,0.3698316146166431,3,Friday
608,59,40000000,37134215,41294674,2012,the guilt trip,[35],8.939,5.4,403.0,1294674,0.03236685,0.8992495012795112,12,Wednesday
609,60,40000000,36665854,72295262,2011,colombiana,"[28, 53, 80, 18]",10.584000000000001,6.5,1371.0,32295262,0.80738155,0.5071681460951065,8,Friday
610,62,40000000,36343858,101985431,2018,the commuter,"[28, 53]",20.063,6.2,2394.0,61985431,1.549635775,0.3563632338819061,1,Friday
611,67,40000000,33035397,47787943,2011,arthur,"[35, 10749]",7.886,5.5,399.0,7787943,0.194698575,0.6912914623674009,4,Friday
612,69,40000000,31886361,52837989,2016,patriots day,"[28, 18, 53, 80, 36]",15.435,6.9,1337.0,12837989,0.320949725,0.6034741594726476,12,Wednesday
613,69,40000000,31886361,52837989,2016,patriots day,"[28, 18, 53, 80, 36]",15.435,6.9,1337.0,12837989,0.320949725,0.6034741594726476,12,Wednesday
614,70,40000000,31847881,55247881,2011,extremely loud and incredibly close,,,,,15247881,0.381197025,0.5764543440136646,12,Sunday
615,75,40000000,30202860,43711031,2019,long shot,[99],5.034,7.2,39.0,3711031,0.092775775,0.6909665434338531,5,Friday
616,77,40000000,29807260,69807260,2013,grudge match,[35],7.917999999999999,6.0,711.0,29807260,0.7451815,0.4269936966441599,12,Wednesday
617,81,40000000,28370522,57438389,2017,the nut job 2 nutty by nature,"[10751, 16, 12, 35]",8.975,5.7,227.0,17438389,0.435959725,0.493929626055494,8,Friday
618,84,40000000,26844692,314101190,2017,resident evil the final chapter,"[28, 27, 878]",0.8440000000000001,5.9,1859.0,274101190,6.85252975,0.08546510759796867,1,Friday
619,86,40000000,25584504,31192425,2017,the house,[35],9.62,5.7,474.0,-8807575,-0.220189375,0.8202152926551879,6,Friday
620,89,40000000,24827228,91126600,2011,season of the witch,"[12, 14, 28]",12.535,5.3,1352.0,51126600,1.278165,0.2724476497532005,1,Friday
621,94,40000000,21218403,109738840,2016,mechanic resurrection,"[28, 80, 53]",16.302,5.6,1929.0,69738840,1.743471,0.1933536293986705,8,Friday
622,99,40000000,20157300,25268680,2012,big miracle,"[12, 18, 10749]",6.76,6.6,250.0,-14731320,-0.368283,0.7977187569750379,2,Friday
623,100,40000000,19019882,169590606,2012,the impossible,"[53, 18]",14.66,7.2,3614.0,129590606,3.23976515,0.11215174265017958,12,Friday
624,1,40000000,18450127,20790486,2012,a thousand words,"[18, 35]",8.017000000000001,6.1,685.0,-19209514,-0.48023785,0.8874312510058687,3,Friday
625,15,40000000,10664749,18594227,2015,the gunman,"[28, 18, 80]",10.388,5.7,583.0,-21405773,-0.535144325,0.573551619005189,3,Friday
626,19,40000000,7388654,16340767,2013,paranoia,[],0.6,4.5,2.0,-23659233,-0.591480825,0.45216078290572287,8,Friday
627,19,40000000,7388654,16340767,2013,paranoia,"[18, 53]",7.6739999999999995,5.7,518.0,-23659233,-0.591480825,0.45216078290572287,8,Friday
628,19,40000000,7388654,16340767,2013,paranoia,"[53, 27]",0.6,10.0,1.0,-23659233,-0.591480825,0.45216078290572287,8,Friday
629,19,40000000,7388654,16340767,2013,paranoia,[],0.6,4.5,2.0,-23659233,-0.591480825,0.45216078290572287,8,Friday
630,21,40000000,6738000,26736665,2015,baahubali the beginning,,,,,-13263335,-0.331583375,0.2520134803648847,7,Friday
631,22,40000000,6115824,30963684,2018,the hurricane heist,"[28, 80, 53]",13.335,5.4,476.0,-9036316,-0.2259079,0.19751603200704412,3,Friday
632,24,40000000,5775076,31124367,2015,victor frankenstein,"[18, 878, 53]",9.061,5.8,1200.0,-8875633,-0.221890825,0.18554838400408272,11,Wednesday
633,24,40000000,5775076,31124367,2015,victor frankenstein,"[18, 878, 53]",9.061,5.8,1200.0,-8875633,-0.221890825,0.18554838400408272,11,Wednesday
634,27,40000000,4563029,88069880,2014,snowpiercer,"[28, 878, 18]",14.735,6.8,4748.0,48069880,1.201747,0.05181145926393904,6,Friday
635,30,40000000,1738477,30230402,2016,billy lynnâs long halftime walk,,,,,-9769598,-0.24423995,0.0575075713515156,11,Friday
636,38,40000000,0,27000381,2013,un monstre ã paris,,,,,-12999619,-0.324990475,0.0,4,Tuesday
637,39,40000000,0,4212799,2019,kursk,,,,,-35787201,-0.894680025,0.0,6,Friday
638,40,40000000,0,1663785,2016,uss indianapolis men of courage,"[28, 10752]",11.220999999999998,5.9,328.0,-38336215,-0.958405375,0.0,11,Friday
639,41,40000000,0,734423,2014,dragon nest warriors dawn,,,,,-39265577,-0.981639425,0.0,12,Wednesday
643,48,39000000,35287788,81150788,2012,frankenweenie,"[16, 35, 10751]",14.627,6.8,1685.0,42150788,1.080789435897436,0.43484221003497836,10,Friday
644,53,38600000,6594959,57987299,2013,yi dai zong shi,,,,,19387299,0.5022616321243524,0.11373109480405355,8,Friday
645,59,38000000,73921000,126577874,2017,captain underpants the first epic movie,"[28, 16, 35, 10751]",18.31,6.0,587.0,88577874,2.3309966842105263,0.5839962203820867,6,Friday
646,60,38000000,71091594,107650646,2015,paul blart mall cop 2,"[28, 35, 10751]",15.940999999999999,5.0,900.0,69650646,1.8329117368421053,0.6603917081928148,4,Friday
647,62,38000000,60323786,117425156,2016,why him,[35],15.044,6.2,2494.0,79425156,2.0901356842105265,0.5137211484735008,12,Friday
648,62,38000000,60323786,117425156,2016,why him,[35],15.044,6.2,2494.0,79425156,2.0901356842105265,0.5137211484735008,12,Friday
649,63,38000000,58709717,116809717,2011,water for elephants,"[18, 10749]",6.209,6.9,1627.0,78809717,2.0739399210526317,0.5026098727728276,4,Friday
650,66,38000000,42025135,94763758,2013,riddick,"[878, 28, 53]",17.434,6.2,2852.0,56763758,1.4937831052631578,0.4434726512217888,9,Friday
651,69,38000000,34912982,111336398,2016,the 5th wave,"[12, 878]",12.967,5.8,3657.0,73336398,1.9299052105263157,0.31358102675461086,1,Friday
652,71,38000000,26947624,98230839,2013,rush,"[18, 28]",14.623,7.7,3877.0,60230839,1.5850220789473684,0.2743295717956761,9,Friday
653,75,38000000,18340051,24555177,2017,only the brave,[18],14.163,7.0,603.0,-13444823,-0.3538111315789474,0.7468914192717894,10,Friday
654,77,38000000,16999934,27573078,2011,the thing,"[27, 878, 9648, 53]",12.349,6.1,1404.0,-10426922,-0.2743926842105263,0.6165410332498968,10,Friday
655,82,38000000,3143056,13143056,2018,the sisters brothers,"[35, 18, 37]",13.738,7.0,590.0,-24856944,-0.6541301052631578,0.23914194689576002,9,Friday
656,85,37500000,108235497,119024536,2019,the upside,"[35, 18]",28.138,7.3,274.0,81524536,2.1739876266666665,0.9093544964544117,1,Friday
657,86,37500000,41152203,88473016,2012,what to expect when youre expecting,"[10749, 35, 18]",12.27,5.9,1130.0,50973016,1.3592804266666667,0.4651384666258015,5,Friday
658,87,37500000,16247159,50647416,2012,the master,[18],12.829,7.1,1323.0,13147416,0.35059776,0.3207894949665349,9,Friday
659,87,37500000,16247159,50647416,2012,the master,"[36, 28]",0.6,4.0,1.0,13147416,0.35059776,0.3207894949665349,9,Friday
660,90,37000000,150394119,267816276,2013,were the millers,"[35, 80]",14.745999999999999,6.8,5231.0,230816276,6.23827772972973,0.5615570541351266,8,Wednesday
661,91,37000000,109767581,173567581,2015,creed,[18],16.355999999999998,7.3,4010.0,136567581,3.691015702702703,0.6324198353608442,11,Wednesday
662,91,37000000,109767581,173567581,2015,creed,[18],16.355999999999998,7.3,4010.0,136567581,3.691015702702703,0.6324198353608442,11,Wednesday
663,93,37000000,72286779,96068724,2011,dolphin tale,"[18, 10751]",10.679,6.8,327.0,59068724,1.596452,0.7524486220926594,9,Friday
664,94,37000000,69179066,117378084,2018,game night,"[9648, 35, 80]",19.459,6.9,2756.0,80378084,2.1723806486486485,0.589369528301382,2,Friday
665,98,37000000,46843513,100003780,2016,how to be single,"[35, 10749]",10.270999999999999,6.1,2036.0,63003780,1.7028048648648648,0.4684174238213796,2,Friday
666,100,37000000,33047633,97143987,2011,the rite,"[18, 53, 27]",9.676,5.9,994.0,60143987,1.6255131621621621,0.34019226532260816,1,Friday
667,3,37000000,21052030,25387091,2015,aloha,"[18, 35, 10749]",9.685,5.3,1226.0,-11612909,-0.3138624054054054,0.8292415227880973,5,Friday
668,5,36000000,215288866,433449571,2018,a star is born,"[18, 10749, 10402]",35.848,7.5,5676.0,397449571,11.040265861111111,0.49668722823583095,10,Friday
669,6,36000000,99967670,193737977,2011,gnomeo and juliet,,,,,157737977,4.381610472222222,0.5159941873451068,2,Friday
670,12,36000000,42024533,57824533,2014,dolphin tale 2,"[10751, 18]",7.403,6.7,173.0,21824533,0.6062370277777778,0.7267595745217692,9,Friday
671,13,36000000,31016021,85309093,2016,collateral beauty,"[18, 10749]",12.857000000000001,7.2,3270.0,49309093,1.3696970277777778,0.36357227476325416,12,Friday
672,13,36000000,31016021,85309093,2016,collateral beauty,"[18, 10749]",12.857000000000001,7.2,3270.0,49309093,1.3696970277777778,0.36357227476325416,12,Friday
673,20,36000000,2679437,157300954,2016,yip man 3,,,,,121300954,3.3694709444444446,0.017033825490975724,1,Friday
674,21,36000000,1069334,4020990,2011,there be dragons,"[18, 10752]",7.058,5.1,93.0,-31979010,-0.8883058333333334,0.2659379903954001,5,Friday
675,22,36000000,0,1578543,2017,queen of the desert,"[18, 36]",7.109,6.0,136.0,-34421457,-0.9561515833333334,0.0,4,Friday
676,24,35000000,327481748,697457969,2017,it,"[80, 18, 53]",8.134,5.3,348.0,662457969,18.927370542857144,0.4695361764516594,9,Friday
677,24,35000000,327481748,697457969,2017,it,"[27, 53]",13.966,7.2,10931.0,662457969,18.927370542857144,0.4695361764516594,9,Friday
678,24,35000000,327481748,697457969,2017,it,"[27, 53]",13.966,7.2,10931.0,662457969,18.927370542857144,0.4695361764516594,9,Friday
679,32,35000000,134506920,175361578,2013,identity thief,"[35, 80]",13.552999999999999,5.8,2230.0,140361578,4.0103308,0.7670261726317267,2,Friday
680,34,35000000,117538559,212417601,2011,horrible bosses,"[35, 80]",14.058,6.5,3842.0,177417601,5.069074314285714,0.5533371926180448,7,Friday
681,36,35000000,110212700,141123897,2015,trainwreck,"[35, 10749]",18.423,5.8,1731.0,106123897,3.0321113428571427,0.7809641197762559,7,Friday
682,37,35000000,83299761,114962525,2013,saving mr banks,"[35, 18, 36]",9.585,7.4,2050.0,79962525,2.2846435714285716,0.724581867004052,12,Friday
683,45,35000000,67544505,90221182,2012,this is 40,[35],8.132,5.7,1296.0,55221182,1.577748057142857,0.7486546230351981,12,Friday
684,55,35000000,55802754,146595891,2011,friends with benefits,"[10749, 35]",14.019,6.6,4637.0,111595891,3.1884540285714285,0.3806570130945894,7,Friday
685,56,35000000,55340730,108757621,2016,neighbors 2 sorority rising,[35],17.662,5.7,2829.0,73757621,2.1073606,0.5088446169671181,5,Friday
686,59,35000000,50065850,75885196,2018,sicario day of the soldado,"[28, 80, 18, 53]",29.725,6.7,1317.0,40885196,1.168148457142857,0.6597578004542546,6,Friday
687,62,35000000,47425125,95713069,2015,poltergeist,"[27, 53]",17.343,5.1,1438.0,60713069,1.7346591142857142,0.49549267927037216,5,Friday
688,63,35000000,46697321,93291478,2018,goosebumps 2 haunted halloween,"[12, 35, 14, 10751, 27]",20.238,5.6,428.0,58291478,1.6654708,0.500552912239208,10,Friday
689,64,35000000,45819713,71118378,2018,12 strong,"[10752, 18, 36, 28]",13.183,5.6,1312.0,36118378,1.0319536571428571,0.6442738753125107,1,Friday
690,72,35000000,39046489,65084116,2011,something borrowed,"[35, 18, 10749]",7.567,6.1,591.0,30084116,0.8595461714285715,0.5999388391477883,5,Friday
691,74,35000000,37553932,165103952,2011,in time,"[28, 53, 878]",18.912,6.8,6245.0,130103952,3.7172557714285714,0.22745628766051584,10,Friday
692,76,35000000,37306030,84606030,2011,j edgar,"[18, 80, 36]",8.628,6.2,1303.0,49606030,1.4173151428571429,0.4409381931760656,11,Wednesday
693,78,35000000,36108758,66295121,2018,mile 22,[28],21.246,6.0,920.0,31295121,0.8941463142857143,0.5446668993936975,8,Friday
694,79,35000000,34580201,45671512,2015,hot pursuit,"[28, 35, 80]",9.607000000000001,5.6,1000.0,10671512,0.30490034285714285,0.7571503435226756,5,Friday
695,80,35000000,34531832,50363790,2015,concussion,[18],5.202000000000001,5.5,55.0,15363790,0.43896542857142856,0.6856480022651195,12,Friday
696,80,35000000,34531832,50363790,2015,concussion,[18],12.809000000000001,7.1,1435.0,15363790,0.43896542857142856,0.6856480022651195,12,Friday
697,81,35000000,34393507,140783360,2017,the foreigner,"[28, 53, 18]",14.616,6.7,1086.0,105783360,3.0223817142857143,0.2443009386904816,10,Friday
698,81,35000000,34393507,140783360,2017,the foreigner,"[28, 53, 18]",14.616,6.7,1086.0,105783360,3.0223817142857143,0.2443009386904816,10,Friday
699,89,35000000,31445011,57897191,2018,adrift,[99],0.6,7.0,1.0,22897191,0.6542054571428572,0.5431180763156541,6,Friday
700,89,35000000,31445011,57897191,2018,adrift,"[53, 10749, 12]",16.785999999999998,6.7,1264.0,22897191,0.6542054571428572,0.5431180763156541,6,Friday
701,91,35000000,30353973,81209222,2017,underworld blood wars,"[28, 14, 27, 18]",18.976,5.5,2318.0,46209222,1.3202634857142856,0.3737749513226466,1,Friday
702,96,35000000,28087155,86648359,2011,abduction,"[53, 28, 9648]",17.69,5.8,1791.0,51648359,1.4756674,0.32415103210437024,9,Friday
703,100,35000000,25888412,35426759,2012,alex cross,"[28, 53, 80, 9648]",9.962,5.1,424.0,426759,0.012193114285714285,0.7307586900625033,10,Friday
704,3,35000000,24139805,205822688,2016,bridget jonesâs baby,,,,,170822688,4.880648228571428,0.11728447060219134,9,Friday
705,6,35000000,23083334,25350747,2016,whiskey tango foxtrot,"[10752, 35]",8.564,6.2,596.0,-9649253,-0.27569294285714285,0.9105583358155087,3,Friday
706,8,35000000,22467450,82182803,2015,hitman agent 47,"[28, 80, 53]",14.082,5.6,1764.0,47182803,1.3480800857142856,0.27338383676205347,8,Friday
707,10,35000000,20275446,31393201,2012,premium rush,"[80, 28, 53]",12.484000000000002,6.2,1244.0,-3606799,-0.1030514,0.6458546868157854,8,Friday
708,11,35000000,19701164,34480045,2013,broken city,"[53, 80, 18]",13.645999999999999,5.9,814.0,-519955,-0.014855857142857143,0.5713787206484214,1,Friday
709,18,35000000,17616641,48543388,2013,parker,"[28, 80]",14.95,5.8,1868.0,13543388,0.38695394285714285,0.3629050572242712,1,Friday
710,24,35000000,13305665,61721826,2011,the tree of life,"[18, 14]",11.569,6.6,1730.0,26721826,0.7634807428571428,0.21557471420239577,5,Friday
711,29,35000000,10508518,18376443,2014,sabotage,"[28, 18, 53, 80]",14.055,5.5,779.0,-16623557,-0.4749587714285714,0.5718472285414539,3,Friday
712,32,35000000,10219501,13214051,2015,unfinished business,[35],8.516,5.2,472.0,-21785949,-0.6224556857142857,0.773381380168731,3,Friday
713,33,35000000,10161183,61492104,2015,the walk,"[12, 18, 53]",11.754000000000001,6.9,1906.0,26492104,0.7569172571428572,0.16524370348427173,9,Wednesday
714,35,35000000,8323085,29890402,2013,mandela long walk to freedom,"[18, 36]",8.262,6.9,319.0,-5109598,-0.1459885142857143,0.2784534313054739,11,Friday
715,39,35000000,6864016,28720470,2016,the brothers grimsby,,,,,-6279530,-0.17941514285714286,0.23899386047651727,3,Friday
716,40,35000000,6670765,43226146,2017,the snowman,"[18, 80, 53, 27]",14.581,5.1,1225.0,8226146,0.23503274285714285,0.15432245567300865,10,Friday
717,44,35000000,5101237,24687524,2011,biutiful,[18],7.697,7.2,546.0,-10312476,-0.2946421714285714,0.20663218393225663,1,Friday
718,47,35000000,4212494,11846010,2016,a hologram for the king,"[35, 18]",11.055,5.9,589.0,-23153990,-0.6615425714285714,0.3556044609113111,4,Friday
719,53,35000000,289773,17967746,2012,stolen,"[28, 80, 53]",9.812999999999999,5.3,559.0,-17032254,-0.48663582857142856,0.016127398506189924,9,Friday
720,54,35000000,16816,786532,2011,trespass,"[80, 18, 53, 9648]",11.909,5.5,589.0,-34213468,-0.9775276571428572,0.021379931140754604,10,Friday
721,56,35000000,0,53899,2015,the lovers,"[28, 12, 878, 10749]",5.232,4.7,47.0,-34946101,-0.9984600285714286,0.0,3,Friday
722,56,35000000,0,53899,2015,the lovers,[35],4.901,5.3,38.0,-34946101,-0.9984600285714286,0.0,3,Friday
723,58,34800000,21443494,62831715,2011,the darkest hour,"[27, 28, 53, 878]",10.73,4.9,735.0,28031715,0.8055090517241379,0.34128455669242835,12,Sunday
724,59,34000000,107825862,228104185,2017,baby driver,"[28, 80]",22.895,7.4,8034.0,194104185,5.708946617647059,0.47270444424331803,6,Wednesday
725,60,34000000,102427862,348319861,2014,the maze runner,"[28, 9648, 878, 53]",36.955,7.1,10626.0,314319861,9.244701794117647,0.2940626517992323,9,Friday
726,61,34000000,37446117,63802928,2015,the longest ride,"[18, 10749]",11.168,7.5,1908.0,29802928,0.8765567058823529,0.586902798567489,4,Friday
727,64,34000000,12695691,38361428,2018,the darkest minds,"[878, 53]",23.967,6.8,1158.0,4361428,0.12827729411764707,0.3309493848873405,8,Friday
728,68,34000000,4091,62582520,2014,thunder and the house of magic,"[10751, 14, 16, 12]",6.781000000000001,6.3,196.0,28582520,0.8406623529411764,6.536969108946077e-05,9,Friday
729,73,33000000,46009673,75898100,2016,mike and dave need wedding dates,[35],11.675999999999998,6.0,1552.0,42898100,1.2999424242424242,0.6062032251136722,7,Friday
730,74,33000000,35074677,165552290,2012,step up revolution,"[10402, 18, 10749]",10.925,6.8,1252.0,132552290,4.0167360606060605,0.21186464409522815,7,Friday
731,78,33000000,17142080,41495213,2012,safe,"[28, 80, 53]",15.622,6.3,1248.0,8495213,0.25743069696969695,0.4131098206436487,4,Friday
732,82,33000000,176847,357687,2015,the young and prodigious ts spivet,"[12, 18, 10751]",7.285,6.7,389.0,-32642313,-0.989161,0.49441830427161176,7,Friday
733,83,33000000,70958,70958,2015,freaks of nature,"[878, 35, 27]",9.31,5.8,231.0,-32929042,-0.9978497575757576,1.0,10,Friday
734,83,33000000,70958,70958,2015,freaks of nature,"[878, 35, 27]",9.31,5.8,231.0,-32929042,-0.9978497575757576,1.0,10,Friday
735,85,32500000,169211718,289632023,2011,bridesmaids,"[35, 10749]",9.805,6.5,2783.0,257132023,7.911754553846154,0.584230004152545,5,Friday
736,87,32500000,21819348,48425971,2013,the big wedding,[35],11.231,5.8,678.0,15925971,0.4900298769230769,0.45057120279529345,4,Friday
737,88,32500000,17288155,24159934,2012,wanderlust,"[35, 10749]",9.896,5.4,693.0,-8340066,-0.2566174153846154,0.715571284259303,2,Friday
738,91,32000000,101470202,126539117,2013,this is the end,"[28, 35]",10.635,6.2,3789.0,94539117,2.95434740625,0.8018880201289851,6,Wednesday
739,96,32000000,54712227,140428499,2011,source code,"[53, 878, 9648]",13.495,7.2,4529.0,108428499,3.38839059375,0.38960914194489826,4,Friday
740,99,32000000,48795601,91553797,2018,i feel pretty,[35],16.298,6.4,1088.0,59553797,1.86105615625,0.5329718984784432,4,Friday
741,1,32000000,37915414,82332450,2011,big mommas like father like son,"[80, 35, 28]",16.024,5.5,623.0,50332450,1.5728890625,0.4605160419737297,2,Friday
742,7,32000000,22537881,27392609,2013,the incredible burt wonderstone,[35],9.362,5.4,920.0,-4607391,-0.14398096875,0.8227723397942854,3,Friday
743,10,32000000,17839115,29204379,2018,bad times at the el royale,"[53, 80, 9648, 18]",31.32,6.8,1365.0,-2795621,-0.08736315625,0.6108369912607969,10,Friday
744,21,31500000,14708696,38771262,2016,criminal,"[28, 80, 878, 53, 9648, 18]",13.651,5.9,897.0,7271262,0.23083371428571428,0.37937109191854523,4,Friday
745,22,31000000,95020213,97470701,2013,42,[18],11.28,7.0,1028.0,66470701,2.1442161612903226,0.9748592348792074,4,Friday
746,23,31000000,93772375,160558438,2012,flight,[18],11.692,6.7,3582.0,129558438,4.179304451612904,0.5840389092474854,11,Friday
747,27,31000000,59076019,163981261,2014,the grand budapest hotel,"[35, 18]",18.31,8.0,8091.0,132981261,4.289718096774194,0.36026079223771795,3,Friday
748,28,31000000,58884188,102306500,2015,vacation,[18],0.6,7.0,1.0,71306500,2.300209677419355,0.5755664400600158,7,Wednesday
749,28,31000000,58884188,102306500,2015,vacation,"[35, 80]",0.6,5.0,1.0,71306500,2.300209677419355,0.5755664400600158,7,Wednesday
750,28,31000000,58884188,102306500,2015,vacation,[35],14.227,6.2,1934.0,71306500,2.300209677419355,0.5755664400600158,7,Wednesday
751,30,31000000,48791187,48791187,2019,isnât it romantic,,,,,17791187,0.5739092580645161,1.0,2,Wednesday
752,34,31000000,6901965,7220490,2017,birth of the dragon,"[28, 18]",8.164,5.7,172.0,-23779510,-0.7670809677419355,0.955885957878205,8,Friday
753,38,30000000,174532921,238099711,2018,crazy rich asians,"[35, 18, 10749]",17.969,7.1,1496.0,208099711,6.936657033333334,0.7330244974551859,8,Wednesday
754,42,30000000,125014030,197618160,2012,the vow,"[18, 10749]",13.046,7.1,2409.0,167618160,5.587272,0.6326039570452432,2,Friday
755,45,30000000,116632095,177025498,2013,lee daniels the butler,,,,,147025498,4.900849933333333,0.6588434791467159,8,Friday
756,57,30000000,87044645,106030660,2015,sisters,[35],10.993,5.9,922.0,76030660,2.5343553333333335,0.8209384436539393,12,Friday
757,65,30000000,75468583,172778667,2017,the hitmanâs bodyguard,,,,,142778667,4.7592889,0.4367934092233736,8,Friday
758,69,30000000,66486205,170466405,2012,looper,"[28, 53, 878]",16.779,6.8,6723.0,140466405,4.6822135,0.39002526626874073,9,Friday
759,70,30000000,66380662,115121608,2013,warm bodies,"[27, 35, 10749]",13.259,6.3,4109.0,85121608,2.8373869333333332,0.5766134017169045,2,Friday
760,72,30000000,64251538,122529966,2014,the nut job,"[16, 35, 10751, 12]",10.501,5.6,529.0,92529966,3.0843322,0.524374078419315,1,Friday
761,75,30000000,63536011,133085295,2012,hope springs,"[18, 35, 10749]",8.312999999999999,6.1,429.0,103085295,3.4361765,0.47740819900500653,8,Wednesday
762,83,30000000,56816662,162502774,2011,midnight in paris,"[14, 35, 10749]",13.171,7.5,3965.0,132502774,4.416759133333334,0.34963502838419236,5,Friday
763,84,30000000,56443120,150807172,2017,darkest hour,"[18, 36]",15.331,7.3,2715.0,120807172,4.026905733333333,0.37427344635837345,11,Wednesday
764,84,30000000,56443120,150807172,2017,darkest hour,"[18, 36]",15.331,7.3,2715.0,120807172,4.026905733333333,0.37427344635837345,11,Wednesday
765,88,30000000,53059911,65759911,2018,life of the party,[35],13.696,6.2,435.0,35759911,1.1919970333333334,0.8068732179397262,5,Friday
766,92,30000000,52421953,94156456,2015,southpaw,"[28, 18]",25.305,7.4,3424.0,64156456,2.138548533333333,0.5567536760304572,7,Friday
767,94,30000000,51573925,98345423,2017,atomic blonde,"[28, 9648, 53]",21.662,6.3,3645.0,68345423,2.2781807666666665,0.5244161184806739,7,Friday
768,100,30000000,46889293,84393749,2015,sicario,"[28, 80, 53]",20.468,7.3,4475.0,54393749,1.8131249666666667,0.5556014936603895,9,Friday
769,100,30000000,46889293,84393749,2015,sicario,"[28, 80, 53]",20.468,7.3,4475.0,54393749,1.8131249666666667,0.5556014936603895,9,Friday
770,3,30000000,44947622,80131391,2018,den of thieves,"[28, 53, 80]",22.738000000000003,6.6,1244.0,50131391,1.6710463666666666,0.5609240204004445,1,Friday
771,4,30000000,44338224,54052249,2012,the three stooges,[35],9.357999999999999,5.1,215.0,24052249,0.8017416333333334,0.8202845361716586,4,Friday
772,6,30000000,43037835,76235001,2014,john wick,"[28, 53]",78.123,7.2,10081.0,46235001,1.5411667,0.5645416729252748,10,Friday
773,8,30000000,42629776,68984536,2015,the age of adaline,"[14, 18, 10749]",8.559,7.4,3853.0,38984536,1.2994845333333334,0.6179613355665682,4,Friday
774,11,30000000,42073277,70689968,2012,the cabin in the woods,"[27, 35, 53]",15.335999999999999,6.5,4185.0,40689968,1.3563322666666666,0.5951803090362129,4,Friday
775,11,30000000,42073277,70689968,2012,the cabin in the woods,"[27, 35, 53]",15.335999999999999,6.5,4185.0,40689968,1.3563322666666666,0.5951803090362129,4,Friday
776,14,30000000,40259119,65343694,2011,hanna,"[28, 53, 12]",9.709,6.6,1944.0,35343694,1.1781231333333333,0.6161133008488929,4,Friday
777,22,30000000,36918811,51078541,2013,the family,"[27, 53]",2.0,3.4,5.0,21078541,0.7026180333333333,0.7227851515962447,9,Friday
778,22,30000000,36918811,51078541,2013,the family,"[80, 35, 28]",11.571,6.2,1647.0,21078541,0.7026180333333333,0.7227851515962447,9,Friday
779,22,30000000,36918811,51078541,2013,the family,[18],1.141,6.3,3.0,21078541,0.7026180333333333,0.7227851515962447,9,Friday
780,23,30000000,36276286,56096200,2018,the 1517 to paris,"[18, 36, 53]",11.575999999999999,5.3,799.0,26096200,0.8698733333333334,0.6466799177127862,2,Friday
781,25,30000000,35608245,61449135,2011,larry crowne,"[35, 10749, 18]",7.261,5.8,676.0,31449135,1.0483045,0.5794751219850369,7,Friday
782,26,30000000,35266619,82409520,2013,carrie,"[27, 53]",9.467,7.1,1766.0,52409520,1.746984,0.42794350701229666,10,Friday
783,26,30000000,35266619,82409520,2013,carrie,"[18, 27]",13.686,5.9,2681.0,52409520,1.746984,0.42794350701229666,10,Friday
784,28,30000000,34017028,48575965,2018,death wish,"[28, 80, 18, 53]",18.014,5.9,1207.0,18575965,0.6191988333333334,0.7002851718951955,3,Friday
785,30,30000000,32363404,46438538,2015,entourage,[35],13.802,6.2,647.0,16438538,0.5479512666666667,0.6969083307489138,6,Wednesday
786,32,30000000,32172757,66742138,2013,side effects,"[53, 80, 18]",9.426,6.5,1879.0,36742138,1.2247379333333333,0.48204564558600144,2,Friday
787,32,30000000,32172757,66742138,2013,side effects,"[10402, 18]",0.657,7.3,2.0,36742138,1.2247379333333333,0.48204564558600144,2,Friday
788,34,30000000,30577122,87956618,2014,deliver us from evil,"[53, 80, 27]",11.283,6.1,1104.0,57956618,1.9318872666666667,0.3476386734196624,7,Wednesday
789,35,30000000,30569935,33339868,2014,get on up,"[18, 10402]",6.287999999999999,6.7,251.0,3339868,0.11132893333333334,0.91691829733699,8,Friday
790,36,30000000,28780744,53296424,2017,mollyâs game,,,,,23296424,0.7765474666666666,0.5400126657653429,12,Monday
791,37,30000000,28700285,61623819,2012,the fiveyear engagement,"[10749, 35]",10.729000000000001,5.8,742.0,31623819,1.0541273,0.46573363134147855,4,Friday
792,39,30000000,26692846,50145607,2011,winnie the pooh,"[16, 10751]",11.147,6.9,444.0,20145607,0.6715202333333333,0.5323067681681468,7,Friday
793,42,30000000,24004833,25947983,2018,white boy rick,"[80, 18]",13.794,6.3,277.0,-4052017,-0.13506723333333334,0.925113639854011,9,Friday
794,45,30000000,23209310,108957098,2011,sanctum,"[28, 53]",7.457000000000001,5.9,515.0,78957098,2.631903266666667,0.21301329079083953,2,Friday
795,47,30000000,21858070,96892829,2017,ballerina,"[16, 12, 35, 10751]",13.21,7.2,1024.0,66892829,2.2297609666666665,0.22559017241616508,8,Friday
796,47,30000000,21858070,96892829,2017,ballerina,"[16, 12, 35, 10751]",13.21,7.2,1024.0,66892829,2.2297609666666665,0.22559017241616508,8,Friday
797,50,30000000,20868638,21709539,2018,proud mary,"[53, 28, 80]",9.371,5.5,259.0,-8290461,-0.2763487,0.9612658288137763,1,Friday
798,53,30000000,19316646,60512680,2013,runner runner,"[80, 53, 18]",10.442,5.6,761.0,30512680,1.0170893333333333,0.3192165014010287,10,Friday
799,55,30000000,18985794,263502914,2017,baahubali 2 the conclusion,"[28, 18]",10.405999999999999,7.0,252.0,233502914,7.783430466666666,0.0720515523407077,4,Friday
800,58,30000000,18298649,40520649,2011,fright night,"[27, 35]",12.078,6.0,1024.0,10520649,0.3506883,0.45158825072125575,8,Friday
801,59,30000000,17800004,42531076,2017,mother,[18],0.8759999999999999,7.0,1.0,12531076,0.41770253333333335,0.41851760345776345,9,Friday
802,59,30000000,17800004,42531076,2017,mother,"[18, 53]",0.6,5.0,1.0,12531076,0.41770253333333335,0.41851760345776345,9,Friday
803,59,30000000,17800004,42531076,2017,mother,"[18, 27, 9648]",15.227,7.0,3458.0,12531076,0.41770253333333335,0.41851760345776345,9,Friday
804,59,30000000,17800004,42531076,2017,mother,[53],4.154,6.4,30.0,12531076,0.41770253333333335,0.41851760345776345,9,Friday
805,59,30000000,17800004,42531076,2017,mother,"[18, 53]",3.2039999999999997,6.4,28.0,12531076,0.41770253333333335,0.41851760345776345,9,Friday
806,60,30000000,17766658,35579007,2015,steve jobs,"[18, 36]",8.895,6.8,2572.0,5579007,0.1859669,0.49935789382767204,10,Friday
807,60,30000000,17766658,35579007,2015,steve jobs,"[18, 36]",8.895,6.8,2572.0,5579007,0.1859669,0.49935789382767204,10,Friday
808,74,30000000,12050299,48330757,2013,the last stand,"[28, 80, 53]",15.894,5.9,1692.0,18330757,0.6110252333333334,0.24932982117370933,1,Friday
809,78,30000000,10895295,19599974,2013,dead man down,"[53, 28, 80, 18]",10.349,6.0,866.0,-10400026,-0.34666753333333333,0.5558831353551795,3,Friday
810,79,30000000,10143779,23353111,2011,hoodwinked too hood vs evil,"[35, 16, 10751]",6.906000000000001,5.0,257.0,-6646889,-0.22156296666666667,0.43436521155575375,4,Friday
811,82,30000000,8574339,17121823,2017,the lost city of z,"[12, 18, 36]",11.048,6.2,1397.0,-12878177,-0.4292725666666667,0.5007842330807882,4,Friday
812,82,30000000,8574339,17121823,2017,the lost city of z,"[12, 18, 36]",11.048,6.2,1397.0,-12878177,-0.4292725666666667,0.5007842330807882,4,Friday
813,84,30000000,7885294,16481405,2017,the space between us,"[10749, 12, 878, 18]",14.437000000000001,7.1,1455.0,-13518595,-0.45061983333333333,0.47843578869641273,2,Friday
814,86,30000000,7502560,8845575,2011,barneys version,"[35, 18]",7.357,7.2,210.0,-21154425,-0.7051475,0.8481709781444394,1,Friday
815,86,30000000,7502560,8845575,2011,barneys version,"[35, 18]",7.357,7.2,210.0,-21154425,-0.7051475,0.8481709781444394,1,Friday
816,88,30000000,5718096,10096821,2018,kin,"[878, 28]",23.805,6.2,289.0,-19903179,-0.6634393,0.5663263714390896,8,Friday
817,90,30000000,4211129,8786752,2017,stronger,[18],7.836,7.0,782.0,-21213248,-0.7071082666666667,0.4792588888362844,9,Friday
818,98,30000000,600000,600000,2019,shaft,,,,,-29400000,-0.98,1.0,6,Friday
819,99,30000000,538690,3721988,2011,machine gun preacher,"[28, 53, 80]",9.12,6.5,477.0,-26278012,-0.8759337333333334,0.1447317938692978,9,Friday
820,100,30000000,490973,648599,2018,bilal a new breed of hero,"[28, 12, 16]",2.707,6.8,54.0,-29351401,-0.9783800333333333,0.756974648434549,2,Friday
821,3,30000000,135739,8593154,2011,xinhai geming,,,,,-21406846,-0.7135615333333334,0.015796179144467792,10,Friday
822,5,30000000,3200,4315789,2015,wild card,[18],0.917,8.0,1.0,-25684211,-0.8561403666666667,0.0007414634960142861,1,Friday
823,5,30000000,3200,4315789,2015,wild card,"[53, 80, 28]",22.504,5.5,930.0,-25684211,-0.8561403666666667,0.0007414634960142861,1,Friday
824,6,30000000,918,168832,2015,united passions,[18],1.5190000000000001,3.3,21.0,-29831168,-0.9943722666666667,0.005437357846853677,6,Friday
825,8,30000000,0,25199891,2015,grace of monaco,"[10749, 18]",6.058,6.0,352.0,-4800109,-0.16000363333333334,0.0,12,Tuesday
826,9,30000000,0,5015080,2016,savva serdtse voyna,,,,,-24984920,-0.8328306666666667,0.0,3,Tuesday
827,11,30000000,0,310985,2013,space pirate captain harlock,"[16, 878]",8.623,6.5,596.0,-29689015,-0.9896338333333333,0.0,12,Tuesday
828,13,29200000,2280004,5466698,2017,collide,"[53, 28]",9.035,5.6,331.0,-23733302,-0.8127843150684931,0.41707151190718783,2,Friday
829,14,29000000,184296230,287625468,2015,pitch perfect 2,"[35, 10402]",18.469,6.8,3599.0,258625468,8.918119586206897,0.6407507349105817,5,Friday
830,16,29000000,77339130,103008792,2018,night school,[99],0.6,7.0,2.0,74008792,2.5520273103448274,0.7508012519941016,9,Friday
831,16,29000000,77339130,103008792,2018,night school,[35],12.786,6.0,775.0,74008792,2.5520273103448274,0.7508012519941016,9,Friday
832,17,29000000,63077560,78652207,2016,the boss,[35],11.442,5.8,822.0,49652207,1.7121450689655173,0.801980801377894,4,Friday
833,21,29000000,27778642,44264271,2017,logan lucky,"[28, 35, 80, 18]",15.743,6.7,1627.0,15264271,0.5263541724137931,0.6275635263483725,8,Friday
834,22,29000000,27383770,56000339,2016,florence foster jenkins,"[35, 18]",8.453,6.7,849.0,27000339,0.9310461724137931,0.4889929327034967,8,Friday
836,35,28000000,161197785,202182981,2015,straight outta compton,"[18, 10402]",11.731,7.7,2048.0,174182981,6.22082075,0.7972866173142437,8,Friday
837,35,28000000,161197785,202182981,2015,straight outta compton,"[18, 10402]",11.731,7.7,2048.0,174182981,6.22082075,0.7972866173142437,8,Friday
838,36,28000000,115108515,140886353,2017,girls trip,[35],8.589,6.8,968.0,112886353,4.0316554642857145,0.8170309795725921,7,Friday
839,40,28000000,72110659,127710550,2017,a bad moms christmas,[35],16.604,6.3,1044.0,99710550,3.5610910714285713,0.5646413628318099,11,Wednesday
840,40,28000000,72110659,127710550,2017,a bad moms christmas,[35],16.604,6.3,1044.0,99710550,3.5610910714285713,0.5646413628318099,11,Wednesday
841,41,28000000,71399120,94050951,2013,safe haven,[10749],9.095,7.1,1433.0,66050951,2.358962535714286,0.7591536208921481,2,Thursday
842,42,28000000,70259870,133162752,2015,the big short,"[35, 18]",14.327,7.3,4657.0,105162752,3.7558125714285713,0.527624046099618,12,Friday
843,44,28000000,66954149,101379287,2014,alexander and the terrible horrible no good very bad day,"[10751, 35]",6.7829999999999995,6.2,817.0,73379287,2.6206888214285713,0.6604322340519124,10,Friday
844,46,28000000,63914167,112914167,2013,last vegas,[35],6.5329999999999995,6.4,1211.0,84914167,3.0326488214285714,0.5660420538726553,1,Monday
845,50,28000000,54730625,77026186,2018,tag,[18],1.4,4.0,1.0,49026186,1.7509352142857142,0.7105456967582428,6,Friday
846,50,28000000,54730625,77026186,2018,tag,"[35, 18]",18.5,6.8,1297.0,49026186,1.7509352142857142,0.7105456967582428,6,Friday
847,60,28000000,37053924,40966716,2011,30 minutes or less,"[28, 12, 35]",11.315,5.6,825.0,12966716,0.463097,0.9044885120886917,8,Friday
848,64,28000000,30697999,38959900,2014,3 days to kill,"[28, 18, 53, 80]",11.011,6.1,1279.0,10959900,0.391425,0.7879383417308566,2,Friday
849,65,28000000,28795985,63129909,2013,kickass 2,"[28, 12, 80]",14.793,6.4,3785.0,35129909,1.2546396071428572,0.45613854757813765,8,Friday
850,67,28000000,26017685,62108587,2014,a walk among the tombstones,"[80, 18, 9648, 53]",19.373,6.3,1685.0,34108587,1.2181638214285715,0.41890640661330775,9,Friday
851,69,28000000,20396829,73421224,2014,brick mansions,"[28, 80, 18]",9.193999999999999,5.9,909.0,45421224,1.6221865714285715,0.27780562470601144,4,Friday
852,72,28000000,14439985,30295028,2015,american ultra,"[35, 28]",9.97,6.0,1756.0,2295028,0.08196528571428571,0.47664537560420805,8,Friday
853,74,28000000,10907291,16638300,2016,pride and prejudice and zombies,"[10749, 27, 35, 53]",9.086,5.7,1195.0,-11361700,-0.405775,0.6555532115660855,2,Friday
854,78,28000000,7002261,8594558,2015,our brand is crisis,"[35, 18]",8.304,5.9,306.0,-19405442,-0.6930515,0.814731950147989,10,Friday
855,78,28000000,7002261,8594558,2015,our brand is crisis,"[35, 18]",8.304,5.9,306.0,-19405442,-0.6930515,0.814731950147989,10,Friday
856,86,27500000,30932113,31157914,2012,joyful noise,"[35, 10402]",6.787000000000001,6.4,70.0,3657914,0.13301505454545454,0.9927530129263468,1,Friday
857,90,27500000,4463292,15815509,2011,anonymous,"[18, 36, 53]",8.113999999999999,6.4,434.0,-11684491,-0.42489058181818185,0.2822098232816914,10,Friday
858,91,27000000,79249455,155564919,2011,limitless,"[53, 9648, 878]",19.453,7.1,6295.0,128564919,4.761663666666666,0.509430117724678,3,Friday
859,98,27000000,41012075,93466095,2016,money monster,"[53, 18]",11.134,6.4,1859.0,66466095,2.461707222222222,0.438790932690619,5,Friday
860,100,27000000,38536376,80681183,2011,spy kids all the time in the world,"[10751, 35, 28]",10.009,4.6,487.0,53681183,1.988191962962963,0.4776377163433511,8,Friday
861,19,26700000,3652206,3871448,2016,rules donât apply,,,,,-22828552,-0.855001947565543,0.9433695092895474,11,Wednesday
862,31,26000000,54544638,146850273,2011,new yearâs eve,,,,,120850273,4.648087423076923,0.37143027987424987,12,Friday
863,33,26000000,49875291,81275291,2013,pain  gain,"[53, 80, 28, 35]",16.509,6.1,2500.0,55275291,2.125972730769231,0.6136587194747787,4,Friday
864,38,26000000,37397291,54393687,2012,lawless,"[80, 18]",12.147,7.0,1660.0,28393687,1.0920648846153846,0.6875299885444427,8,Wednesday
865,42,26000000,26766213,41059418,2014,the best of me,"[18, 10749]",8.622,7.3,1512.0,15059418,0.5792083846153846,0.6518897320950823,10,Friday
866,45,26000000,16008272,30601801,2012,the raven,"[27, 28, 53, 878]",0.6,5.9,5.0,4601801,0.17699234615384615,0.523115355204094,4,Friday
867,45,26000000,16008272,30601801,2012,the raven,"[80, 53, 9648]",8.635,6.3,681.0,4601801,0.17699234615384615,0.523115355204094,4,Friday
868,48,26000000,12279691,33667319,2015,selfless,"[878, 9648, 53]",19.131,6.3,1815.0,7667319,0.2948968846153846,0.3647362298138441,7,Friday
869,50,26000000,3254172,6154172,2013,the fifth estate,"[18, 53]",6.611000000000001,5.9,549.0,-19845828,-0.7633010769230769,0.5287749513663251,10,Friday
870,52,26000000,42472,2923959,2014,blood ties,"[53, 80, 18]",12.003,6.1,268.0,-23076041,-0.8875400384615385,0.014525511472630087,3,Friday
871,54,26000000,0,34246770,2015,viy,,,,,8246770,0.31718346153846155,0.0,6,Tuesday
872,55,26000000,0,135436,2015,accidental love,"[10749, 35]",6.487,4.0,172.0,-25864564,-0.9947909230769231,0.0,3,Tuesday
874,63,25000000,169705587,213120004,2011,the help,[18],12.597999999999999,8.1,3944.0,188120004,7.52480016,0.7962912153473871,8,Wednesday
875,64,25000000,169607287,231771716,2016,hidden figures,"[18, 36]",14.751,8.0,4710.0,206771716,8.27086864,0.7317859570060741,12,Sunday
876,64,25000000,169607287,231771716,2016,hidden figures,"[18, 36]",14.751,8.0,4710.0,206771716,8.27086864,0.7317859570060741,12,Sunday
877,67,25000000,134202565,153733800,2014,ride along,"[28, 35]",10.831,6.2,1277.0,128733800,5.149352,0.8729541909456476,1,Friday
878,79,25000000,77267296,120832383,2012,parental guidance,[35],10.124,5.8,276.0,95832383,3.83329532,0.6394585133688873,12,Tuesday
879,84,25000000,70662220,149228078,2011,no strings attached,"[35, 10749]",14.203,6.2,2612.0,124228078,4.96912312,0.4735182610875682,1,Friday
880,85,25000000,66528000,98406855,2012,contraband,"[53, 28, 18, 80]",12.357000000000001,6.2,1114.0,73406855,2.9362742,0.676050464167359,1,Friday
881,86,25000000,64321890,203671625,2017,a dogâs purpose,,,,,178671625,7.146865,0.3158117386258395,1,Friday
882,87,25000000,60457138,96633833,2012,the lucky one,"[18, 10749]",13.14,6.9,2012.0,71633833,2.86535332,0.6256311699857751,4,Friday
883,92,25000000,53345287,54160818,2011,madeas big happy family,"[35, 18]",9.392999999999999,6.7,71.0,29160818,1.16643272,0.984942417228632,4,Friday
884,93,25000000,52543354,52543354,2013,tyler perrys a madea christmas,,,,,27543354,1.10173416,1.0,12,Friday
885,95,25000000,51580136,81249176,2012,the grey,"[18, 53, 28, 12]",12.942,6.5,2280.0,56249176,2.24996704,0.6348388813198549,1,Friday
886,95,25000000,51580136,81249176,2012,the grey,"[18, 53, 28, 12]",12.942,6.5,2280.0,56249176,2.24996704,0.6348388813198549,1,Friday
887,2,25000000,45090374,66540205,2014,the giver,"[18, 878]",8.687000000000001,6.5,3075.0,41540205,1.6616082,0.6776410442378409,8,Friday
888,6,25000000,43035725,52427346,2015,the night before,[35],9.014,6.1,956.0,27427346,1.09709384,0.8208640773080522,11,Friday
889,6,25000000,43035725,52427346,2015,the night before,[35],9.014,6.1,956.0,27427346,1.09709384,0.8208640773080522,11,Friday
890,15,25000000,37738810,50738810,2013,august osage county,"[35, 18]",9.586,6.9,843.0,25738810,1.0295524,0.7437858712098293,12,Wednesday
891,15,25000000,37738810,50738810,2013,august osage county,"[35, 18]",9.586,6.9,843.0,25738810,1.0295524,0.7437858712098293,12,Wednesday
892,17,25000000,36447959,39217912,2014,million dollar arm,[18],7.771,6.8,353.0,14217912,0.56871648,0.9293702071645221,5,Friday
893,21,25000000,35418723,51800758,2018,peppermint,"[53, 28, 18]",32.476,6.5,716.0,26800758,1.07203032,0.6837491258332552,9,Friday
894,25,25000000,33680992,38718031,2014,the gambler,"[53, 80, 18]",8.807,5.8,783.0,13718031,0.54872124,0.8699045672028105,12,Wednesday
895,27,25000000,32492859,52367022,2016,motherâs day,,,,,27367022,1.09468088,0.6204832308394393,4,Friday
896,29,25000000,32187017,40286416,2017,fist fight,[35],9.808,6.0,708.0,15286416,0.61145664,0.798954590549827,2,Friday
897,32,25000000,30542576,38749404,2011,the sitter,[35],11.571,5.4,472.0,13749404,0.54997616,0.7882076328193331,12,Friday
898,36,25000000,28842237,29847480,2014,draft day,[18],10.581,6.6,460.0,4847480,0.1938992,0.9663206743081828,4,Friday
899,38,25000000,27793018,82917283,2017,rings,[27],13.53,4.9,1785.0,57917283,2.31669132,0.3351896853639066,2,Friday
900,43,25000000,24046682,39126427,2011,dont be afraid of the dark,"[14, 27, 53]",8.405,5.5,550.0,14126427,0.56505708,0.6145892646931446,8,Friday
901,50,25000000,19490041,38993548,2011,the eagle,"[12, 18]",8.443,6.1,694.0,13993548,0.55974192,0.49982733040861016,2,Friday
902,51,25000000,19375982,101925161,2015,shaun the sheep,,,,,76925161,3.07700644,0.19010008725912142,8,Wednesday
903,52,25000000,18877153,18877153,2011,shark night 3d,"[27, 53]",7.879,5.0,245.0,-6122847,-0.24491388,1.0,9,Friday
904,53,25000000,18600152,23190292,2017,chips,"[28, 35, 80]",13.744000000000002,6.0,657.0,-1809708,-0.07238832,0.8020663129209412,3,Friday
905,56,25000000,17501244,21038441,2017,father figures,[35],12.45,5.8,277.0,-3961559,-0.15846236,0.8318698139277525,12,Friday
906,56,25000000,17501244,21038441,2017,father figures,[35],12.45,5.8,277.0,-3961559,-0.15846236,0.8318698139277525,12,Friday
907,58,25000000,16973715,71009334,2013,the counselor,"[53, 80, 18]",10.55,5.1,1072.0,46009334,1.84037336,0.23903498376706364,10,Friday
908,60,25000000,16468499,46734733,2018,mary queen of scots,"[18, 36, 10749]",2.242,4.7,16.0,21734733,0.86938932,0.352382434708678,12,Friday
909,60,25000000,16468499,46734733,2018,mary queen of scots,"[18, 36]",16.115,6.6,592.0,21734733,0.86938932,0.352382434708678,12,Friday
910,74,25000000,13657115,24215385,2011,warrior,[18],15.478,7.8,2189.0,-784615,-0.0313846,0.5639850450447103,9,Friday
911,76,25000000,12638526,18445379,2017,battle of the sexes,[35],0.6,5.5,4.0,-6554621,-0.26218484,0.6851865716611191,9,Friday
912,76,25000000,12638526,18445379,2017,battle of the sexes,"[35, 18, 36]",11.988,6.9,1045.0,-6554621,-0.26218484,0.6851865716611191,9,Friday
913,76,25000000,12638526,18445379,2017,battle of the sexes,"[35, 18, 36]",11.988,6.9,1045.0,-6554621,-0.26218484,0.6851865716611191,9,Friday
914,77,25000000,12512862,28012862,2012,cirque du soleil worlds away,"[14, 10751, 10402, 18]",6.537999999999999,6.8,82.0,3012862,0.12051448,0.44668274166345445,12,Friday
915,78,25000000,12227722,28400715,2015,the 33,"[18, 36]",9.993,6.2,565.0,3400715,0.1360286,0.4305427521807109,11,Friday
916,80,25000000,11538204,15907411,2011,the conspirator,"[80, 18, 36]",6.492999999999999,6.5,226.0,-9092589,-0.36370356,0.7253351283876427,4,Friday
917,88,25000000,10324441,11253821,2011,straw dogs,"[18, 53]",8.749,5.7,255.0,-13746179,-0.54984716,0.9174164934736388,9,Friday
918,93,25000000,8547045,11367029,2019,serenity,,,,,-13632971,-0.54531884,0.7519154741313672,1,Friday
919,95,25000000,7634767,13031424,2018,beautiful boy,[18],5.872000000000001,6.0,47.0,-11968576,-0.47874304,0.5858735775921342,10,Friday
920,95,25000000,7634767,13031424,2018,beautiful boy,[18],17.409000000000002,7.6,500.0,-11968576,-0.47874304,0.5858735775921342,10,Friday
921,97,25000000,5958315,8993300,2019,captive state,,,,,-16006700,-0.640268,0.6625282154492789,3,Friday
922,6,25000000,3054285,3645957,2018,sgt stubby an american hero,"[16, 12, 10751, 36, 10752]",6.107,6.4,9.0,-21354043,-0.85416172,0.8377183274514757,4,Friday
923,7,25000000,2546747,38112154,2011,carnage,"[35, 18]",10.181000000000001,7.1,1478.0,13112154,0.52448616,0.06682243674813027,12,Friday
924,8,25000000,2455635,6792768,2017,tulip fever,"[18, 10749]",9.89,6.4,307.0,-18207232,-0.72828928,0.361507267729444,9,Friday
925,10,25000000,1872994,42425450,2015,legend,"[12, 14]",10.542,6.2,509.0,17425450,0.697018,0.0441478876476266,11,Friday
926,10,25000000,1872994,42425450,2015,legend,"[12, 14]",10.542,6.2,509.0,17425450,0.697018,0.0441478876476266,11,Friday
927,10,25000000,1872994,42425450,2015,legend,"[80, 53]",10.195,6.8,1692.0,17425450,0.697018,0.0441478876476266,11,Friday
928,10,25000000,1872994,42425450,2015,legend,"[12, 14]",10.542,6.2,509.0,17425450,0.697018,0.0441478876476266,11,Friday
929,10,25000000,1872994,42425450,2015,legend,"[80, 53]",10.195,6.8,1692.0,17425450,0.697018,0.0441478876476266,11,Friday
930,12,25000000,1513793,3771345,2016,jane got a gun,"[28, 18, 37]",8.825,5.5,439.0,-21228655,-0.8491462,0.40139340208864477,1,Friday
931,17,25000000,720828,9313302,2013,on the road,"[12, 18]",8.919,5.6,518.0,-15686698,-0.62746792,0.07739768344245682,3,Friday
932,18,25000000,205505,48530887,2012,les petits mouchoirs,,,,,23530887,0.94123548,0.004234519760580514,8,Friday
933,20,25000000,129115,129115,2015,yi ge ren de wu lin,,,,,-24870885,-0.9948354,1.0,4,Friday
934,23,25000000,0,9370285,2017,matilda,,,,,-15629715,-0.6251886,0.0,12,Sunday
935,24,25000000,0,8208594,2011,la vãritable histoire du chat bottã,,,,,-16791406,-0.67165624,0.0,10,Tuesday
936,25,25000000,0,5297411,2011,ironclad,"[10749, 12, 28, 36]",10.202,6.1,373.0,-19702589,-0.78810356,0.0,7,Friday
937,26,25000000,0,5227233,2019,the professor and the madman,,,,,-19772767,-0.79091068,0.0,5,Friday
938,27,25000000,0,91116,2015,red sky,"[28, 53]",3.8789999999999996,4.5,33.0,-24908884,-0.99635536,0.0,3,Tuesday
941,31,24200000,17000,10447579,2012,dangerous liaisons,"[18, 10749]",3.035,6.2,22.0,-13752421,-0.5682818595041322,0.0016271712326846248,11,Friday
942,36,24000000,65028687,70027933,2014,think like a man too,"[35, 10749]",8.25,6.3,319.0,46027933,1.9178305416666668,0.9286106873952713,6,Friday
943,37,24000000,57682904,64282881,2016,fences,[18],12.753,6.8,1465.0,40282881,1.678453375,0.8973291660652235,12,Friday
944,37,24000000,57682904,64282881,2016,fences,[18],12.753,6.8,1465.0,40282881,1.678453375,0.8973291660652235,12,Friday
945,39,24000000,51802742,62989834,2011,footloose,"[18, 10402, 10749]",10.269,6.6,929.0,38989834,1.6245764166666667,0.822398452423291,10,Friday
946,40,24000000,45018541,78672579,2017,going in style,"[80, 35]",11.25,6.6,1324.0,54672579,2.278024125,0.5722265822758905,4,Friday
947,58,24000000,9659074,24474463,2011,i dont know how she does it,"[10749, 35]",8.271,5.2,231.0,474463,0.019769291666666668,0.39465928220774443,9,Friday
948,60,24000000,8031955,11723620,2013,dhoom 3,"[28, 53]",6.797999999999999,5.9,136.0,-12276380,-0.5115158333333333,0.6851087803937692,12,Friday
949,71,23000000,85080171,322034439,2018,green book,"[18, 35]",36.284,8.3,3499.0,299034439,13.001497347826087,0.2641958768888069,11,Friday
950,73,23000000,64460211,80171596,2015,the wedding ringer,[35],15.876,6.5,961.0,57171596,2.4857215652173914,0.8040280375608339,1,Friday
951,76,23000000,40962534,77735925,2011,the ides of march,[18],10.127,6.7,1405.0,54735925,2.3798228260869565,0.5269447041377587,10,Friday
952,78,23000000,29719483,35067665,2018,the hate u give,"[80, 18]",19.135,8.2,636.0,12067665,0.5246810869565217,0.8474896460884978,10,Friday
953,80,23000000,25568251,48163815,2014,her,"[10749, 878, 18]",15.968,7.9,7776.0,25163815,1.0940789130434783,0.5308601696107337,1,Friday
954,80,23000000,25568251,48163815,2014,her,"[10749, 878, 18]",15.968,7.9,7776.0,25163815,1.0940789130434783,0.5308601696107337,1,Friday
955,82,23000000,19192510,151496097,2012,kari gurashi no arietti,,,,,128496097,5.586786826086956,0.1266864980686598,2,Friday
956,83,23000000,18942396,36374700,2012,haywire,"[28, 53, 9648]",10.015,5.6,747.0,13374700,0.5815086956521739,0.5207574495459756,1,Friday
957,86,23000000,15789389,45060480,2016,eddie the eagle,"[35, 18, 36, 12]",11.482999999999999,7.2,1190.0,22060480,0.9591513043478261,0.3504043676410016,2,Friday
958,97,23000000,36686,13593473,2013,redemption,"[12, 18, 10749, 37]",0.6659999999999999,3.8,2.0,-9406527,-0.4089794347826087,0.0026987952232663424,6,Friday
959,97,23000000,36686,13593473,2013,redemption,[99],0.703,5.5,2.0,-9406527,-0.4089794347826087,0.0026987952232663424,6,Friday
960,97,23000000,36686,13593473,2013,redemption,[36],0.6,10.0,2.0,-9406527,-0.4089794347826087,0.0026987952232663424,6,Friday
961,99,23000000,0,58807172,2017,chäi dã n zhuänjiä,,,,,35807172,1.5568335652173912,0.0,5,Friday
962,100,23000000,0,44195779,2011,shi yue wei cheng,,,,,21195779,0.9215556086956522,0.0,3,Tuesday
963,3,22500000,10663357,32398681,2016,nocturnal animals,"[18, 53]",16.19,7.4,4192.0,9898681,0.43994137777777775,0.3291293556055569,11,Friday
964,3,22500000,10663357,32398681,2016,nocturnal animals,"[18, 53]",16.19,7.4,4192.0,9898681,0.43994137777777775,0.3291293556055569,11,Friday
965,4,22500000,4200117,31054727,2015,the water diviner,"[10752, 18]",11.479000000000001,6.8,682.0,8554727,0.3802100888888889,0.1352488785362692,4,Friday
966,11,22000000,59700064,70949793,2014,son of god,[18],8.289,6.4,123.0,48949793,2.224990590909091,0.8414409891231113,2,Friday
967,13,22000000,54235441,94270488,2014,the hundredfoot journey,[18],8.26,7.3,785.0,72270488,3.285022181818182,0.5753172827534319,8,Friday
968,17,22000000,49008662,77229695,2012,diary of a wimpy kid dog days,"[35, 10751]",11.36,6.2,440.0,55229695,2.510440681818182,0.6345831354118386,8,Friday
969,21,22000000,30659817,70536870,2013,delivery man,[35],7.962000000000001,6.2,858.0,48536870,2.2062213636363635,0.43466370140892274,11,Friday
970,22,22000000,30080225,64160680,2016,hail caesar,"[35, 18, 9648]",12.312000000000001,5.9,2328.0,42160680,1.9163945454545455,0.4688264681733423,2,Friday
971,27,22000000,20738724,35609577,2017,diary of a wimpy kid the long haul,"[35, 10751]",10.839,5.6,193.0,13609577,0.6186171363636364,0.5823917537689369,5,Friday
972,29,22000000,20158492,51695362,2013,homefront,"[28, 53]",14.422,6.5,1410.0,29695362,1.3497891818181817,0.3899477868053231,11,Wednesday
973,34,22000000,16029670,69698495,2015,the transporter refueled,"[53, 28, 80, 9648]",13.427999999999999,5.4,836.0,47698495,2.168113409090909,0.22998588420022556,9,Friday
974,37,22000000,13749300,17216955,2012,hit  run,"[28, 35, 10749]",7.48,5.7,312.0,-4783045,-0.21741113636363638,0.7985906915595702,8,Wednesday
975,40,22000000,11962712,12967012,2017,roman j israel esq,[18],12.687999999999999,6.2,499.0,-9032988,-0.41059036363636364,0.9225496205293864,11,Friday
976,40,22000000,11962712,12967012,2017,roman j israel esq,[18],12.687999999999999,6.2,499.0,-9032988,-0.41059036363636364,0.9225496205293864,11,Friday
977,41,22000000,11330849,15434375,2013,out of the furnace,"[53, 18, 80]",9.139,6.6,1077.0,-6565625,-0.2984375,0.7341307309171897,12,Wednesday
978,44,22000000,6069605,6756412,2017,just getting started,"[28, 35]",8.459,4.9,94.0,-15243588,-0.6928903636363636,0.8983473772765782,12,Friday
979,44,22000000,6069605,6756412,2017,just getting started,"[28, 35]",8.459,4.9,94.0,-15243588,-0.6928903636363636,0.8983473772765782,12,Friday
980,49,22000000,3242457,19563579,2014,before i go to sleep,"[9648, 53]",16.07,6.4,1098.0,-2436421,-0.11074640909090909,0.16573945902229853,10,Friday
981,52,22000000,0,34061097,2013,metegol,,,,,12061097,0.5482316818181818,0.0,12,Tuesday
982,58,21500000,16684352,74326015,2012,to rome with love,"[10749, 35, 18]",9.562999999999999,5.7,1097.0,52826015,2.457023953488372,0.2244752661635364,6,Friday
983,59,21000000,132092958,236412453,2012,silver linings playbook,"[18, 35, 10749]",15.350999999999999,7.1,7636.0,215412453,10.257735857142857,0.5587394247797937,11,Friday
984,60,21000000,60311495,94045328,2018,blockers,[35],21.840999999999998,6.1,969.0,73045328,3.4783489523809523,0.6413024047297703,4,Friday
985,61,21000000,54724696,109501146,2019,pet sematary,,,,,88501146,4.214340285714286,0.49976368283853395,4,Friday
986,69,21000000,30718107,34836080,2017,kidnap,"[18, 53]",10.959000000000001,6.0,805.0,13836080,0.6588609523809524,0.8817900004822586,8,Friday
987,72,21000000,24149393,81452811,2011,tinker tailor soldier spy,"[18, 53, 9648]",10.831,6.7,1402.0,60452811,2.8787052857142856,0.2964832361648022,12,Friday
988,73,21000000,22245070,68271146,2017,victoria and abdul,,,,,47271146,2.251006952380952,0.32583413789479965,9,Friday
989,79,21000000,970816,5046038,2011,the beaver,[18],7.357,6.3,464.0,-15953962,-0.7597124761904762,0.19239173387120748,5,Friday
990,80,21000000,557241,606162,2017,bitter harvest,"[10752, 18, 36, 10749]",5.489,6.2,42.0,-20393838,-0.9711351428571429,0.9192938521385372,2,Friday
992,88,20000000,175006930,254210310,2019,us,,,,,234210310,11.7105155,0.6884336437810095,3,Friday
993,92,20000000,151101803,426351163,2016,la la land,"[35, 18, 10749]",16.275,7.9,10028.0,406351163,20.31755815,0.3544069211322874,12,Friday
994,92,20000000,151101803,426351163,2016,la la land,"[35, 18, 10749]",16.275,7.9,10028.0,406351163,20.31755815,0.3544069211322874,12,Friday
995,93,20000000,137400141,318000141,2013,the conjuring,"[27, 53]",18.886,7.5,5912.0,298000141,14.90000705,0.4320757235135943,7,Friday
996,95,20000000,132422809,304604712,2017,wonder,"[18, 10751]",20.101,8.2,3959.0,284604712,14.2302356,0.4347365742654697,11,Friday
997,95,20000000,132422809,304604712,2017,wonder,"[18, 10751]",20.101,8.2,3959.0,284604712,14.2302356,0.4347365742654697,11,Friday
998,99,20000000,113257297,180998716,2016,bad moms,[35],14.332,6.5,2600.0,160998716,8.0499358,0.6257353615701893,7,Friday
999,100,20000000,111035005,245303505,2019,glass,,,,,225303505,11.26517525,0.4526433692824732,1,Friday
1000,3,20000000,84525432,96407655,2014,tammy,[35],10.979000000000001,5.2,735.0,76407655,3.82038275,0.8767502124182981,7,Wednesday
1001,5,20000000,82624961,175507800,2011,the descendants,"[35, 18]",10.444,6.8,1522.0,155507800,7.77539,0.4707765751721576,11,Wednesday
1002,9,20000000,73206343,73206343,2016,tyler perryâs boo a madea halloween,,,,,53206343,2.66031715,1.0,10,Friday
1003,14,20000000,65653242,66950887,2012,tyler perrys madeas witness protection,,,,,46950887,2.34754435,0.9806179565626965,6,Friday
1004,18,20000000,56671993,181025343,2013,12 years a slave,"[18, 36]",16.493,7.9,6631.0,161025343,8.05126715,0.3130610999588052,10,Friday
1005,20,20000000,56245075,208265198,2016,me before you,"[18, 10749]",16.917,7.7,5939.0,188265198,9.4132599,0.27006468454705523,6,Friday
1006,21,20000000,54611903,69911903,2019,what men want,,,,,49911903,2.49559515,0.7811531464105619,2,Friday
1007,22,20000000,54030051,54404202,2016,barbershop the next cut,[35],12.845999999999998,6.0,248.0,34404202,1.7202101,0.9931227554812769,4,Friday
1008,24,20000000,53548586,97628717,2018,a simple favor,"[53, 80, 9648, 35, 18]",21.121,6.6,1756.0,77628717,3.88143585,0.5484921613791155,9,Friday
1009,25,20000000,52076908,66776576,2015,selma,"[36, 18]",9.541,7.5,1354.0,46776576,2.3388288,0.7798678985876725,1,Friday
1010,31,20000000,47319572,47879572,2017,tyler perryâs boo 2 a madea halloween,,,,,27879572,1.3939786,0.9883039890164431,10,Friday
1011,34,20000000,45055776,92088460,2015,spotlight,"[18, 53, 36]",16.354,7.8,4935.0,72088460,3.604423,0.4892662555112769,11,Friday
1012,34,20000000,45055776,92088460,2015,spotlight,"[18, 53, 36]",16.354,7.8,4935.0,72088460,3.604423,0.4892662555112769,11,Friday
1013,34,20000000,45055776,92088460,2015,spotlight,[],0.6,10.0,1.0,72088460,3.604423,0.4892662555112769,11,Friday
1014,35,20000000,43549096,46627836,2018,acrimony,"[18, 53]",10.6,6.6,186.0,26627836,1.3313918,0.9339720590936281,3,Friday
1015,36,20000000,42656255,43658157,2015,max,"[12, 18, 10751]",7.766,6.8,407.0,23658157,1.18290785,0.9770512071776186,6,Friday
1016,39,20000000,40847995,62758010,2017,the star,"[35, 12, 10751, 14, 16]",14.53,5.4,233.0,42758010,2.1379005,0.6508809791770007,11,Friday
1017,43,20000000,38583626,70652284,2016,nerve,"[35, 18]",0.6,10.0,1.0,50652284,2.5326142,0.5461058555445992,7,Wednesday
1018,43,20000000,38583626,70652284,2016,nerve,"[35, 18]",0.6,10.0,1.0,50652284,2.5326142,0.5461058555445992,7,Wednesday
1019,43,20000000,38583626,70652284,2016,nerve,"[9648, 12, 80]",14.508,7.1,4590.0,50652284,2.5326142,0.5461058555445992,7,Wednesday
1020,48,20000000,36880033,46255763,2016,risen,"[18, 36]",10.089,5.8,433.0,26255763,1.31278815,0.7973067701855875,2,Friday
1021,53,20000000,35061031,36265745,2011,a very harold  kumar 3d christmas,,,,,16265745,0.81328725,0.9667809388722057,11,Friday
1022,55,20000000,34341945,47666013,2013,texas chainsaw 3d,"[27, 53]",18.256,5.3,780.0,27666013,1.38330065,0.7204702646306919,1,Friday
1023,57,20000000,34296320,41296320,2014,this is where i leave you,"[18, 35]",9.681000000000001,6.6,695.0,21296320,1.064816,0.8304933708378858,9,Friday
1024,61,20000000,32015787,78613981,2013,scary movie v,,,,,58613981,2.93069905,0.4072530940775026,4,Friday
1025,65,20000000,31177548,46604054,2011,the debt,"[18, 53]",12.697000000000001,6.6,403.0,26604054,1.3302027,0.6689878953448986,8,Wednesday
1026,76,20000000,26004851,47508505,2013,the worlds end,"[35, 28, 878]",12.719000000000001,6.7,2990.0,27508505,1.37542525,0.5473725388748815,8,Friday
1027,81,20000000,24622687,38073377,2018,on the basis of sex,"[18, 36]",32.624,7.4,225.0,18073377,0.90366885,0.646716654527388,12,Tuesday
1028,82,20000000,23438250,34718173,2014,endless love,"[18, 10749]",8.776,6.8,990.0,14718173,0.73590865,0.6751003285800782,2,Friday
1029,84,20000000,23186769,39686769,2011,monte carlo,"[12, 35, 10749]",11.017000000000001,6.2,1193.0,19686769,0.98433845,0.5842443107424542,7,Friday
1030,87,20000000,22105643,46844357,2017,rough night,"[18, 35]",14.338,5.6,1096.0,26844357,1.34221785,0.47189553695869924,6,Friday
1031,94,20000000,20180155,32608019,2015,secret in their eyes,"[80, 18, 9648, 53]",6.892,6.3,696.0,12608019,0.63040095,0.6188709286510168,11,Friday
1032,94,20000000,20180155,32608019,2015,secret in their eyes,"[80, 18, 9648, 53]",6.892,6.3,696.0,12608019,0.63040095,0.6188709286510168,11,Friday
1033,5,20000000,17530219,55975672,2012,silent hill revelation 3d,"[53, 27, 9648]",13.681,5.2,786.0,35975672,1.7987836,0.31317567746216607,10,Friday
1034,7,20000000,17445186,26308749,2017,the zookeeperâs wife,,,,,6308749,0.31543745,0.663094470968574,3,Friday
1035,11,20000000,16883115,45173738,2017,flatliners,"[18, 878]",9.844,5.7,1249.0,25173738,1.2586869,0.37373739140205753,9,Friday
1036,22,20000000,14326865,33943049,2012,lockout,"[28, 53, 878]",11.273,5.9,1004.0,13943049,0.69715245,0.4220853877917685,4,Friday
1037,24,20000000,14011084,30163785,2011,whats your number,"[35, 10749]",10.390999999999998,6.4,1271.0,10163785,0.50818925,0.46450019452134406,9,Friday
1038,27,20000000,13651946,36773510,2015,burnt,"[18, 35]",12.761,6.4,1841.0,16773510,0.8386755,0.37124402864997114,10,Friday
1039,27,20000000,13651946,36773510,2015,burnt,"[18, 35]",12.761,6.4,1841.0,16773510,0.8386755,0.37124402864997114,10,Friday
1040,33,20000000,12639297,25943792,2016,triple 9,"[28, 53, 9648]",13.334000000000001,5.8,1258.0,5943792,0.2971896,0.48718001593598964,2,Friday
1041,34,20000000,12545979,22281732,2016,the light between oceans,"[18, 10749]",29.886999999999997,7.1,831.0,2281732,0.1140866,0.5630612108609869,9,Friday
1042,47,20000000,9496130,9537120,2016,popstar never stop never stopping,"[35, 10402]",11.844000000000001,6.6,675.0,-10462880,-0.523144,0.9957020568054088,6,Friday
1043,48,20000000,9479390,9985316,2017,thank you for your service,[99],0.6,6.0,1.0,-10014684,-0.5007342,0.9493330005780488,10,Friday
1044,48,20000000,9479390,9985316,2017,thank you for your service,"[18, 10752]",8.208,6.3,149.0,-10014684,-0.5007342,0.9493330005780488,10,Friday
1045,51,20000000,8888355,16723377,2013,battle of the year,"[10402, 18]",5.858,6.1,130.0,-3276623,-0.16383115,0.5314928318604549,9,Friday
1046,52,20000000,8813410,14365639,2016,ratchet and clank,,,,,-5634361,-0.28171805,0.6135062979098945,4,Friday
1047,56,20000000,8110975,14772346,2014,inherent vice,"[35, 10749, 80, 18, 9648]",14.244000000000002,6.6,1359.0,-5227654,-0.2613827,0.5490647863243929,12,Friday
1048,56,20000000,8110975,14772346,2014,inherent vice,"[35, 10749, 80, 18, 9648]",14.244000000000002,6.6,1359.0,-5227654,-0.2613827,0.5490647863243929,12,Friday
1049,58,20000000,8008161,18273009,2013,machete kills,"[28, 80, 53]",10.36,5.5,1079.0,-1726991,-0.08634955,0.43825081025243295,10,Friday
1050,65,20000000,6485961,17769299,2015,little boy,"[35, 18, 10752]",5.805,7.0,292.0,-2230701,-0.11153505,0.36500939063493726,4,Friday
1051,67,20000000,6002756,8300821,2012,chasing mavericks,[18],6.546,7.0,329.0,-11699179,-0.58495895,0.7231520833903056,10,Friday
1052,68,20000000,5749134,8846875,2014,a most violent year,"[80, 18, 53]",12.270999999999999,6.6,792.0,-11153125,-0.55765625,0.6498491275167785,12,Wednesday
1053,68,20000000,5749134,8846875,2014,a most violent year,"[80, 18, 53]",12.270999999999999,6.6,792.0,-11153125,-0.55765625,0.6498491275167785,12,Wednesday
1054,69,20000000,5702083,14807531,2011,a dangerous method,"[18, 53]",10.352,6.3,1066.0,-5192469,-0.25962345,0.3850799299356523,11,Wednesday
1055,74,20000000,4712792,5031975,2016,hands of stone,[18],8.17,6.1,167.0,-14968025,-0.74840125,0.9365690409829143,8,Friday
1056,78,20000000,3763583,25361206,2012,the cold light of day,"[28, 53, 9648]",8.974,5.1,463.0,5361206,0.2680603,0.14839921256110614,9,Friday
1057,81,20000000,2483472,7034615,2018,suspiria,"[27, 14]",16.925,7.0,752.0,-12965385,-0.64826925,0.3530359515055195,10,Friday
1058,82,20000000,2468683,2507181,2017,lbj,[18],6.303999999999999,6.6,65.0,-17492819,-0.87464095,0.9846449059720858,11,Friday
1059,85,20000000,2246000,2246000,2015,my allamerican,,,,,-17754000,-0.8877,1.0,11,Friday
1060,90,20000000,1186538,6093725,2011,dylan dog dead of night,"[28, 35, 27, 9648, 878, 53]",7.507999999999999,4.4,243.0,-13906275,-0.69531375,0.19471472703477757,4,Friday
1061,91,20000000,1065907,1065907,2012,the oogieloves in the big balloon adventure,[10751],1.578,2.6,9.0,-18934093,-0.94670465,1.0,8,Wednesday
1062,95,20000000,587470,43888531,2017,jãyã dã shä,,,,,23888531,1.19442655,0.013385501556203829,4,Friday
1063,97,20000000,538460,3727746,2015,by the sea,"[18, 10749]",6.471,5.4,306.0,-16272254,-0.8136127,0.14444653686168532,11,Friday
1064,6,20000000,55039,15824374,2015,regression,"[27, 9648, 53, 80]",10.713,5.5,1065.0,-4175626,-0.2087813,0.003478115469212242,10,Friday
1065,8,20000000,0,34454336,2012,zambezia,"[35, 16, 12, 10751]",7.931,5.6,131.0,14454336,0.7227168,0.0,12,Monday
1066,11,20000000,0,1703281,2015,survivor,"[878, 28, 14]",3.412,4.8,55.0,-18296719,-0.91483595,0.0,5,Friday
1067,11,20000000,0,1703281,2015,survivor,"[28, 80, 53]",21.021,5.5,581.0,-18296719,-0.91483595,0.0,5,Friday
1068,12,20000000,0,476624,2016,the history of love,,,,,-19523376,-0.9761688,0.0,11,Friday
1073,19,19500000,63859435,195790794,2017,the shape of water,"[18, 14, 10749]",22.025,7.2,7224.0,176290794,9.040553538461538,0.3261615814275721,12,Friday
1074,19,19500000,63859435,195790794,2017,the shape of water,"[18, 14, 10749]",22.025,7.2,7224.0,176290794,9.040553538461538,0.3261615814275721,12,Friday
1075,20,19500000,2061449,29393634,2012,de rouille et dâos,,,,,9893634,0.5073658461538462,0.07013249875806442,11,Friday
1076,22,19200000,0,5617460,2013,the frozen ground,"[53, 80]",10.34,6.3,762.0,-13582540,-0.7074239583333334,0.0,8,Friday
1077,23,19100000,1361512,5965646,2011,the devils double,"[18, 28, 53, 80, 10752]",7.505,6.7,291.0,-13134354,-0.6876625130890053,0.22822540928509671,7,Friday
1078,27,19000000,100292856,215448997,2011,bad teacher,[35],13.549000000000001,5.5,2894.0,196448997,10.339420894736842,0.46550625622081687,6,Friday
1079,28,19000000,97670358,141344255,2016,sausage party,"[12, 16, 35, 14]",15.232000000000001,5.6,4237.0,122344255,6.439171315789474,0.6910104552887558,8,Friday
1080,38,19000000,31713110,32589493,2018,nobodyâs fool,,,,,13589493,0.7152364736842105,0.973108418716425,11,Friday
1081,41,19000000,21488481,76086711,2013,the book thief,[18],9.033999999999999,7.5,2788.0,57086711,3.004563736842105,0.2824209473320512,11,Friday
1082,48,19000000,6928068,7576604,2011,take me home tonight,"[35, 18, 10749]",11.321,6.1,339.0,-11423396,-0.6012313684210526,0.9144028116026652,3,Friday
1083,49,19000000,5310554,5745503,2012,wont back down,[18],6.14,6.3,64.0,-13254497,-0.6976051052631579,0.9242974897062972,9,Friday
1084,49,19000000,5310554,5745503,2012,wont back down,[99],0.938,6.2,3.0,-13254497,-0.6976051052631579,0.9242974897062972,9,Friday
1085,50,19000000,5059608,5103675,2018,action point,"[35, 18]",12.84,5.2,136.0,-13896325,-0.7313855263157895,0.9913656335875619,6,Friday
1086,53,19000000,2119994,2119994,2011,george balanchines the nutcracker,,,,,-16880006,-0.8884213684210527,1.0,12,Tuesday
1088,64,18000000,150086800,270944428,2014,neighbors,[35],14.979000000000001,6.2,4536.0,252944428,14.052468222222222,0.5539394225889008,5,Friday
1089,77,18000000,59689605,92096558,2016,my big fat greek wedding 2,"[10749, 35, 10751]",6.7139999999999995,5.8,593.0,74096558,4.116475444444444,0.6481198244129819,3,Friday
1090,78,18000000,57027435,60278166,2015,the perfect guy,"[18, 53]",6.727,5.7,211.0,42278166,2.348787,0.9460711694513068,9,Friday
1091,80,18000000,52698535,73695194,2011,diary of a wimpy kid rodrick rules,"[10751, 35]",8.961,6.4,492.0,55695194,3.0941774444444445,0.7150878115606834,3,Friday
1092,83,18000000,43853424,47158652,2011,soul surfer,"[10751, 28, 18]",8.459,7.0,688.0,29158652,1.619925111111111,0.9299125852876371,4,Friday
1093,85,18000000,42469946,46527161,2018,uncle drew,[35],10.835999999999999,6.5,220.0,28527161,1.5848422777777778,0.9127989992770029,6,Friday
1094,86,18000000,42340598,103215094,2014,birdman or the unexpected virtue of ignorance,,,,,85215094,4.734171888888889,0.41021711417518064,10,Friday
1095,90,18000000,33404871,102912961,2013,blue jasmine,"[35, 18]",10.443,7.0,1983.0,84912961,4.717386722222222,0.3245934299762301,7,Friday
1096,95,18000000,26839498,41166033,2015,ricki and the flash,"[35, 18, 10402]",8.247,5.8,473.0,23166033,1.2870018333333333,0.6519816471021145,8,Friday
1097,98,18000000,26302731,42227490,2015,love the coopers,"[35, 10751, 18]",8.261000000000001,5.8,384.0,24227490,1.3459716666666666,0.6228817057324506,11,Friday
1098,4,18000000,20497844,40651864,2017,the circle,"[18, 14, 9648, 53]",2.398,5.5,48.0,22651864,1.2584368888888888,0.5042288835759167,4,Friday
1099,4,18000000,20497844,40651864,2017,the circle,"[18, 53, 878]",10.932,5.5,2689.0,22651864,1.2584368888888888,0.5042288835759167,4,Friday
1100,9,18000000,17062499,30535660,2016,norm of the north,"[12, 16, 35, 10751]",9.325,4.2,192.0,12535660,0.6964255555555555,0.5587728904500509,1,Friday
1101,11,18000000,16131410,43402515,2013,jobs,"[18, 36]",8.023,6.1,1622.0,25402515,1.4112508333333333,0.37166993663846437,8,Friday
1102,14,18000000,15160801,17920013,2014,and so it goes,"[35, 18, 10749]",8.235,5.9,264.0,-79987,-0.004443722222222222,0.8460262277711518,7,Friday
1103,19,18000000,13371528,14189810,2014,labor day,[18],9.258,6.9,546.0,-3810190,-0.2116772222222222,0.9423331249678466,1,Friday
1104,20,18000000,10501938,11813989,2013,getaway,"[28, 80]",10.793,5.1,380.0,-6186011,-0.3436672777777778,0.8889408987937943,8,Friday
1105,33,18000000,4438438,23910210,2014,the railway man,"[18, 36]",9.582,6.9,408.0,5910210,0.328345,0.18562940266940356,4,Friday
1106,35,18000000,3712282,7680250,2016,midnight special,"[12, 18, 878]",8.652999999999999,6.3,1105.0,-10319750,-0.5733194444444445,0.48335431789329775,3,Friday
1107,36,18000000,3500605,7719630,2016,miss sloane,"[18, 53]",12.215,7.4,912.0,-10280370,-0.5711316666666667,0.45346797709216635,11,Friday
1108,36,18000000,3500605,7719630,2016,miss sloane,"[18, 53]",12.215,7.4,912.0,-10280370,-0.5711316666666667,0.45346797709216635,11,Friday
1109,37,18000000,3419967,9082906,2013,metallica through the never,[10402],7.295,6.6,130.0,-8917094,-0.4953941111111111,0.37652784252088484,9,Friday
1110,40,18000000,2402004,42091262,2017,t2 trainspotting,"[80, 18]",11.001,7.0,1741.0,24091262,1.3384034444444444,0.05706657120425612,3,Friday
1111,43,18000000,1034589,1199510,2013,phantom,[53],7.211,6.0,151.0,-16800490,-0.9333605555555555,0.8625096914573451,3,Friday
1112,50,18000000,0,309608,2016,i am wrath,"[28, 80, 18, 53]",9.558,4.9,296.0,-17690392,-0.9827995555555555,0.0,4,Friday
1113,51,18000000,0,94953,2014,wolves,"[27, 28]",8.627,5.8,151.0,-17905047,-0.9947248333333333,0.0,11,Friday
1114,51,18000000,0,94953,2014,wolves,[18],4.27,5.8,22.0,-17905047,-0.9947248333333333,0.0,11,Friday
1115,51,18000000,0,94953,2014,wolves,[18],4.27,5.8,22.0,-17905047,-0.9947248333333333,0.0,11,Friday
1120,56,17700000,49521,14518884,2012,red lights,[53],8.25,6.1,615.0,-3181116,-0.17972406779661018,0.0034107993424287984,7,Friday
1121,63,17500000,7018188,7285135,2013,black nativity,"[18, 10402]",1.7790000000000001,5.7,25.0,-10214865,-0.5837065714285714,0.9633573022325599,11,Wednesday
1122,66,17000000,188024361,334522294,2018,a quiet place,"[18, 27, 53, 878]",29.154,7.3,5848.0,317522294,18.677782,0.5620682518696347,4,Friday
1123,69,17000000,82390774,136890774,2014,letâs be cops,,,,,119890774,7.052398470588235,0.6018723657738979,8,Wednesday
1124,73,17000000,70525195,72835710,2013,the best man holiday,[35],8.581,6.6,145.0,55835710,3.2844535294117647,0.9682777170703766,11,Friday
1125,75,17000000,65001093,116044347,2012,pitch perfect,"[35, 10402, 10749]",13.886,7.3,4233.0,99044347,5.826138058823529,0.560140107471155,9,Friday
1126,77,17000000,54239856,97778356,2013,evil dead,[27],13.089,6.4,2664.0,80778356,4.751668,0.5547225195727365,4,Friday
1127,80,17000000,44480275,45707924,2015,mcfarland usa,[18],8.197000000000001,7.3,358.0,28707924,1.688701411764706,0.9731414404207025,2,Friday
1128,81,17000000,42065185,42493506,2016,almost christmas,"[35, 18]",6.532,5.6,245.0,25493506,1.499618,0.9899203186482188,11,Friday
1129,87,17000000,27865571,38028230,2011,beastly,"[18, 14, 10749, 878]",10.136000000000001,6.1,1748.0,21028230,1.236954705882353,0.7327601363513369,3,Friday
1130,4,17000000,4936819,10637281,2012,the apparition,"[27, 53]",7.7139999999999995,4.3,221.0,-6362719,-0.3742775882352941,0.46410534797379144,8,Friday
1131,4,17000000,4936819,10637281,2012,the apparition,[18],7.912999999999999,6.4,63.0,-6362719,-0.3742775882352941,0.46410534797379144,8,Friday
1132,10,17000000,1361045,7265283,2016,genius,"[18, 36]",9.417,6.5,391.0,-9734717,-0.5726304117647059,0.18733544171644795,6,Friday
1133,12,17000000,195792,3917679,2015,escobar paradise lost,"[53, 10749]",15.924000000000001,6.3,476.0,-13082321,-0.769548294117647,0.0499765294706381,6,Friday
1134,13,17000000,0,14534046,2017,mune le gardien de la lune,,,,,-2465954,-0.14505611764705884,0.0,9,Tuesday
1136,17,16800000,6469813,7313697,2016,the young messiah,[18],5.531000000000001,6.1,50.0,-9486303,-0.5646608928571428,0.8846159473109154,3,Friday
1137,33,16000000,45512466,68848446,2012,moonrise kingdom,"[35, 18, 10749]",14.085999999999999,7.7,3023.0,52848446,3.303027875,0.6610529161398937,5,Friday
1138,34,16000000,44667095,128256712,2011,the artist,"[18, 35, 10749]",10.155,7.4,1787.0,112256712,7.0160445,0.3482632160412782,11,Friday
1139,39,16000000,37300107,52545707,2011,the roommate,"[53, 18, 27]",8.134,5.4,406.0,36545707,2.2841066875,0.7098602175054948,2,Friday
1140,49,16000000,20537137,20723581,2018,superfly,"[28, 80]",12.046,6.5,130.0,4723581,0.2952238125,0.9910032923363968,6,Wednesday
1141,57,16000000,14019924,20769209,2014,left behind,"[53, 28, 878]",13.897,4.0,713.0,4769209,0.2980755625,0.6750340853135043,10,Friday
1142,60,16000000,12431792,12617472,2012,people like us,[18],9.078,6.8,360.0,-3382528,-0.211408,0.9852838983910565,6,Friday
1143,65,16000000,5083906,6603926,2016,bleed for this,[18],8.258,6.9,405.0,-9396074,-0.587254625,0.7698308551610057,11,Friday
1144,65,16000000,5083906,6603926,2016,bleed for this,[18],8.258,6.9,405.0,-9396074,-0.587254625,0.7698308551610057,11,Friday
1145,70,16000000,2429989,8217571,2014,the homesman,"[37, 18]",8.232000000000001,6.5,389.0,-7782429,-0.4864018125,0.29570648066198635,11,Friday
1146,71,16000000,2322593,22594052,2013,trance,"[53, 80, 18, 9648]",9.571,6.6,1348.0,6594052,0.41212825,0.10279665639434662,4,Friday
1147,72,16000000,2013456,7585011,2014,the immigrant,"[18, 10749]",8.145,6.2,438.0,-8414989,-0.5259368125,0.2654519551784434,5,Friday
1148,76,16000000,705908,1685403,2014,men women and children,,,,,-14314597,-0.8946623125,0.4188363257927036,10,Wednesday
1149,79,16000000,3361,94812,2012,vamps,"[35, 10749, 27]",6.65,5.0,145.0,-15905188,-0.99407425,0.03544909927013458,11,Friday
1150,82,16000000,0,1844228,2013,zulu,,,,,-14155772,-0.88473575,0.0,12,Tuesday
1151,83,15700000,39282227,63288854,2018,second act,"[10749, 35]",16.322,6.2,361.0,47588854,3.0311371974522294,0.6206815974263019,12,Friday
1152,2,15000000,102092201,305384865,2017,annabelle creation,"[27, 9648, 53]",21.245,6.5,3141.0,290384865,19.358991,0.3343066821599034,8,Friday
1153,3,15000000,102003019,160903019,2013,jackass presents bad grandpa,[35],8.823,6.0,928.0,145903019,9.726867933333333,0.6339409890127667,10,Friday
1154,6,15000000,91125143,227740463,2014,the imitation game,"[36, 18, 53, 10752]",33.078,8.1,10396.0,212740463,14.182697533333334,0.4001271526351468,11,Friday
1155,9,15000000,71628180,148095566,2013,mama,[27],11.982999999999999,6.1,2421.0,133095566,8.873037733333334,0.4836618808695461,1,Friday
1156,18,15000000,54333290,128955898,2012,the woman in black,"[18, 27, 53]",12.780999999999999,6.1,2122.0,113955898,7.597059866666667,0.4213323379749564,2,Friday
1157,21,15000000,49275340,93017335,2018,blackkklansman,"[80, 18]",25.101,7.6,3138.0,78017335,5.201155666666667,0.5297436225193939,8,Friday
1158,26,15000000,42930462,57907734,2013,snitch,[],0.6,1.0,1.0,42907734,2.8605156,0.7413597292548176,2,Friday
1159,26,15000000,42930462,57907734,2013,snitch,"[53, 18]",16.673,5.9,1493.0,42907734,2.8605156,0.7413597292548176,2,Friday
1160,28,15000000,42725475,61788393,2015,krampus,"[27, 35, 14]",9.417,6.0,1046.0,46788393,3.1192262,0.6914805989532694,12,Friday
1161,29,15000000,41003371,57586606,2012,end of watch,"[80, 18, 53]",13.152000000000001,7.3,1770.0,42586606,2.8391070666666667,0.7120296514783316,9,Friday
1162,33,15000000,37880356,52460543,2014,wild,[18],10.097999999999999,7.0,1454.0,37460543,2.4973695333333334,0.722073273240805,12,Wednesday
1163,33,15000000,37880356,52460543,2014,wild,[18],1.045,6.4,28.0,37460543,2.4973695333333334,0.722073273240805,12,Wednesday
1164,35,15000000,35893537,123327692,2014,the theory of everything,"[18, 10749]",13.866,7.9,6412.0,108327692,7.221846133333333,0.2910419907963574,11,Friday
1165,36,15000000,35060689,81357930,2011,drive,"[18, 28, 53, 80]",15.875,7.5,6737.0,66357930,4.423862,0.4309437199299441,9,Friday
1166,39,15000000,34366783,94113929,2018,the favourite,"[18, 36, 35]",28.651,7.7,2096.0,79113929,5.274261933333333,0.3651614948516282,11,Friday
1167,50,15000000,30127963,30138912,2014,when the game stands tall,[18],6.08,6.6,185.0,15138912,1.0092608,0.9996367154859472,8,Friday
1168,57,15000000,27020284,37336874,2017,home again,"[35, 18, 10749]",10.478,5.9,659.0,22336874,1.4891249333333334,0.7236889729975787,9,Friday
1169,61,15000000,25018119,34820335,2014,the november man,"[80, 28, 53]",17.747,6.1,852.0,19820335,1.3213556666666666,0.7184916227830662,8,Wednesday
1170,67,15000000,21403519,47011449,2013,the place beyond the pines,"[18, 80]",12.96,6.9,2781.0,32011449,2.1340966,0.45528311624685297,3,Friday
1171,70,15000000,20591853,20688141,2016,keanu,"[28, 35]",8.952,6.0,644.0,5688141,0.3792094,0.9953457393779364,4,Friday
1172,76,15000000,17237855,36068890,2014,a most wanted man,[53],10.267000000000001,6.5,784.0,21068890,1.4045926666666666,0.4779147625557648,7,Friday
1173,79,15000000,15634090,22018988,2012,the man with the iron fists,[28],15.457,5.3,573.0,7018988,0.46793253333333334,0.7100276361474923,11,Friday
1174,81,15000000,14998027,15362298,2019,miss bala,"[18, 28]",10.128,6.3,50.0,362298,0.0241532,0.9762879876435153,2,Friday
1175,82,15000000,14945541,39238443,2012,killing them softly,"[80, 53]",11.298,6.0,1105.0,24238443,1.6158962,0.3808902662116333,11,Friday
1176,84,15000000,13843771,59168692,2011,one day,"[18, 10749]",10.308,7.2,2105.0,44168692,2.9445794666666667,0.23397121910350832,8,Friday
1177,90,15000000,12786053,24403192,2017,the founder,"[18, 36]",12.349,7.0,2093.0,9403192,0.6268794666666667,0.5239500226036004,1,Friday
1178,90,15000000,12786053,24403192,2017,the founder,"[18, 36]",12.349,7.0,2093.0,9403192,0.6268794666666667,0.5239500226036004,1,Friday
1179,6,15000000,8874389,10055481,2016,queen of katwe,[18],7.564,7.1,225.0,-4944519,-0.3296346,0.8825424661435888,9,Friday
1180,13,15000000,7597898,12394562,2013,promised land,[18],8.702,6.2,378.0,-2605438,-0.17369586666666667,0.6130025409530405,1,Friday
1181,15,15000000,6708137,12758799,2018,hotel artemis,"[53, 878, 28]",14.585,5.9,471.0,-2241201,-0.1494134,0.5257655520711628,6,Friday
1182,25,15000000,3703046,15554855,2015,scouts guide to the zombie apocalypse,"[35, 27]",10.450999999999999,6.2,915.0,554855,0.03699033333333333,0.23806367851066434,10,Friday
1183,28,15000000,3020665,3386153,2015,rock the kasbah,"[35, 10402, 10752]",5.202999999999999,5.5,154.0,-11613847,-0.7742564666666667,0.8920639439505539,10,Friday
1184,28,15000000,3020665,3386153,2015,rock the kasbah,"[35, 10402, 10752]",5.202999999999999,5.5,154.0,-11613847,-0.7742564666666667,0.8920639439505539,10,Friday
1185,30,15000000,2423467,3503761,2016,the disappointments room,"[18, 27, 53]",6.324,4.4,272.0,-11496239,-0.7664159333333334,0.6916758877103775,9,Friday
1186,35,15000000,1658706,1658706,2017,the comedian,[35],7.433,5.6,68.0,-13341294,-0.8894196,1.0,2,Friday
1187,35,15000000,1658706,1658706,2017,the comedian,[35],7.433,5.6,68.0,-13341294,-0.8894196,1.0,2,Friday
1188,40,15000000,632542,11279884,2015,cãkã niã yinniãng,,,,,-3720116,-0.24800773333333334,0.0560769951180349,10,Friday
1189,42,15000000,528731,528731,2013,the reluctant fundamentalist,[53],7.46,6.7,120.0,-14471269,-0.9647512666666667,1.0,4,Friday
1190,50,15000000,61847,61847,2013,winnie mandela,[18],1.88,5.7,6.0,-14938153,-0.9958768666666666,1.0,9,Friday
1191,51,15000000,30680,1148578,2011,the son of no one,"[18, 53, 80]",7.586,5.1,156.0,-13851422,-0.9234281333333333,0.026711289960281322,11,Friday
1192,54,15000000,0,20898221,2013,khumba,"[16, 12, 10751]",9.597000000000001,5.6,129.0,5898221,0.39321473333333334,0.0,12,Friday
1193,55,15000000,0,17224539,2015,a few best men,[35],8.84,5.8,247.0,2224539,0.1483026,0.0,5,Tuesday
1194,56,15000000,0,6775458,2014,autã³mata,,,,,-8224542,-0.5483028,0.0,10,Friday
1195,57,15000000,0,3925769,2015,chiamatemi francesco  il papa della gente,,,,,-11074231,-0.7382820666666666,0.0,12,Thursday
1196,61,15000000,0,214182,2017,in dubious battle,[18],7.646,5.9,67.0,-14785818,-0.9857212,0.0,2,Friday
1197,61,15000000,0,214182,2017,in dubious battle,[18],7.646,5.9,67.0,-14785818,-0.9857212,0.0,2,Friday
1198,62,15000000,0,3471,2015,broken horses,"[53, 9648, 18, 80]",5.481,5.4,17.0,-14996529,-0.9997686,0.0,9,Tuesday
1200,66,14500000,66013057,123660597,2015,magic mike xxl,"[35, 18]",8.681000000000001,6.2,1110.0,109160597,7.528317034482758,0.5338245051493646,7,Wednesday
1201,68,14500000,7691700,25480031,2011,elle sappelait sarah,,,,,10980031,0.7572435172413793,0.30187168924559,7,Friday
1202,69,14500000,0,872757,2015,freedom,,,,,-13627243,-0.9398098620689656,0.0,6,Friday
1203,81,14000000,49130588,82925064,2012,the possession,"[27, 53]",8.978,5.9,918.0,68925064,4.9232188571428575,0.5924697025256441,8,Friday
1204,86,14000000,35025791,35579177,2012,tyler perrys good deeds,,,,,21579177,1.5413697857142856,0.9844463518647438,2,Friday
1205,90,14000000,29959436,115592104,2012,the iron lady,"[36, 18]",8.987,6.4,899.0,101592104,7.256578857142857,0.25918237460233445,1,Friday
1206,7,14000000,12314651,12826644,2015,hot tub time machine 2,[35],8.052999999999999,5.1,512.0,-1173356,-0.08381114285714286,0.9600836352829314,2,Friday
1207,10,14000000,9409538,11166615,2012,fun size,[35],7.072,5.5,249.0,-2833385,-0.20238464285714286,0.8426490928540117,10,Friday
1208,16,14000000,4702420,34044909,2015,suffragette,"[18, 36]",7.763,7.3,982.0,20044909,1.4317792142857142,0.13812402905820662,10,Friday
1209,18,14000000,3958546,25187026,2014,mr turner,"[36, 18]",7.8839999999999995,6.5,301.0,11187026,0.7990732857142857,0.1571660743114332,12,Friday
1210,27,14000000,47185,623292,2011,margaret,[18],8.747,6.3,138.0,-13376708,-0.9554791428571429,0.07570288083273971,9,Friday
1211,28,14000000,0,11354230,2016,reign of assassins,"[36, 28]",7.621,6.8,87.0,-2645770,-0.18898357142857142,0.0,11,Tuesday
1212,36,13500000,15024049,33035736,2012,seven psychopaths,"[35, 80]",10.967,6.8,2109.0,19535736,1.4470915555555555,0.45478172485698515,10,Friday
1213,41,13400000,164247,164247,2011,the last godfather,"[28, 35, 53]",1.4,4.9,9.0,-13235753,-0.9877427611940298,1.0,4,Friday
1214,42,13300000,2614251,7229933,2014,under the skin,"[53, 878, 18]",9.527000000000001,6.1,1781.0,-6070067,-0.45639601503759397,0.361587168235169,4,Friday
1215,42,13300000,2614251,7229933,2014,under the skin,"[53, 878, 18]",9.527000000000001,6.1,1781.0,-6070067,-0.45639601503759397,0.361587168235169,4,Friday
1216,44,13200000,52543632,54323210,2014,no good deed,"[80, 53]",14.519,5.8,286.0,41123210,3.115394696969697,0.9672409270365282,9,Friday
1217,48,13000000,73013910,99034125,2011,justin bieber never say never,"[99, 10402, 10751]",8.602,5.1,240.0,86034125,6.618009615384615,0.7372601110980684,2,Friday
1218,49,13000000,69488745,136617305,2018,the first purge,"[28, 878, 53, 27]",28.44,5.8,1846.0,123617305,9.509023461538462,0.5086379430482837,7,Wednesday
1219,50,13000000,61705123,73798736,2016,miracles from heaven,[18],10.078,7.1,478.0,60798736,4.6768258461538466,0.8361270984370247,3,Wednesday
1220,54,13000000,55121623,118763442,2016,the shallows,"[27, 18, 53]",14.091,6.3,3037.0,105763442,8.135649384615384,0.4641295509101193,6,Friday
1221,58,13000000,48637684,50445860,2014,about last night,"[35, 10749]",8.465,6.0,312.0,37445860,2.880450769230769,0.9641561071612219,2,Friday
1222,61,13000000,44137712,54837234,2014,st vincent,[35],16.379,7.1,1069.0,41837234,3.2182487692307693,0.8048858190039272,10,Friday
1223,62,13000000,38934842,42174545,2014,earth to echo,"[10751, 12, 878]",7.189,5.7,377.0,29174545,2.2441957692307692,0.9231834510603493,7,Wednesday
1224,70,13000000,25682380,42195766,2013,21 and over,,,,,29195766,2.245828153846154,0.6086482705397503,3,Friday
1225,72,13000000,25440971,38358392,2015,ex machina,"[18, 878]",18.485,7.6,8026.0,25358392,1.9506455384615384,0.663243938901297,4,Friday
1226,75,13000000,18704596,35402802,2016,eye in the sky,"[18, 53, 10752]",10.219,7.1,850.0,22402802,1.7232924615384615,0.5283365988940649,3,Friday
1227,76,13000000,18007317,18733666,2013,admission,"[35, 18, 10749]",8.065,5.5,385.0,5733666,0.44105123076923075,0.9612276102285586,3,Friday
1228,77,13000000,17742948,33069303,2012,the perks of being a wallflower,[18],15.148,7.8,5938.0,20069303,1.5437925384615385,0.5365383116783562,9,Friday
1229,80,13000000,14677674,36262783,2015,room,"[18, 53]",20.0,8.1,5494.0,23262783,1.7894448461538461,0.40475861987757533,10,Friday
1230,80,13000000,14677674,36262783,2015,room,"[18, 53]",20.0,8.1,5494.0,23262783,1.7894448461538461,0.40475861987757533,10,Friday
1231,81,13000000,14394097,14403703,2015,woodlawn,[18],5.575,7.0,79.0,1403703,0.10797715384615385,0.9993330881648976,10,Friday
1232,81,13000000,14394097,14403703,2015,woodlawn,[18],5.575,7.0,79.0,1403703,0.10797715384615385,0.9993330881648976,10,Friday
1233,86,13000000,8178001,121778347,2015,bajrangi bhaijaan,"[28, 35, 18]",7.122000000000001,7.9,232.0,108778347,8.367565153846154,0.06715480380104026,7,Friday
1234,88,13000000,8005586,42446455,2016,robinson crusoe,,,,,29446455,2.265111923076923,0.1886043487023828,9,Friday
1235,95,13000000,3703182,9633111,2018,ben is back,[18],17.273,6.7,254.0,-3366889,-0.25899146153846153,0.38442222870680093,12,Friday
1236,99,13000000,2703296,24001573,2015,youth,[18],1.008,5.3,9.0,11001573,0.8462748461538462,0.11262995137860339,12,Friday
1237,99,13000000,2703296,24001573,2015,youth,"[35, 18]",9.265,6.9,1098.0,11001573,0.8462748461538462,0.11262995137860339,12,Friday
1238,99,13000000,2703296,24001573,2015,youth,"[18, 36]",5.082,7.7,27.0,11001573,0.8462748461538462,0.11262995137860339,12,Friday
1239,3,13000000,1784763,14929184,2015,the vatican tapes,"[53, 27]",7.841,4.6,365.0,1929184,0.14839876923076922,0.11954859689585177,7,Friday
1240,7,13000000,1024175,6459183,2011,attack the block,"[28, 35, 878]",9.612,6.4,1144.0,-6540817,-0.5031397692307692,0.1585610749842511,7,Friday
1241,8,13000000,656688,17856688,2015,brothers,[18],0.6,7.3,3.0,4856688,0.3735913846153846,0.03677546474463798,8,Friday
1242,8,13000000,656688,17856688,2015,brothers,"[80, 18]",0.84,2.0,1.0,4856688,0.3735913846153846,0.03677546474463798,8,Friday
1243,10,13000000,303877,509193,2011,in the land of blood and honey,"[18, 10749, 10752]",5.099,6.1,83.0,-12490807,-0.9608313076923077,0.5967815739807892,12,Friday
1246,14,12800000,51872378,69821476,2013,the call,"[80, 53]",11.315,6.7,1779.0,57021476,4.4548028125,0.7429286943174905,3,Friday
1247,15,12700000,1022720,49196532,2016,operation chromite,"[36, 18, 10752, 28]",8.81,6.0,86.0,36496532,2.8737426771653545,0.020788457202633715,8,Friday
1248,15,12700000,1022720,49196532,2016,operation chromite,"[36, 18, 10752, 28]",8.81,6.0,86.0,36496532,2.8737426771653545,0.020788457202633715,8,Friday
1249,16,12600000,10724389,19054534,2014,the drop,"[18, 80]",14.795,6.7,1215.0,6454534,0.5122646031746032,0.5628260969279018,9,Friday
1250,37,12500000,677200,4027663,2012,the paperboy,"[53, 18, 9648]",8.142999999999999,5.5,409.0,-8472337,-0.67778696,0.168137205123666,10,Friday
1251,38,12500000,292562,9376444,2013,ernest et celestine,,,,,-3123556,-0.24988448,0.031201807422942002,3,Friday
1252,39,12500000,10011,1100287,2012,a little bit of heaven,"[35, 18, 10749]",7.87,6.3,333.0,-11399713,-0.91197704,0.00909853520036136,5,Friday
1253,43,12000000,124872350,307166834,2014,the fault in our stars,"[10749, 18]",16.03,7.6,7236.0,295166834,24.597236166666665,0.40652940414784494,6,Friday
1254,45,12000000,91547205,113373764,2012,think like a man,"[35, 10749]",5.905,6.9,438.0,101373764,8.447813666666667,0.8074813940198722,4,Friday
1255,46,12000000,91386097,100916299,2014,heaven is for real,[18],9.718,6.2,363.0,88916299,7.409691583333333,0.9055633025146909,4,Wednesday
1256,52,12000000,70012847,82497035,2012,act of valor,"[28, 53, 10752]",12.197000000000001,6.3,583.0,70497035,5.874752916666667,0.8486710704208945,2,Friday
1257,55,12000000,64575175,123681790,2012,chronicle,"[878, 18, 53]",12.556,6.7,3084.0,111681790,9.306815833333333,0.522107377326929,2,Friday
1258,58,12000000,54731865,103028188,2012,project x,"[35, 80]",9.715,6.4,2968.0,91028188,7.585682333333334,0.5312319479014811,3,Friday
1259,58,12000000,54731865,103028188,2012,project x,[99],1.39,5.6,7.0,91028188,7.585682333333334,0.5312319479014811,3,Friday
1260,59,12000000,54513740,160191915,2017,three billboards outside ebbing missouri,"[80, 18]",17.808,8.2,5432.0,148191915,12.34932625,0.3403026925547397,11,Friday
1261,59,12000000,54513740,160191915,2017,three billboards outside ebbing missouri,"[80, 18]",17.808,8.2,5432.0,148191915,12.34932625,0.3403026925547397,11,Friday
1262,60,12000000,51739495,149570720,2016,lion,[18],17.215999999999998,8.1,3833.0,137570720,11.464226666666667,0.34591994342208154,11,Friday
1263,60,12000000,51739495,149570720,2016,lion,[18],17.215999999999998,8.1,3833.0,137570720,11.464226666666667,0.34591994342208154,11,Friday
1264,61,12000000,50316123,85369830,2018,overboard,"[10749, 35]",19.477,6.3,535.0,73369830,6.1141525,0.5893899870715451,5,Friday
1265,65,12000000,37709979,98963392,2013,philomena,[18],8.978,7.4,945.0,86963392,7.246949333333333,0.3810497825296853,11,Friday
1266,68,12000000,32000304,85450484,2015,paper towns,"[18, 9648, 10749]",11.564,6.0,3587.0,73450484,6.120873666666666,0.37448944115986516,7,Friday
1267,77,12000000,27007844,37584304,2016,hell or high water,"[80, 18, 53, 37]",15.749,7.3,2468.0,25584304,2.1320253333333334,0.7185936980501222,8,Friday
1268,79,12000000,25326071,32700439,2012,katy perry part of me,"[99, 10402]",7.138999999999999,6.8,147.0,20700439,1.7250365833333334,0.7744871865481684,7,Thursday
1269,80,12000000,25317379,26001741,2014,top five,"[18, 35]",6.322,6.3,281.0,14001741,1.16681175,0.9736801470332314,12,Friday
1270,84,12000000,22348241,32909437,2015,project almanac,"[878, 53]",9.55,6.5,1449.0,20909437,1.7424530833333334,0.6790830545050042,1,Friday
1271,91,12000000,17654912,24761360,2013,nebraska,"[18, 12]",9.521,7.4,967.0,12761360,1.0634466666666667,0.7130025168246009,11,Friday
1272,94,12000000,16311571,22750356,2011,young adult,"[35, 18]",8.335,5.7,603.0,10750356,0.895863,0.7169809122986911,12,Friday
1273,95,12000000,15323921,89309178,2013,about time,"[35, 18, 878]",14.133,7.9,3981.0,77309178,6.4424315,0.17158282433189564,11,Friday
1274,96,12000000,14915773,19859167,2018,if beale street could talk,"[18, 10749, 80]",13.579,7.2,388.0,7859167,0.6549305833333333,0.7510774746997193,12,Friday
1275,97,12000000,14301505,23477345,2017,wish upon,"[53, 27, 14]",10.219,5.4,690.0,11477345,0.9564454166666667,0.6091619388819306,7,Friday
1276,4,12000000,11368012,16221211,2017,unforgettable,"[18, 53]",8.323,5.5,310.0,4221211,0.35176758333333336,0.7008115485335836,4,Friday
1277,7,12000000,10051659,10116816,2017,marshall,[18],7.879,7.3,257.0,-1883184,-0.156932,0.9935595349366836,10,Friday
1278,7,12000000,10051659,10116816,2017,marshall,[18],7.879,7.3,257.0,-1883184,-0.156932,0.9935595349366836,10,Friday
1279,9,12000000,7919574,35830713,2012,arbitrage,"[18, 53]",12.14,6.2,459.0,23830713,1.98589275,0.22102753020851135,9,Friday
1280,14,12000000,5669081,10026255,2012,for greater glory the true story of cristiada,"[36, 18]",4.519,6.6,63.0,-1973745,-0.16447875,0.5654235803896869,6,Friday
1281,23,12000000,2883879,29549145,2013,la grande bellezza,,,,,17549145,1.46242875,0.09759602181382913,11,Friday
1282,29,12000000,1703125,12034913,2013,stoker,"[18, 27, 53]",10.738,6.6,1282.0,34913,0.0029094166666666665,0.14151535619742328,3,Friday
1283,32,12000000,1188194,1188194,2011,kill the irishman,"[28, 80, 53, 18]",7.13,6.9,274.0,-10811806,-0.9009838333333333,1.0,3,Friday
1284,34,12000000,793352,1200346,2012,darling companion,"[18, 10749]",4.656000000000001,5.0,46.0,-10799654,-0.8999711666666667,0.6609360967587679,4,Friday
1285,46,12000000,17484,6553186,2015,trash,[],0.6,3.0,3.0,-5446814,-0.4539011666666667,0.0026680152219088547,10,Friday
1286,46,12000000,17484,6553186,2015,trash,"[12, 80, 18, 53]",7.178999999999999,7.1,353.0,-5446814,-0.4539011666666667,0.0026680152219088547,10,Friday
1287,47,12000000,17479,87793,2011,5 days of war,"[10752, 18]",8.689,5.7,102.0,-11912207,-0.9926839166666667,0.19909332179103117,8,Friday
1288,48,12000000,14616,14616,2015,10 days in a madhouse,[18],0.955,5.4,7.0,-11985384,-0.998782,1.0,11,Wednesday
1289,50,12000000,0,1950194,2015,san cheng ji,,,,,-10049806,-0.8374838333333333,0.0,12,Thursday
1290,51,12000000,0,1828400,2011,tu xia chuan qi,,,,,-10171600,-0.8476333333333333,0.0,12,Saturday
1294,57,11900000,2022115,24041617,2016,the dressmaker,,,,,12141617,1.0203039495798318,0.08410894325452402,9,Friday
1295,60,11800000,12711491,42843521,2015,carol,"[10749, 18]",13.095999999999998,7.4,1949.0,31043521,2.6308068644067797,0.2966957594358316,11,Friday
1296,60,11800000,12711491,42843521,2015,carol,"[10749, 18]",13.095999999999998,7.4,1949.0,31043521,2.6308068644067797,0.2966957594358316,11,Friday
1297,62,11500000,35593113,105078449,2016,dirty grandpa,[35],11.432,5.8,2667.0,93578449,8.137256434782609,0.338728952879767,1,Friday
1298,73,11000000,50474843,78356170,2014,if i stay,[18],12.047,7.4,2703.0,67356170,6.1232881818181815,0.6441719012044617,8,Friday
1299,79,11000000,38322743,62076141,2015,brooklyn,"[18, 10749]",12.083,7.3,1912.0,51076141,4.643285545454545,0.6173506017392415,11,Wednesday
1300,79,11000000,38322743,62076141,2015,brooklyn,"[18, 10402]",0.9159999999999999,6.0,1.0,51076141,4.643285545454545,0.6173506017392415,11,Wednesday
1301,81,11000000,33307793,58586407,2015,woman in gold,[18],7.76,7.4,787.0,47586407,4.326037,0.5685242482953426,4,Wednesday
1302,83,11000000,30014534,53797409,2017,i tonya,[18],15.407,7.5,2904.0,42797409,3.8906735454545456,0.5579178357827604,12,Friday
1303,83,11000000,30014534,53797409,2017,i tonya,[18],15.407,7.5,2904.0,42797409,3.8906735454545456,0.5579178357827604,12,Friday
1304,86,11000000,22958583,39049922,2019,fighting with my family,,,,,28049922,2.5499929090909093,0.5879290360682411,2,Thursday
1305,90,11000000,18388357,56178935,2013,quartet,"[18, 35, 10749]",8.32,6.6,209.0,45178935,4.107175909090909,0.3273176502900954,1,Friday
1306,94,11000000,13248209,32943247,2013,inside llewyn davis,[18],10.549000000000001,7.2,1400.0,21943247,1.9948406363636364,0.40215249577553785,12,Friday
1307,98,11000000,9177065,9307166,2013,peeples,[35],2.6510000000000002,5.2,34.0,-1692834,-0.153894,0.9860214161861945,5,Friday
1308,100,11000000,5599781,72989781,2016,sultan,,,,,61989781,5.6354346363636365,0.07672006852575705,7,Wednesday
1309,11,11000000,229653,229653,2011,brighton rock,"[18, 53, 80]",4.749,6.0,57.0,-10770347,-0.9791224545454545,1.0,8,Friday
1310,12,11000000,61611,25307405,2012,le prãnom,,,,,14307405,1.3006731818181818,0.0024345048415671225,11,Friday
1311,13,11000000,0,82438670,2015,la famille bãlier,,,,,71438670,6.494424545454545,0.0,5,Friday
1312,14,11000000,0,10431506,2012,lol,"[18, 35, 10749]",12.43,6.1,1810.0,-568494,-0.05168127272727273,0.0,5,Friday
1313,15,11000000,0,2352511,2016,misconduct,"[18, 53, 9648]",7.2989999999999995,5.5,301.0,-8647489,-0.7861353636363636,0.0,2,Friday
1315,18,10800000,13182281,484873045,2012,les intouchables,,,,,474073045,43.89565231481482,0.027187077392598718,5,Friday
1316,25,10600000,24084,261364,2013,the last days on mars,"[878, 53, 27]",8.759,5.3,407.0,-10338636,-0.9753430188679245,0.09214735005586079,12,Friday
1317,32,10300000,0,12478635,2019,pmc deo beongkeo,,,,,2178635,0.21151796116504853,0.0,1,Friday
1318,36,10000000,159342015,254900667,2018,halloween,"[53, 27]",20.839000000000002,6.4,2020.0,244900667,24.4900667,0.625114154762098,10,Friday
1319,39,10000000,89217875,158973685,2016,donât breathe,,,,,148973685,14.8973685,0.5612115929752777,8,Friday
1320,42,10000000,79042440,118514727,2016,the purge election year,"[28, 27, 53]",18.975,6.3,2900.0,108514727,10.8514727,0.6669419235973939,7,Friday
1321,43,10000000,68566296,91113683,2018,book club,[35],0.6,10.0,1.0,81113683,8.1113683,0.7525356647036209,5,Friday
1322,43,10000000,68566296,91113683,2018,book club,"[35, 10749, 18]",11.514000000000001,6.0,301.0,81113683,8.1113683,0.7525356647036209,5,Friday
1323,45,10000000,67745330,167885588,2018,insidious the last key,"[9648, 27, 53]",16.017,6.1,1306.0,157885588,15.7885588,0.40352081919026905,1,Friday
1324,51,10000000,52218558,120453155,2015,insidious chapter 3,"[18, 27, 53]",19.859,6.2,1886.0,110453155,11.0453155,0.4335175612461126,6,Friday
1325,53,10000000,48958273,78610769,2017,lady bird,"[35, 18]",15.974,7.3,3866.0,68610769,6.8610769,0.6227934623053999,11,Friday
1326,53,10000000,48958273,78610769,2017,lady bird,"[35, 18]",15.974,7.3,3866.0,68610769,6.8610769,0.6227934623053999,11,Friday
1327,55,10000000,46383639,134639780,2012,the best exotic marigold hotel,"[18, 35]",8.665,6.9,756.0,124639780,12.463978,0.3445017438382624,5,Friday
1328,56,10000000,44069456,70133905,2018,hereditary,"[27, 9648, 53]",26.185,7.0,2491.0,60133905,6.0133905,0.6283616461966577,6,Friday
1329,57,10000000,40826341,65520633,2018,love simon,"[35, 18, 10749]",15.607999999999999,8.2,3165.0,55520633,5.5520633,0.6231066326846995,3,Friday
1330,61,10000000,38052832,102445196,2017,jigsaw,"[80, 27, 9648, 53]",17.398,6.1,1887.0,92445196,9.2445196,0.37144574353686627,10,Friday
1331,68,10000000,35819556,68220952,2016,the boy,"[18, 27, 53]",7.0089999999999995,5.6,79.0,58220952,5.8220952,0.5250521276806575,1,Friday
1332,68,10000000,35819556,68220952,2016,the boy,"[27, 53, 9648]",11.703,5.8,2223.0,58220952,5.8220952,0.5250521276806575,1,Friday
1333,70,10000000,34121140,61603136,2017,everything everything,"[18, 10749]",13.998,7.2,2447.0,51603136,5.1603136,0.5538864125358813,5,Friday
1334,73,10000000,33078266,90384306,2015,the second best exotic marigold hotel,"[18, 35]",7.731,6.4,420.0,80384306,8.0384306,0.3659735574005514,3,Friday
1335,75,10000000,32149404,62556228,2017,how to be a latin lover,[35],11.0,6.3,197.0,52556228,5.2556228,0.5139281096040509,4,Friday
1336,80,10000000,30564825,51723644,2018,slender man,"[9648, 53, 27]",16.999000000000002,4.0,712.0,41723644,4.1723644,0.5909255929454622,8,Friday
1337,84,10000000,29790236,51620593,2018,teen titans go to the movies,"[16, 28, 35, 878]",16.523,7.0,304.0,41620593,4.1620593,0.5770998407554132,7,Friday
1338,85,10000000,29747603,30768449,2016,when the bough breaks,"[9648, 18, 27]",8.062000000000001,5.3,150.0,20768449,2.0768449,0.9668216620213778,9,Friday
1339,88,10000000,28873374,68541786,2013,one direction this is us,"[99, 10402]",9.005,8.1,370.0,58541786,5.8541786,0.42125213953426893,8,Friday
1340,91,10000000,27740955,54104225,2015,sinister 2,[27],9.916,5.8,1142.0,44104225,4.4104225,0.5127317690993634,8,Friday
1341,92,10000000,26594261,40749230,2016,the forest,"[27, 53]",1.125,2.5,1.0,30749230,3.074923,0.6526322337869943,1,Friday
1342,92,10000000,26594261,40749230,2016,the forest,"[27, 53, 9648]",10.068999999999999,5.0,957.0,30749230,3.074923,0.6526322337869943,1,Friday
1343,92,10000000,26594261,40749230,2016,the forest,"[18, 27, 14]",1.255,5.9,15.0,30749230,3.074923,0.6526322337869943,1,Friday
1344,96,10000000,24397469,24660323,2012,sparkle,"[35, 10749]",1.715,7.0,7.0,14660323,1.4660323,0.9893410155252225,8,Friday
1345,96,10000000,24397469,24660323,2012,sparkle,"[18, 10402]",4.417,5.9,53.0,14660323,1.4660323,0.9893410155252225,8,Friday
1346,97,10000000,23591043,23591043,2016,kevin hart what now,[35],7.7860000000000005,6.5,159.0,13591043,1.3591043,1.0,10,Friday
1347,98,10000000,21590086,31556959,2013,mud,[18],12.507,7.0,1592.0,21556959,2.1556959,0.6841624378318583,4,Friday
1348,100,10000000,21120616,28717667,2017,the disaster artist,"[35, 18]",13.27,7.2,1895.0,18717667,1.8717667,0.7354572361327263,12,Friday
1349,100,10000000,21120616,28717667,2017,the disaster artist,"[35, 18]",13.27,7.2,1895.0,18717667,1.8717667,0.7354572361327263,12,Friday
1350,1,10000000,20777061,38985577,2016,blair witch,"[53, 27]",9.772,5.0,1094.0,28985577,2.8985577,0.532942246821177,9,Friday
1351,1,10000000,20777061,38985577,2016,blair witch,"[53, 27]",9.772,5.0,1094.0,28985577,2.8985577,0.532942246821177,9,Friday
1352,7,10000000,18297124,77959374,2015,paranormal activity the ghost dimension,"[27, 53]",8.157,5.2,774.0,67959374,6.7959374,0.23470075580647942,10,Friday
1353,17,10000000,15861566,16891011,2016,the birth of a nation,[18],8.152000000000001,6.5,328.0,6891011,0.6891011,0.9390536777224288,10,Friday
1354,17,10000000,15861566,16891011,2016,the birth of a nation,[18],8.152000000000001,6.5,328.0,6891011,0.6891011,0.9390536777224288,10,Friday
1355,22,10000000,14597405,34240572,2011,my week with marilyn,[18],12.081,6.7,741.0,24240572,2.4240572,0.4263189586902929,11,Wednesday
1356,23,10000000,14482031,27317872,2014,big eyes,[18],12.017000000000001,7.0,2153.0,17317872,1.7317872,0.5301302751546679,12,Thursday
1357,34,10000000,10205616,10205616,2019,the best of enemies,,,,,205616,0.0205616,1.0,4,Friday
1358,39,10000000,8840453,31164747,2013,movie 43,[35],12.812999999999999,4.4,1332.0,21164747,2.1164747,0.2836683705470158,1,Friday
1359,40,10000000,8803865,11752387,2018,can you ever forgive me,"[18, 80]",17.604,6.9,450.0,1752387,0.1752387,0.7491129248892161,10,Friday
1360,44,10000000,7779614,7843145,2014,bad words,[35],9.516,6.4,451.0,-2156855,-0.2156855,0.9918998054989421,3,Friday
1361,45,10000000,7582065,17503828,2015,while were young,"[35, 18, 9648]",8.022,5.9,609.0,7503828,0.7503828,0.43316610515139886,3,Friday
1362,45,10000000,7582065,17503828,2015,while were young,"[35, 18, 9648]",8.022,5.9,609.0,7503828,0.7503828,0.43316610515139886,3,Friday
1363,48,10000000,7078738,11766959,2012,seeking a friend for the end of the world,"[35, 18, 10749, 878]",8.092,6.4,1108.0,1766959,0.1766959,0.6015775188814714,6,Friday
1364,50,10000000,6900335,11360665,2016,shut in,"[18, 53]",10.535,5.2,374.0,1360665,0.1360665,0.607388299892656,11,Friday
1365,51,10000000,6861102,7862131,2011,cedar rapids,[35],7.694,6.0,206.0,-2137869,-0.2137869,0.8726771405869478,2,Friday
1366,52,10000000,6810754,8890094,2012,the collection,"[27, 53]",9.059,6.1,465.0,-1109906,-0.1109906,0.766105960184448,11,Friday
1367,52,10000000,6810754,8890094,2012,the collection,[],0.84,7.0,1.0,-1109906,-0.1109906,0.766105960184448,11,Friday
1368,59,10000000,5637066,8465845,2015,danny collins,"[35, 18, 10402]",8.933,6.7,260.0,-1534155,-0.1534155,0.6658598167105587,3,Friday
1369,64,10000000,4286367,6089100,2018,gotti,"[80, 18, 36, 53]",10.033999999999999,5.2,231.0,-3910900,-0.39109,0.70394097649899,6,Friday
1370,65,10000000,4269426,4708127,2012,jeff who lives at home,"[18, 35]",8.821,6.2,320.0,-5291873,-0.5291873,0.9068204829648818,3,Friday
1371,66,10000000,4073448,9263940,2016,denial,"[18, 36]",9.267000000000001,6.7,349.0,-736060,-0.073606,0.43971010174936365,9,Friday
1372,66,10000000,4073448,9263940,2016,denial,"[18, 36]",9.267000000000001,6.7,349.0,-736060,-0.073606,0.43971010174936365,9,Friday
1373,67,10000000,3877922,12382122,2016,the man who knew infinity,[18],8.76,7.2,699.0,2382122,0.2382122,0.3131871903701159,4,Friday
1374,68,10000000,3818664,4563080,2016,max steel,"[28, 12, 878]",8.88,5.2,383.0,-5436920,-0.543692,0.8368610675245668,10,Friday
1375,68,10000000,3818664,4563080,2016,max steel,"[28, 12, 878]",8.88,5.2,383.0,-5436920,-0.543692,0.8368610675245668,10,Friday
1376,69,10000000,3400278,5437126,2016,everybody wants some,[35],6.8389999999999995,6.4,681.0,-4562874,-0.4562874,0.6253814975043801,3,Wednesday
1377,71,10000000,3336053,3336053,2012,atlas shrugged part ii,"[18, 878, 9648]",6.148,5.4,66.0,-6663947,-0.6663947,1.0,10,Friday
1378,74,10000000,3128941,3185717,2014,rosewater,[18],9.019,6.7,121.0,-6814283,-0.6814283,0.9821779524044352,11,Friday
1379,78,10000000,2529395,2529395,2011,bucky larson born to be a star,[35],7.109,4.2,79.0,-7470605,-0.7470605,1.0,9,Friday
1380,81,10000000,1930282,3623609,2013,the iceman,"[53, 80, 18]",11.248,6.5,562.0,-6376391,-0.6376391,0.5326959945181724,5,Friday
1381,82,10000000,1822250,6646669,2015,testament of youth,"[36, 18, 10752]",9.251,7.4,486.0,-3353331,-0.3353331,0.27415988369512606,6,Friday
1382,83,10000000,1799322,3793739,2017,free fire,"[28, 80, 9648]",12.116,6.3,540.0,-6206261,-0.6206261,0.4742872401079779,4,Friday
1383,84,10000000,1759252,1884251,2011,a better life,[18],5.885,7.1,97.0,-8115749,-0.8115749,0.9336611735909919,6,Friday
1384,84,10000000,1759252,1884251,2011,a better life,[99],0.6,10.0,1.0,-8115749,-0.8115749,0.9336611735909919,6,Friday
1385,90,10000000,1291645,4659110,2012,killer joe,"[80, 18, 53]",13.742,6.5,703.0,-5340890,-0.534089,0.27722998598444765,7,Friday
1386,91,10000000,1279681,7582196,2017,churchill,"[18, 53, 10752]",7.692,6.1,150.0,-2417804,-0.2417804,0.1687744553161116,6,Friday
1387,93,10000000,1069454,1069454,2014,50 to 1,"[35, 18]",2.852,6.2,25.0,-8930546,-0.8930546,1.0,3,Friday
1388,99,10000000,749641,2179623,2012,coriolanus,"[18, 53]",8.016,6.0,215.0,-7820377,-0.7820377,0.343931496410159,1,Friday
1389,100,10000000,641439,1616353,2013,parkland,"[36, 18, 53, 9648]",6.056,6.1,206.0,-8383647,-0.8383647,0.3968433875521003,10,Friday
1390,11,10000000,173472,173472,2013,cinco de mayo la batalla,"[10752, 36, 18]",0.6,5.9,16.0,-9826528,-0.9826528,1.0,5,Friday
1391,13,10000000,150191,150191,2016,kicks,[12],4.002,6.6,50.0,-9849809,-0.9849809,1.0,9,Friday
1392,15,10000000,139034,248133,2012,high school,[35],5.7620000000000005,5.8,68.0,-9751867,-0.9751867,0.5603204732945638,6,Friday
1393,15,10000000,139034,248133,2012,high school,[35],5.7620000000000005,5.8,68.0,-9751867,-0.9751867,0.5603204732945638,6,Friday
1394,24,10000000,67657,197901,2014,elsa  fred,"[35, 10751, 10749, 18]",6.2410000000000005,6.2,48.0,-9802099,-0.9802099,0.3418729566803604,11,Friday
1395,27,10000000,17472,161097,2015,strangerland,"[18, 53, 9648]",5.91,5.2,135.0,-9838903,-0.9838903,0.10845639583604909,7,Friday
1396,28,10000000,11894,11894,2015,hross i oss,,,,,-9988106,-0.9988106,1.0,3,Friday
1397,32,10000000,388,247565,2014,barbecue,[35],7.874,5.8,383.0,-9752435,-0.9752435,0.0015672651626845475,12,Friday
1398,32,10000000,388,247565,2014,barbecue,[99],0.7759999999999999,7.5,13.0,-9752435,-0.9752435,0.0015672651626845475,12,Friday
1399,35,10000000,0,2341218,2015,american heist,[28],7.271,4.6,213.0,-7658782,-0.7658782,0.0,7,Tuesday
1400,37,10000000,0,1230542,2011,you got served beat the world,,,,,-8769458,-0.8769458,0.0,6,Tuesday
1401,39,10000000,0,575371,2014,plastic,[],0.6,6.5,1.0,-9424629,-0.9424629,0.0,9,Friday
1402,39,10000000,0,575371,2014,plastic,"[18, 28, 35, 80]",7.815,6.1,116.0,-9424629,-0.9424629,0.0,9,Friday
1403,40,10000000,0,360898,2015,jungle shuffle,,,,,-9639102,-0.9639102,0.0,3,Tuesday
1408,48,9900000,3759078,11310835,2017,friend request,[53],2.1069999999999998,5.5,43.0,1410835,0.14250858585858586,0.3323431028743678,9,Friday
1409,48,9900000,3759078,11310835,2017,friend request,"[27, 53]",9.149,5.5,777.0,1410835,0.14250858585858586,0.3323431028743678,9,Friday
1410,51,9700000,6738954,36787044,2012,amour,"[18, 10749]",10.705,7.7,746.0,27087044,2.792478762886598,0.18318824420902097,12,Wednesday
1411,56,9500000,12391761,294654618,2016,dangal,"[18, 28]",10.022,8.1,358.0,285154618,30.01627557894737,0.04205520715782571,12,Wednesday
1413,62,9400000,3030848,21817298,2011,melancholia,"[18, 878]",11.123,7.1,1642.0,12417298,1.3209891489361703,0.1389194940638387,11,Friday
1414,64,9200000,3047539,5806666,2012,jab tak hai jaan,"[18, 10749]",7.7010000000000005,6.9,107.0,-3393334,-0.36884065217391304,0.524834560830604,11,Tuesday
1415,67,9100000,0,20927794,2011,red dog,,,,,11827794,1.2997575824175824,0.0,12,Saturday
1416,71,9000000,71562550,111534881,2014,the purge anarchy,"[27, 53]",28.424,6.6,3754.0,102534881,11.392764555555555,0.6416158726165674,7,Friday
1417,75,9000000,35144505,81831866,2016,ouija origin of evil,"[27, 53]",11.823,6.0,1416.0,72831866,8.092429555555556,0.42947212031068677,10,Friday
1418,75,9000000,35144505,81831866,2016,ouija origin of evil,"[27, 53]",11.823,6.0,1416.0,72831866,8.092429555555556,0.42947212031068677,10,Friday
1419,78,9000000,28051045,64179495,2019,happy death day 2u,,,,,55179495,6.131055,0.43707176256217034,2,Wednesday
1420,80,9000000,21571189,21971021,2015,black or white,[18],8.05,6.8,193.0,12971021,1.4412245555555556,0.9818018470784767,1,Friday
1421,80,9000000,21571189,21971021,2015,black or white,[18],8.05,6.8,193.0,12971021,1.4412245555555556,0.9818018470784767,1,Friday
1422,86,9000000,14431633,19096003,2016,the edge of seventeen,"[35, 18]",11.546,7.2,2224.0,10096003,1.1217781111111111,0.755741031251409,11,Friday
1423,86,9000000,14431633,19096003,2016,the edge of seventeen,"[35, 18]",11.546,7.2,2224.0,10096003,1.1217781111111111,0.755741031251409,11,Friday
1424,87,9000000,13960394,36588512,2016,jackie,[18],8.818999999999999,6.4,1420.0,27588512,3.0653902222222222,0.38155129129055587,12,Friday
1425,90,9000000,11862398,17462398,2011,glee the 3d concert movie,,,,,8462398,0.9402664444444444,0.679310939998046,8,Friday
1426,92,9000000,7710234,12898064,2016,loving,"[10749, 18]",8.506,6.7,529.0,3898064,0.43311822222222224,0.5977822718200189,11,Friday
1427,92,9000000,7710234,12898064,2016,loving,"[10749, 18]",8.506,6.7,529.0,3898064,0.43311822222222224,0.5977822718200189,11,Friday
1428,96,9000000,4950029,5434029,2019,the sun is also a star,,,,,-3565971,-0.396219,0.9109316494262361,5,Friday
1429,3,9000000,2450867,20395040,2013,the sapphires,"[35, 18]",6.16,6.7,97.0,11395040,1.2661155555555557,0.12016975696051589,3,Friday
1430,4,9000000,2000093,2000093,2016,greater,"[10751, 18]",1.891,7.3,37.0,-6999907,-0.7777674444444445,1.0,8,Friday
1431,5,9000000,1533324,3681096,2018,destroyer,"[53, 80, 18, 28]",17.815,5.9,176.0,-5318904,-0.5909893333333334,0.4165400739345021,12,Tuesday
1432,12,9000000,248795,7704357,2016,dheepan,,,,,-1295643,-0.14396033333333333,0.03229276628795888,5,Friday
1433,19,9000000,1242,1242,2015,skin trade,"[53, 28, 18]",9.362,5.6,96.0,-8998758,-0.999862,1.0,5,Friday
1434,20,9000000,0,3440939,2014,beneath hill 60,"[18, 36, 10752]",6.067,7.0,66.0,-5559061,-0.6176734444444445,0.0,6,Tuesday
1435,21,9000000,0,2243,2015,veronika decides to die,,,,,-8997757,-0.9997507777777778,0.0,1,Tuesday
1437,24,8900000,176988,22744132,2012,polisse,[18],7.682,7.8,670.0,13844132,1.5555204494382022,0.007781699473077276,5,Friday
1438,25,8900000,50136,3324131,2015,heist,"[28, 80]",0.6,5.0,1.0,-5575869,-0.6265021348314607,0.015082438086826301,11,Friday
1439,25,8900000,50136,3324131,2015,heist,"[80, 28, 53]",7.553999999999999,5.8,498.0,-5575869,-0.6265021348314607,0.015082438086826301,11,Friday
1441,30,8500000,47695371,77733867,2016,manchester by the sea,[18],16.637999999999998,7.5,3176.0,69233867,8.145160823529412,0.613572601501994,11,Friday
1442,30,8500000,47695371,77733867,2016,manchester by the sea,[18],16.637999999999998,7.5,3176.0,69233867,8.145160823529412,0.613572601501994,11,Friday
1443,33,8500000,34030343,43528634,2015,the duff,"[10749, 35]",9.054,6.8,2987.0,35028634,4.1210157647058825,0.7817921187235051,2,Friday
1444,34,8500000,32381218,50334418,2014,nightcrawler,"[80, 18, 53]",25.596999999999998,7.7,5860.0,41834418,4.921696235294117,0.643321593586321,10,Friday
1445,36,8500000,30376755,122747755,2019,dragon ball super broly,"[28, 16, 14, 12, 35, 878]",6.867999999999999,7.4,721.0,114247755,13.440912352941176,0.2474729985896687,1,Wednesday
1446,38,8500000,21569509,22885836,2013,baggage claim,[35],8.666,5.4,127.0,14385836,1.692451294117647,0.9424828964080666,9,Friday
1447,39,8500000,20007149,23311293,2016,middle school the worst years of my life,"[10751, 35]",8.479,7.0,190.0,14811293,1.7425050588235294,0.8582599429383861,10,Friday
1448,43,8500000,6263670,10386814,2013,all is lost,"[28, 12, 18]",9.869,6.6,949.0,1886814,0.22197811764705883,0.6030405473709263,10,Friday
1449,47,8500000,1109199,3180252,2014,the rover,"[80, 18]",13.527999999999999,6.2,435.0,-5319748,-0.625852705882353,0.34877707804287206,6,Friday
1450,50,8500000,0,30700192,2017,posledniy bogatyr,,,,,22200192,2.611787294117647,0.0,12,Sunday
1451,51,8500000,0,1353287,2016,acorns operation crackdown,,,,,-7146713,-0.8407897647058824,0.0,11,Tuesday
1452,54,8300000,3827466,50827466,2013,yeh jawaani hai deewani,,,,,42527466,5.123791084337349,0.07530310482131845,5,Friday
1453,72,8000000,35095904,36005871,2019,the intruder,,,,,28005871,3.500733875,0.9747272604514969,5,Friday
1454,73,8000000,35016118,41334735,2011,5050,"[35, 18]",12.450999999999999,7.1,2111.0,33334735,4.166841875,0.8471354177061979,9,Friday
1455,75,8000000,29499394,37119358,2015,a walk in the woods,"[12, 35, 18]",6.935,5.9,402.0,29119358,3.63991975,0.7947172469954895,9,Wednesday
1456,78,8000000,26068955,53068955,2014,that awkward moment,"[35, 10749]",8.649,6.1,1759.0,45068955,5.633619375,0.49122796934667357,1,Friday
1457,88,8000000,17550872,25621449,2013,enough said,"[35, 18, 10749]",8.722000000000001,6.7,464.0,17621449,2.202681125,0.6850070033119516,9,Wednesday
1458,91,8000000,16170632,68838736,2014,begin again,"[35, 10402, 10749, 18]",10.828,7.2,2089.0,60838736,7.604842,0.23490599827399503,6,Friday
1459,97,8000000,10130219,10763183,2011,prom,"[35, 10749]",6.9110000000000005,6.0,276.0,2763183,0.345397875,0.9411917459732869,4,Friday
1460,100,8000000,6758416,9266180,2015,me and earl and the dying girl,"[35, 18]",8.677,7.6,1570.0,1266180,0.1582725,0.7293637723420007,6,Friday
1461,5,8000000,3915251,7298786,2016,morgan,[18],1.111,6.7,12.0,-701214,-0.08765175,0.5364249616306054,9,Friday
1462,5,8000000,3915251,7298786,2016,morgan,"[27, 878, 53]",9.912,5.7,843.0,-701214,-0.08765175,0.5364249616306054,9,Friday
1463,6,8000000,3759286,5706168,2015,anomalisa,"[16, 35, 18, 10749]",10.285,7.1,927.0,-2293832,-0.286729,0.6588109568452944,12,Wednesday
1464,6,8000000,3759286,5706168,2015,anomalisa,"[16, 35, 18, 10749]",10.285,7.1,927.0,-2293832,-0.286729,0.6588109568452944,12,Wednesday
1465,12,8000000,1335672,15752575,2013,le passã,,,,,7752575,0.969071875,0.0847907088206214,12,Friday
1466,13,8000000,1163056,2455027,2018,lean on pete,"[18, 12]",9.307,6.9,133.0,-5544973,-0.693121625,0.47374468794029556,4,Friday
1467,13,8000000,1163056,2455027,2018,lean on pete,"[18, 12]",9.307,6.9,133.0,-5544973,-0.693121625,0.47374468794029556,4,Friday
1468,16,8000000,700261,700261,2019,el chicano,"[18, 28, 80]",5.274,9.0,1.0,-7299739,-0.912467375,1.0,5,Friday
1469,24,8000000,252676,433732,2018,london fields,"[80, 9648, 53, 18]",8.557,5.3,59.0,-7566268,-0.9457835,0.5825625040347495,10,Friday
1470,25,8000000,163753,2772511,2011,restless,"[18, 10749]",7.268,6.4,258.0,-5227489,-0.653436125,0.05906306593553642,9,Friday
1471,30,8000000,100915,2721534,2012,wuthering heights,"[18, 10749]",7.61,6.1,115.0,-5278466,-0.65980825,0.037080190804156775,10,Friday
1472,31,8000000,82703,17382693,2016,a street cat named bob,"[18, 10751, 35]",7.12,7.5,500.0,9382693,1.172836625,0.0047577783258324815,11,Friday
1473,31,8000000,82703,17382693,2016,a street cat named bob,"[18, 10751, 35]",7.12,7.5,500.0,9382693,1.172836625,0.0047577783258324815,11,Friday
1474,33,8000000,53086,237688,2015,aloft,[18],4.944,5.5,61.0,-7762312,-0.970289,0.22334320621991854,5,Friday
1475,34,8000000,36884,3587191,2011,fireflies in the garden,[18],5.121,6.3,96.0,-4412809,-0.551601125,0.010282139980837374,10,Friday
1476,38,8000000,0,21970000,2013,feichang xingyun,,,,,13970000,1.74625,0.0,9,Friday
1477,39,8000000,0,4604656,2017,don gato el inicio de la pandilla,,,,,-3395344,-0.424418,0.0,9,Friday
1478,41,8000000,0,343773,2018,backstabbing for beginners,"[53, 18, 36]",13.292,6.3,78.0,-7656227,-0.957028375,0.0,4,Tuesday
1479,42,8000000,0,44197,2014,swelter,"[28, 18, 53]",5.232,5.1,44.0,-7955803,-0.994475375,0.0,8,Tuesday
1484,52,7700000,5336,1080428,2015,loin des hommes,,,,,-6619572,-0.8596846753246753,0.004938783519123903,4,Tuesday
1485,67,7500000,3014696,8539003,2011,albert nobbs,[18],6.277,6.3,227.0,1039003,0.13853373333333333,0.353050116038137,12,Wednesday
1486,68,7500000,1333124,3559803,2016,the neon demon,"[53, 27, 9648]",11.787,6.6,2005.0,-3940197,-0.5253596,0.3744937570983563,6,Friday
1487,70,7500000,231346,3257922,2018,borg vs mcenroe,"[18, 36]",9.955,7.1,548.0,-4242078,-0.5656104,0.07101029429188299,4,Friday
1488,70,7500000,231346,3257922,2018,borg vs mcenroe,"[18, 36]",9.955,7.1,548.0,-4242078,-0.5656104,0.07101029429188299,4,Friday
1489,74,7500000,0,32572,2015,black november,"[18, 28, 80]",1.3659999999999999,5.9,5.0,-7467428,-0.9956570666666666,0.0,1,Friday
1490,75,7500000,0,13524,2015,outside bet,,,,,-7486476,-0.9981968,0.0,2,Tuesday
1492,77,7400000,22395806,31187727,2017,the bye bye man,"[27, 53]",9.847000000000001,5.1,678.0,23787727,3.214557702702703,0.7180967692836352,1,Friday
1493,82,7250000,0,35122948,2011,die welle,,,,,27872948,3.844544551724138,0.0,5,Friday
1494,85,7200000,59774,295492,2011,3,"[27, 9648, 53]",1.8159999999999998,6.0,2.0,-6904508,-0.9589594444444445,0.20228635631421493,9,Friday
1495,88,7000000,113721571,170549753,2012,magic mike,"[18, 35]",13.7,6.1,1850.0,163549753,23.364250428571427,0.6667941113934067,6,Friday
1496,90,7000000,83482352,85604221,2018,i can only imagine,"[18, 10751, 10402]",9.7,7.6,155.0,78604221,11.22917442857143,0.975213033011538,3,Friday
1497,91,7000000,45729221,80504421,2019,five feet apart,,,,,73504421,10.500631571428572,0.5680336611575655,3,Friday
1498,93,7000000,37295394,38158601,2011,jumping the broom,[35],8.477,6.0,103.0,31158601,4.4512287142857145,0.9773784421499101,5,Friday
1499,4,7000000,24801212,36964656,2017,gifted,"[18, 10751, 35]",16.745,7.9,2035.0,29964656,4.280665142857143,0.6709439416939251,4,Friday
1500,11,7000000,17506470,18190831,2015,dope,"[80, 18, 35]",9.246,7.2,954.0,11190831,1.598690142857143,0.9623787940199103,6,Friday
1501,13,7000000,16794432,27989498,2019,brightburn,,,,,20989498,2.9984997142857144,0.6000261955394841,5,Friday
1502,14,7000000,15821461,36146087,2014,devils due,[27],5.893,4.5,303.0,29146087,4.163726714285715,0.437708817554719,1,Friday
1503,16,7000000,14618727,14618727,2014,beyond the lights,"[10749, 18]",7.7170000000000005,7.0,238.0,7618727,1.0883895714285714,1.0,11,Friday
1504,16,7000000,14618727,14618727,2014,beyond the lights,"[10749, 18]",7.7170000000000005,7.0,238.0,7618727,1.0883895714285714,1.0,11,Friday
1505,41,7000000,1891936,1891936,2011,the mighty macs,,,,,-5108064,-0.7297234285714286,1.0,10,Friday
1506,43,7000000,1738692,10765283,2012,we need to talk about kevin,"[18, 53]",11.964,7.6,1306.0,3765283,0.5378975714285714,0.16150917723203376,1,Friday
1507,43,7000000,1738692,10765283,2012,we need to talk about kevin,"[18, 53]",11.964,7.6,1306.0,3765283,0.5378975714285714,0.16150917723203376,1,Friday
1508,45,7000000,1632000,1933829,2013,the christmas candle,"[18, 10751]",1.4,6.0,15.0,-5066171,-0.7237387142857142,0.8439215670051489,11,Friday
1509,51,7000000,546201,1732228,2015,freeheld,"[10749, 18]",7.313,7.3,360.0,-5267772,-0.7525388571428572,0.31531703678730516,10,Friday
1510,52,7000000,523511,1857458,2014,dom hemingway,"[35, 80, 18]",7.254,5.8,302.0,-5142542,-0.7346488571428571,0.28184271192134625,4,Wednesday
1511,54,7000000,382946,382946,2011,hesher,[18],7.14,7.0,335.0,-6617054,-0.9452934285714286,1.0,5,Friday
1512,60,7000000,31443,41038,2015,trudno byt bogom,,,,,-6958962,-0.9941374285714286,0.766192309566743,1,Friday
1513,62,7000000,0,15193977,2014,snezhnaya koroleva,,,,,8193977,1.1705681428571428,0.0,1,Tuesday
1514,63,7000000,0,10237229,2016,oddball,,,,,3237229,0.46246128571428574,0.0,12,Tuesday
1515,64,7000000,0,2053330,2015,z storm,,,,,-4946670,-0.7066671428571428,0.0,8,Tuesday
1516,65,7000000,0,1545121,2015,geroy,,,,,-5454879,-0.7792684285714285,0.0,12,Thursday
1517,66,7000000,0,1268346,2013,twixt,"[27, 9648, 14, 35]",6.12,5.0,132.0,-5731654,-0.8188077142857143,0.0,7,Tuesday
1518,67,7000000,0,386744,2015,criminal activities,"[53, 80, 18]",7.914,5.9,166.0,-6613256,-0.9447508571428571,0.0,11,Friday
1519,67,7000000,0,386744,2015,criminal activities,"[53, 80, 18]",7.914,5.9,166.0,-6613256,-0.9447508571428571,0.0,11,Friday
1521,73,6900000,31611916,44103982,2012,house at the end of the street,"[27, 53]",8.72,5.8,1033.0,37203982,5.391881449275362,0.7167587724845343,9,Friday
1522,75,6840000,0,22273,2017,two lovers and a bear,,,,,-6817727,-0.9967437134502924,0.0,1,Tuesday
1523,84,6500000,84273813,256862920,2014,annabelle,[27],13.989,5.6,3357.0,250362920,38.517372307692305,0.3280886669045108,10,Friday
1524,95,6500000,6423605,6423605,2017,same kind of different as me,[18],8.756,6.8,103.0,-76395,-0.011753076923076923,1.0,10,Friday
1525,95,6500000,6423605,6423605,2017,same kind of different as me,[18],8.756,6.8,103.0,-76395,-0.011753076923076923,1.0,10,Friday
1526,97,6500000,4002293,20412841,2011,shame,[18],13.152000000000001,7.0,1607.0,13912841,2.1404370769230767,0.19606741658351232,12,Friday
1527,97,6500000,4002293,20412841,2011,shame,[18],1.4,6.5,2.0,13912841,2.1404370769230767,0.19606741658351232,12,Friday
1528,97,6500000,4002293,20412841,2011,shame,"[10752, 18]",7.642,7.8,77.0,13912841,2.1404370769230767,0.19606741658351232,12,Friday
1529,99,6500000,2274649,3027956,2013,the east,"[18, 53]",8.044,6.6,438.0,-3472044,-0.5341606153846153,0.7512160018177279,5,Friday
1530,4,6500000,0,3149,2011,tracker,"[28, 18, 53, 12]",3.5810000000000004,6.7,29.0,-6496851,-0.9995155384615385,0.0,12,Saturday
1531,19,6000000,46840590,51411620,2018,breaking in,[],0.6,2.5,2.0,45411620,7.568603333333333,0.9110895552406246,5,Friday
1532,19,6000000,46840590,51411620,2018,breaking in,"[53, 80, 28]",12.187999999999999,5.9,290.0,45411620,7.568603333333333,0.9110895552406246,5,Friday
1533,33,6000000,18107621,18107621,2019,unplanned,,,,,12107621,2.017936833333333,1.0,3,Friday
1534,36,6000000,14856291,19789712,2019,the prodigy,,,,,13789712,2.2982853333333333,0.750707792008292,2,Friday
1535,37,6000000,14836174,42785387,2018,the possession of hannah grace,"[27, 18]",20.262999999999998,5.1,393.0,36785387,6.130897833333333,0.34675797136064235,11,Friday
1536,46,6000000,11494838,16369708,2012,the words,"[18, 53]",7.2010000000000005,6.6,628.0,10369708,1.7282846666666667,0.7022017741550429,9,Friday
1537,47,6000000,10021175,42320503,2016,the lady in the van,"[35, 18]",9.269,6.3,393.0,36320503,6.053417166666667,0.2367924360445338,1,Friday
1538,47,6000000,10021175,42320503,2016,the lady in the van,"[35, 18]",9.269,6.3,393.0,36320503,6.053417166666667,0.2367924360445338,1,Friday
1539,48,6000000,9204489,10106975,2012,bernie,"[35, 80, 18]",7.518,6.6,503.0,4106975,0.6844958333333333,0.910706615975601,4,Friday
1540,48,6000000,9204489,10106975,2012,bernie,"[35, 80, 18]",7.518,6.6,503.0,4106975,0.6844958333333333,0.910706615975601,4,Friday
1541,53,6000000,5909483,8446952,2012,casa de mi padre,"[35, 37]",7.691,5.2,154.0,2446952,0.4078253333333333,0.6995994531518588,3,Friday
1542,54,6000000,5359774,21197454,2011,the guard,"[28, 35, 53, 80]",10.177,6.9,563.0,15197454,2.532909,0.25284989414294756,7,Friday
1543,61,6000000,3591299,6591365,2014,wish i was here,"[18, 35]",7.845,6.6,440.0,591365,0.09856083333333333,0.5448490563032088,7,Friday
1544,63,6000000,3322127,3485383,2014,veronica mars,"[35, 18, 80]",7.821000000000001,6.7,699.0,-2514617,-0.4191028333333333,0.9531598105574051,3,Friday
1545,70,6000000,1348205,11348205,2011,snow flower and the secret fan,"[18, 36]",4.519,5.9,39.0,5348205,0.8913675,0.11880337022463024,7,Friday
1546,71,6000000,1214525,1427656,2018,mandy,[18],0.6,3.5,2.0,-4572344,-0.7620573333333334,0.8507126366575701,9,Friday
1547,71,6000000,1214525,1427656,2018,mandy,"[28, 53, 27, 14, 9648]",16.24,6.2,618.0,-4572344,-0.7620573333333334,0.8507126366575701,9,Friday
1548,73,6000000,802778,18727440,2011,jãsannin no shikaku,,,,,12727440,2.12124,0.042866403523386006,4,Friday
1549,76,6000000,408159,408159,2011,the 5th quarter,[18],2.142,4.7,15.0,-5591841,-0.9319735,1.0,3,Friday
1550,76,6000000,408159,408159,2011,the 5th quarter,[18],2.142,4.7,15.0,-5591841,-0.9319735,1.0,3,Friday
1551,80,6000000,129210,13168809,2011,akmareul boatda,,,,,7168809,1.1948015,0.009811821251261219,3,Friday
1552,83,6000000,66351,1673635,2012,deadfall,"[80, 18, 53]",9.491,5.9,357.0,-4326365,-0.7210608333333334,0.03964484490345864,12,Friday
1553,87,6000000,32251,437089,2015,song one,[18],6.206,5.6,126.0,-5562911,-0.9271518333333333,0.07378588799992679,1,Friday
1554,87,6000000,32251,437089,2015,song one,[18],6.206,5.6,126.0,-5562911,-0.9271518333333333,0.07378588799992679,1,Friday
1558,1,5800000,542860,9662214,2011,winter in wartime,,,,,3862214,0.6658989655172414,0.0561838104600043,3,Friday
1559,3,5800000,15091,15091,2012,trade of innocents,"[18, 53]",5.882000000000001,5.7,16.0,-5784909,-0.9973981034482758,1.0,10,Friday
1560,6,5700000,35955,86051320,2012,the inbetweeners,,,,,80351320,14.096722807017544,0.00041783205649837795,9,Friday
1561,12,5600000,385422,14683763,2012,khiladi 786,"[28, 35]",1.824,4.7,16.0,9083763,1.6221005357142857,0.02624817630194658,12,Friday
1562,18,5500000,24477704,41268579,2013,don jon,"[10749, 35, 18]",12.78,5.9,2709.0,35768579,6.503378,0.5931317383135484,9,Friday
1563,20,5500000,11107431,18119231,2018,hell fest,[27],12.955,5.5,273.0,12619231,2.2944056363636363,0.6130188968836481,9,Friday
1564,28,5500000,1008098,15867314,2011,haevnen,,,,,10367314,1.8849661818181818,0.06353299619582747,4,Friday
1565,29,5500000,611709,13480196,2011,le havre,"[18, 35]",5.973,6.9,169.0,7980196,1.4509447272727272,0.04537834613087228,10,Friday
1566,31,5500000,28468,28468,2011,salvation boulevard,"[35, 53, 28, 18]",6.507000000000001,5.4,38.0,-5471532,-0.994824,1.0,7,Friday
1567,32,5500000,24956,24956,2015,r100,,,,,-5475044,-0.9954625454545455,1.0,1,Friday
1568,33,5500000,0,863895,2015,miss julie,[18],7.422999999999999,5.8,77.0,-4636105,-0.8429281818181819,0.0,5,Tuesday
1569,36,5400000,0,4728896,2013,tao jie,,,,,-671104,-0.12427851851851852,0.0,2,Tuesday
1570,38,5300000,0,440821,2013,grabbers,"[878, 35, 53, 27, 9648]",7.117000000000001,6.1,202.0,-4859179,-0.9168262264150944,0.0,7,Friday
1571,39,5250000,2450504,22914479,2013,la vie dadãle â chapitres 1  2,,,,,17664479,3.364662666666667,0.1069412924465793,10,Friday
1572,40,5250000,1200010,20188740,2012,hodejegerne,,,,,14938740,2.845474285714286,0.05943956878933505,4,Friday
1573,43,5250000,0,4801837,2017,the girl with all the gifts,"[18, 27, 53, 878]",13.714,6.4,982.0,-448163,-0.08536438095238096,0.0,2,Friday
1574,46,5200000,564489,11633427,2011,dum maaro dum,"[18, 28, 80]",1.4909999999999999,5.4,16.0,6433427,1.2371975,0.048523019055348005,4,Friday
1575,49,5000000,176040665,255367951,2017,get out,"[35, 16]",0.8340000000000001,5.5,8.0,250367951,50.0735902,0.6893608391759387,2,Friday
1576,49,5000000,176040665,255367951,2017,get out,"[9648, 53, 27]",24.739,7.5,8760.0,250367951,50.0735902,0.6893608391759387,2,Friday
1577,50,5000000,138141585,278964806,2017,split,[18],0.9059999999999999,5.3,2.0,273964806,54.7929612,0.49519359442065247,1,Friday
1578,50,5000000,138141585,278964806,2017,split,"[27, 53]",25.783,7.2,10375.0,273964806,54.7929612,0.49519359442065247,1,Friday
1579,50,5000000,138141585,278964806,2017,split,"[14, 18]",2.454,5.0,5.0,273964806,54.7929612,0.49519359442065247,1,Friday
1580,50,5000000,138141585,278964806,2017,split,"[35, 10749]",2.029,4.8,16.0,273964806,54.7929612,0.49519359442065247,1,Friday
1581,51,5000000,104028807,207039844,2011,paranormal activity 3,[27],9.669,5.9,1197.0,202039844,40.4079688,0.5024579085366776,10,Friday
1582,53,5000000,83586447,161921515,2013,insidious chapter 2,"[27, 53]",14.283,6.6,2279.0,156921515,31.384303,0.5162158160390236,9,Friday
1583,54,5000000,72082999,108286422,2016,10 cloverfield lane,"[53, 878, 18]",17.892,6.9,4629.0,103286422,20.6572844,0.6656697826806024,3,Friday
1584,55,5000000,67268835,148806510,2016,lights out,"[53, 9648, 27]",12.408,6.3,2220.0,143806510,28.761302,0.45205572659421955,7,Friday
1585,56,5000000,65206105,98677816,2015,the visit,"[27, 53, 9648]",10.196,6.2,2634.0,93677816,18.7355632,0.660798015635044,9,Friday
1586,56,5000000,65206105,98677816,2015,the visit,[],0.631,8.0,1.0,93677816,18.7355632,0.660798015635044,9,Friday
1587,58,5000000,55683845,125010260,2017,happy death day,"[27, 9648, 53]",21.23,6.6,3211.0,120010260,24.002052,0.4454341987609657,10,Friday
1588,59,5000000,53900335,142817992,2012,paranormal activity 4,[27],8.965,5.4,1026.0,137817992,27.5635984,0.3774057753171603,10,Friday
1589,60,5000000,50856010,103300632,2014,ouija,[27],15.389000000000001,5.1,1670.0,98300632,19.6601264,0.492310734362206,10,Friday
1590,62,5000000,44467206,100486616,2013,no se aceptan devoluciones,,,,,95486616,19.0973232,0.44251869323572407,8,Friday
1591,63,5000000,43787265,58978477,2015,the gift,[878],1.304,6.6,7.0,53978477,10.7956954,0.7424278690682365,8,Friday
1592,63,5000000,43787265,58978477,2015,the gift,"[9648, 18, 14]",0.624,9.0,1.0,53978477,10.7956954,0.7424278690682365,8,Friday
1593,63,5000000,43787265,58978477,2015,the gift,"[10749, 18]",0.6,5.8,6.0,53978477,10.7956954,0.7424278690682365,8,Friday
1594,63,5000000,43787265,58978477,2015,the gift,"[53, 9648]",12.097000000000001,6.7,1797.0,53978477,10.7956954,0.7424278690682365,8,Friday
1595,63,5000000,43787265,58978477,2015,the gift,[18],0.631,9.0,1.0,53978477,10.7956954,0.7424278690682365,8,Friday
1596,64,5000000,42872467,53972860,2017,the big sick,"[35, 18, 10749]",12.322000000000001,7.4,1302.0,48972860,9.794572,0.79433380035818,6,Friday
1597,66,5000000,36049540,44300625,2019,ma,,,,,39300625,7.860125,0.813747887304073,5,Friday
1598,70,5000000,32462372,90904854,2014,paranormal activity the marked ones,"[27, 53]",9.446,5.3,752.0,85904854,17.1809708,0.35710273513007346,1,Friday
1599,72,5000000,27695246,44115496,2014,oculus,[27],10.841,6.4,1747.0,39115496,7.8230992,0.6277895186761586,4,Friday
1600,73,5000000,27298285,60611845,2013,dallas buyers club,"[18, 36]",12.389000000000001,7.9,4961.0,55611845,11.122369,0.45037871722928086,11,Friday
1601,73,5000000,27298285,60611845,2013,dallas buyers club,"[18, 36]",12.389000000000001,7.9,4961.0,55611845,11.122369,0.45037871722928086,11,Friday
1602,74,5000000,27288872,42844516,2015,no escape,"[28, 53]",19.005,6.8,1296.0,37844516,7.5689032,0.6369280026409915,8,Wednesday
1603,76,5000000,25801570,38359310,2015,the lazarus effect,[],0.6,4.8,3.0,33359310,6.671862,0.6726286265316034,2,Friday
1604,76,5000000,25801570,38359310,2015,the lazarus effect,"[53, 27]",10.157,5.1,825.0,33359310,6.671862,0.6726286265316034,2,Friday
1605,78,5000000,24814830,25861249,2011,our idiot brother,"[35, 18]",8.523,6.1,527.0,20861249,4.1722498,0.9595371824462152,8,Friday
1606,79,5000000,24431472,29960051,2018,the strangers prey at night,"[27, 53]",13.31,5.4,621.0,24960051,4.9920102,0.8154683047769178,3,Friday
1607,83,5000000,21502690,26853810,2013,the way way back,"[35, 18]",9.977,7.1,1043.0,21853810,4.370762,0.8007314418326487,7,Friday
1608,84,5000000,21222315,41824066,2014,as above so below,"[27, 53]",10.613,6.2,1321.0,36824066,7.3648132,0.5074187430748603,8,Friday
1609,85,5000000,20773069,23551286,2016,godâs not dead 2,,,,,18551286,3.7102572,0.8820354438394574,4,Friday
1610,90,5000000,19115191,23745772,2016,race,"[28, 18]",8.705,7.2,910.0,18745772,3.7491544,0.8049934531503125,2,Friday
1611,92,5000000,18656400,41699612,2015,still alice,[18],10.747,7.5,1946.0,36699612,7.3399224,0.4473998463103206,1,Friday
1612,94,5000000,17686929,26517819,2011,apollo 18,"[27, 53, 878]",8.384,5.0,486.0,21517819,4.3035638,0.6669827937207053,9,Friday
1613,95,5000000,17547999,25529498,2018,paul apostle of christ,[36],12.005,7.1,98.0,20529498,4.1058996,0.6873616943035856,3,Friday
1614,96,5000000,17390770,17499242,2014,addicted,"[18, 53]",8.295,5.3,103.0,12499242,2.4998484,0.9938013315091019,10,Friday
1615,3,5000000,14124286,31149251,2013,spring breakers,"[18, 80]",10.690999999999999,5.0,2495.0,26149251,5.2298502,0.45343902490624893,3,Friday
1616,4,5000000,13985117,19720203,2017,it comes at night,[27],12.337,5.8,1141.0,14720203,2.9440406,0.7091771316958553,6,Friday
1617,8,5000000,13099931,13099931,2016,hillaryâs america the secret history of the democratic party,,,,,8099931,1.6199862,1.0,7,Friday
1618,12,5000000,12241072,18945682,2017,before i fall,"[18, 9648, 53, 14]",14.584000000000001,7.0,2135.0,13945682,2.7891364,0.6461140855209119,3,Friday
1619,15,5000000,11686940,22113075,2016,fifty shades of black,"[10749, 35]",8.783999999999999,4.4,677.0,17113075,3.422615,0.5285081337624912,1,Friday
1620,20,5000000,10429707,10537341,2014,momsâ night out,,,,,5537341,1.1074682,0.9897854686490644,5,Friday
1621,21,5000000,10166820,11792942,2017,the belko experiment,"[28, 53]",10.133,6.1,757.0,6792942,1.3585884,0.8621105742740022,3,Friday
1622,22,5000000,9669521,10182050,2016,the perfect match,"[35, 10749]",6.875,5.5,78.0,5182050,1.03641,0.949663476411921,3,Friday
1623,29,5000000,6352306,6653715,2018,fahrenheit 119,[99],10.003,7.1,142.0,1653715,0.330743,0.9547006446774471,9,Friday
1624,38,5000000,4816142,4816142,2015,90 minutes in heaven,[18],5.797999999999999,5.3,63.0,-183858,-0.0367716,1.0,9,Friday
1625,39,5000000,4799774,9371036,2016,incarnate,"[27, 53]",7.1370000000000005,5.2,314.0,4371036,0.8742072,0.5121924619647177,12,Friday
1626,43,5000000,3954651,46263525,2011,des hommes et des dieux,,,,,41263525,8.252705,0.08548097015953714,2,Friday
1627,45,5000000,3614896,4620399,2017,table 19,"[35, 18]",7.551,6.0,604.0,-379601,-0.0759202,0.782377452683199,3,Friday
1628,46,5000000,3220371,3807503,2016,green room,"[27, 80, 53]",9.943,6.8,1314.0,-1192497,-0.2384994,0.8457960505874847,4,Friday
1629,46,5000000,3220371,3807503,2016,green room,"[27, 80, 53]",9.943,6.8,1314.0,-1192497,-0.2384994,0.8457960505874847,4,Friday
1630,47,5000000,3072605,3187302,2018,thoroughbreds,"[18, 53]",11.241,6.3,398.0,-1812698,-0.3625396,0.9640143921096903,3,Friday
1631,47,5000000,3072605,3187302,2018,thoroughbreds,"[18, 53]",11.241,6.3,398.0,-1812698,-0.3625396,0.9640143921096903,3,Friday
1632,49,5000000,3000342,12905107,2016,the other side of the door,"[53, 27]",9.078,5.3,470.0,7905107,1.5810214,0.23249260932125554,3,Friday
1633,50,5000000,2712131,2821010,2011,everything must go,"[35, 18, 10749]",7.492999999999999,6.0,301.0,-2178990,-0.435798,0.9614042488328648,5,Friday
1634,51,5000000,2450846,6656705,2014,kill the messenger,"[53, 80, 18, 9648]",10.062000000000001,6.6,507.0,1656705,0.331341,0.368177048554803,10,Friday
1635,53,5000000,2184640,2368937,2015,jem and the holograms,"[18, 14, 10402]",7.942,5.4,241.0,-2631063,-0.5262126,0.9222026588296777,10,Friday
1636,53,5000000,2184640,2368937,2015,jem and the holograms,"[18, 14, 10402]",7.942,5.4,241.0,-2631063,-0.5262126,0.9222026588296777,10,Friday
1637,54,5000000,2141423,10727536,2016,paterson,"[35, 18, 10749]",9.486,7.1,736.0,5727536,1.1455072,0.1996192788353262,12,Wednesday
1638,54,5000000,2141423,10727536,2016,paterson,"[35, 18, 10749]",9.486,7.1,736.0,5727536,1.1455072,0.1996192788353262,12,Wednesday
1639,60,5000000,851690,851690,2014,atlas shrugged who is john galt,,,,,-4148310,-0.829662,1.0,9,Friday
1640,64,5000000,391611,1075009,2013,aint them bodies saints,"[80, 18, 10749, 37]",8.166,6.2,217.0,-3924991,-0.7849982,0.3642862524871885,8,Friday
1641,66,5000000,340911,927074,2014,jimi all is by my side,"[18, 10402]",6.461,5.5,96.0,-4072926,-0.8145852,0.3677279267890158,9,Friday
1642,69,5000000,223838,5476793,2011,tucker  dale vs evil,,,,,476793,0.0953586,0.040870268421684,9,Friday
1643,71,5000000,134552,143658,2015,cop car,[53],11.414000000000001,5.8,452.0,-4856342,-0.9712684,0.9366133455846525,8,Friday
1644,78,5000000,56001,567219,2014,rudderless,"[10402, 18, 35]",8.03,7.4,149.0,-4432781,-0.8865562,0.09872906231984471,10,Friday
1645,81,5000000,7556,7556,2015,area 51,"[27, 53, 878]",6.794,4.4,248.0,-4992444,-0.9984888,1.0,5,Friday
1646,82,5000000,0,9109597,2012,mientras duermes,,,,,4109597,0.8219194,0.0,10,Friday
1647,85,5000000,0,74639,2014,dying of the light,"[53, 18]",9.064,4.6,174.0,-4925361,-0.9850722,0.0,12,Friday
1648,86,5000000,0,22958,2016,yoga hosers,"[35, 14, 27]",8.05,4.5,221.0,-4977042,-0.9954084,0.0,9,Friday
1660,1,4900000,3498695,17536004,2015,mommy,[18],11.095,8.3,1399.0,12636004,2.5787763265306123,0.1995149522091806,1,Friday
1661,4,4900000,95933,6924321,2012,the awakening,[],0.6,4.0,3.0,2024321,0.41312673469387756,0.013854499235376292,8,Friday
1662,4,4900000,95933,6924321,2012,the awakening,"[27, 53]",10.73,6.4,782.0,2024321,0.41312673469387756,0.013854499235376292,8,Friday
1663,8,4800000,775849,4494560,2013,only god forgives,"[18, 53, 80]",10.196,5.8,1396.0,-305440,-0.06363333333333333,0.1726195667651561,7,Friday
1664,9,4750000,1728953,4972016,2011,take shelter,"[53, 18]",11.235999999999999,7.2,787.0,222016,0.04674021052631579,0.34773681339722157,9,Friday
1667,18,4600000,2804874,36751984,2012,barfi,,,,,32151984,6.989561739130435,0.0763189818541497,9,Friday
1668,21,4600000,514237,9261711,2011,le nom des gens,,,,,4661711,1.0134154347826088,0.05552289420388954,6,Friday
1669,32,4500000,9196278,18019834,2016,the lobster,"[53, 35, 18, 10749, 878]",15.64,6.9,2895.0,13519834,3.0044075555555554,0.5103419931615353,3,Friday
1670,32,4500000,9196278,18019834,2016,the lobster,"[53, 35, 18, 10749, 878]",15.64,6.9,2895.0,13519834,3.0044075555555554,0.5103419931615353,3,Friday
1671,40,4500000,1400726,9330465,2011,salvando al soldado perez,,,,,4830465,1.0734366666666666,0.15012392201246133,9,Friday
1672,42,4500000,707885,2404639,2011,nannerl la soeur de mozart,,,,,-2095361,-0.46563577777777776,0.29438306539983755,8,Friday
1673,46,4500000,200558,1217307,2011,blackthorn,"[12, 28, 37]",7.547999999999999,6.7,111.0,-3282693,-0.7294873333333334,0.16475548074561305,10,Friday
1674,47,4500000,187112,1027760,2015,maggie,"[27, 18, 9648]",13.0,5.3,958.0,-3472240,-0.7716088888888889,0.18205806803144703,5,Friday
1675,53,4500000,26345,8000366,2013,the sweeney,"[28, 80]",6.4,5.9,142.0,3500366,0.7778591111111111,0.003292974346423651,3,Friday
1676,54,4500000,11774,11774,2014,falcon rising,"[12, 28]",10.059,5.8,126.0,-4488226,-0.9973835555555556,1.0,9,Thursday
1682,62,4400000,0,9969237,2016,airlift 2016,,,,,5569237,1.2657356818181817,0.0,12,Saturday
1684,64,4357373,0,1200000,2014,anna,[27],1.463,3.1,8.0,-3157373,-0.7246047102233387,0.0,6,Friday
1685,68,4300000,188870,10212403,2012,snabba cash,,,,,5912403,1.3749774418604652,0.01849417810871741,7,Wednesday
1686,73,4200000,0,313230,2011,cargo,"[18, 53]",1.925,4.4,7.0,-3886770,-0.9254214285714286,0.0,10,Friday
1687,73,4200000,0,313230,2011,cargo,"[14, 18]",2.457,7.6,47.0,-3886770,-0.9254214285714286,0.0,10,Friday
1688,73,4200000,0,313230,2011,cargo,"[12, 10751, 16]",0.6,5.5,4.0,-3886770,-0.9254214285714286,0.0,10,Friday
1689,73,4200000,0,313230,2011,cargo,"[18, 53, 12, 27]",12.552,6.3,724.0,-3886770,-0.9254214285714286,0.0,10,Friday
1690,73,4200000,0,313230,2011,cargo,"[80, 27, 53]",2.122,5.3,4.0,-3886770,-0.9254214285714286,0.0,10,Friday
1691,81,4000000,36006065,53401938,2015,the boy next door,[18],0.6,5.7,6.0,49401938,12.3504845,0.6742464103081802,1,Friday
1692,81,4000000,36006065,53401938,2015,the boy next door,[53],7.062,4.4,1382.0,49401938,12.3504845,0.6742464103081802,1,Friday
1693,85,4000000,25379975,57273049,2014,boyhood,[18],11.140999999999998,7.5,3097.0,53273049,13.31826225,0.4431399313139414,7,Friday
1694,89,4000000,17329487,21206861,2014,a haunted house 2,"[35, 27]",6.9479999999999995,5.5,597.0,17206861,4.30171525,0.8171641715386355,4,Friday
1695,90,4000000,15179303,25448707,2013,the last exorcism part ii,"[27, 53, 18]",7.561,4.5,297.0,21448707,5.36217675,0.5964665709735273,3,Friday
1696,98,4000000,10753574,10898293,2016,the darkness,"[27, 53]",8.357000000000001,4.8,347.0,6898293,1.72457325,0.9867209479502891,5,Friday
1697,18,4000000,2672413,5966671,2012,samsara,"[18, 99]",6.015,8.2,276.0,1966671,0.49166775,0.44789012164404574,8,Friday
1698,20,4000000,1430241,1989035,2011,the art of getting by,"[18, 10749]",8.695,6.5,752.0,-2010965,-0.50274125,0.7190627615904195,6,Friday
1699,22,4000000,1065429,1983596,2011,red state,"[27, 28, 53]",7.816,6.1,472.0,-2016404,-0.504101,0.537119957894652,9,Friday
1700,25,4000000,641054,4230426,2012,holy motors,"[18, 14]",5.31,7.0,431.0,230426,0.0576065,0.15153414809761476,10,Wednesday
1701,26,4000000,600896,2665322,2014,the signal,"[53, 878]",10.032,5.9,901.0,-1334678,-0.3336695,0.22544968300265408,6,Friday
1702,26,4000000,600896,2665322,2014,the signal,[],0.6609999999999999,7.0,2.0,-1334678,-0.3336695,0.22544968300265408,6,Friday
1703,29,4000000,385069,1158877,2014,the face of love,"[18, 10749]",5.519,6.1,68.0,-2841123,-0.71028075,0.3322777136831605,3,Friday
1704,30,4000000,373375,373375,2014,joe,[18],8.57,6.6,514.0,-3626625,-0.90665625,1.0,4,Friday
1705,35,4000000,246305,246305,2019,late night,,,,,-3753695,-0.93842375,1.0,6,Friday
1706,37,4000000,165203,953314,2017,polina danser sa vie,,,,,-3046686,-0.7616715,0.17329337448102095,8,Friday
1707,38,4000000,155271,596335,2015,desert dancer,[18],1.508,6.9,33.0,-3403665,-0.85091625,0.2603754601021238,4,Friday
1708,39,4000000,154356,4854356,2015,guten tag ramon,,,,,854356,0.213589,0.031797420708328764,1,Friday
1709,41,4000000,132270,797439,2015,manglehorn,[18],7.6610000000000005,5.4,94.0,-3202561,-0.80064025,0.16586848649238375,6,Friday
1710,43,4000000,120016,120016,2011,trust,"[80, 18, 53]",7.805,6.6,556.0,-3879984,-0.969996,1.0,4,Friday
1711,47,4000000,33245,679482,2011,stake land,"[18, 27, 878]",8.799,6.2,415.0,-3320518,-0.8301295,0.048926976726388634,4,Friday
1712,48,4000000,20620,760678,2015,praia do futuro,,,,,-3239322,-0.8098305,0.02710739629646184,2,Friday
1713,51,4000000,9134,47552,2014,13 sins,"[27, 53]",10.899000000000001,6.3,576.0,-3952448,-0.988112,0.19208445491251683,4,Friday
1714,52,4000000,9120,978527,2011,another happy day,"[35, 18]",5.473,6.1,60.0,-3021473,-0.75536825,0.009320131176758535,11,Friday
1715,53,4000000,4327,4327,2013,inescapable,"[53, 10749]",6.122000000000001,5.2,27.0,-3995673,-0.99891825,1.0,2,Friday
1716,54,4000000,0,31166312,2017,perfectos desconocidos,,,,,27166312,6.791578,0.0,12,Sunday
1717,55,4000000,0,4454853,2013,geograf globus propil,,,,,454853,0.11371325,0.0,12,Tuesday
1718,56,4000000,0,442550,2012,a lonely place to die,"[12, 28, 53, 80]",9.104,6.1,251.0,-3557450,-0.8893625,0.0,3,Tuesday
1719,58,4000000,0,12302,2012,the loved ones,,,,,-3987698,-0.9969245,0.0,6,Friday
1727,72,3800000,41914,41914,2011,down for life,[18],0.6,3.5,2.0,-3758086,-0.98897,1.0,1,Friday
1728,75,3800000,10153,10153,2018,hevi reissu,,,,,-3789847,-0.9973281578947368,1.0,10,Friday
1729,87,3600000,0,173156,2017,utãya 22 juli,,,,,-3426844,-0.9519011111111111,0.0,12,Sunday
1730,91,3500000,41411015,95127344,2018,truth or dare,"[27, 53, 9648]",8.102,5.6,194.0,91627344,26.179241142857144,0.4353218880998086,4,Friday
1731,91,3500000,41411015,95127344,2018,truth or dare,[27],0.84,4.7,3.0,91627344,26.179241142857144,0.4353218880998086,4,Friday
1732,91,3500000,41411015,95127344,2018,truth or dare,[28],0.6,7.0,1.0,91627344,26.179241142857144,0.4353218880998086,4,Friday
1733,91,3500000,41411015,95127344,2018,truth or dare,[27],4.354,5.2,50.0,91627344,26.179241142857144,0.4353218880998086,4,Friday
1734,91,3500000,41411015,95127344,2018,truth or dare,"[53, 27]",14.354000000000001,6.0,2005.0,91627344,26.179241142857144,0.4353218880998086,4,Friday
1735,94,3500000,25138705,40454520,2016,the witch,"[9648, 27]",13.493,6.6,2931.0,36954520,10.558434285714286,0.6214065820086359,2,Friday
1736,94,3500000,25138705,40454520,2016,the witch,"[9648, 27]",13.493,6.6,2931.0,36954520,10.558434285714286,0.6214065820086359,2,Friday
1737,95,3500000,25091816,44378040,2018,winchester,"[14, 9648, 53, 27]",12.44,5.7,884.0,40878040,11.67944,0.5654106400372797,2,Friday
1738,97,3500000,17418667,27704111,2013,dark skies,"[878, 53, 27]",11.582,6.1,1004.0,24204111,6.9154602857142855,0.628739431487262,2,Friday
1739,98,3500000,16376066,16376066,2018,forever my girl,"[10749, 18, 10402]",15.953,7.4,406.0,12876066,3.678876,1.0,1,Friday
1740,11,3500000,3448256,3874772,2018,first reformed,[18],12.943,6.9,446.0,374772,0.10707771428571429,0.8899248781605731,5,Friday
1741,13,3500000,890303,890303,2016,believe,[18],1.327,5.9,12.0,-2609697,-0.7456277142857143,1.0,12,Friday
1742,13,3500000,890303,890303,2016,believe,[18],1.536,6.5,11.0,-2609697,-0.7456277142857143,1.0,12,Friday
1743,15,3500000,663247,2611750,2016,american honey,[18],8.777999999999999,6.7,417.0,-888250,-0.2537857142857143,0.2539473533071695,9,Friday
1744,16,3500000,615816,615816,2016,the bronze,"[18, 35]",8.328,5.8,186.0,-2884184,-0.8240525714285715,1.0,3,Friday
1745,16,3500000,615816,615816,2016,the bronze,"[18, 35]",8.328,5.8,186.0,-2884184,-0.8240525714285715,1.0,3,Friday
1746,17,3500000,253444,5706638,2011,trolljegeren,,,,,2206638,0.630468,0.0444121389862122,6,Friday
1747,19,3500000,182695,182695,2016,the masked saint,"[80, 28]",1.42,3.5,16.0,-3317305,-0.9478014285714286,1.0,1,Friday
1748,22,3500000,29233,29233,2016,time to choose,[99],0.753,8.3,3.0,-3470767,-0.9916477142857143,1.0,6,Friday
1749,25,3500000,0,40622,2011,the kick,,,,,-3459378,-0.9883937142857143,0.0,12,Saturday
1755,33,3450000,687185,18309793,2013,jagten,,,,,14859793,4.307186376811594,0.03753100867934444,5,Friday
1757,37,3400000,5353586,20433227,2011,margin call,"[53, 18]",9.498,6.8,856.0,17033227,5.009772647058823,0.2620039409340483,10,Friday
1759,43,3300000,13092006,38969037,2014,whiplash,"[18, 10402]",6.297999999999999,7.9,94.0,35669037,10.80879909090909,0.3359591872901555,10,Friday
1760,43,3300000,13092006,38969037,2014,whiplash,"[18, 10402]",28.784000000000002,8.4,7908.0,35669037,10.80879909090909,0.3359591872901555,10,Friday
1761,48,3300000,0,50206,2015,the opposite sex,[35],8.832,4.1,20.0,-3249794,-0.9847860606060606,0.0,1,Tuesday
1762,54,3200000,17493096,18285560,2018,sorry to bother you,"[14, 878, 35]",15.887,6.9,481.0,15085560,4.7142375,0.9566617593335944,7,Friday
1763,57,3200000,5790894,14314407,2011,beginners,"[18, 10749, 35]",10.322000000000001,6.9,532.0,11114407,3.4732521875,0.40455004527955646,6,Friday
1764,58,3200000,4267219,5526942,2016,the meddler,"[35, 18]",7.725,5.8,186.0,2326942,0.727169375,0.7720759508603492,4,Friday
1765,63,3100000,0,123407,2013,antiviral,"[878, 27]",6.33,5.8,152.0,-2976593,-0.9601912903225807,0.0,4,Friday
1766,66,3000000,67790117,73975239,2015,war room,"[18, 10749]",7.419,7.5,171.0,70975239,23.658413,0.9163892934499339,8,Friday
1767,67,3000000,64473115,91266581,2013,the purge,"[878, 27, 53]",24.364,6.2,4797.0,88266581,29.422193666666665,0.7064263204951219,6,Friday
1768,69,3000000,48086903,87727807,2012,sinister,"[9648, 27]",0.6,3.8,8.0,84727807,28.242602333333334,0.5481375249697055,10,Friday
1769,69,3000000,48086903,87727807,2012,sinister,"[27, 53, 9648]",13.117,6.8,2935.0,84727807,28.242602333333334,0.5481375249697055,10,Friday
1770,89,3000000,11977130,16553285,2018,upgrade,"[28, 53, 878]",21.413,7.4,1326.0,13553285,4.517761666666667,0.7235500385573015,6,Friday
1771,99,3000000,8110621,23251930,2013,before midnight,"[10749, 18]",11.765,7.4,1039.0,20251930,6.7506433333333336,0.3488149585862335,5,Friday
1772,3,3000000,7233471,7241309,2017,let there be light,[18],2.01,6.2,23.0,4241309,1.4137696666666666,0.9989175990142114,10,Friday
1773,3,3000000,7233471,7241309,2017,let there be light,[99],0.6,7.3,3.0,4241309,1.4137696666666666,0.9989175990142114,10,Friday
1774,9,3000000,4417983,4417983,2016,donât think twice,,,,,1417983,0.472661,1.0,7,Friday
1775,10,3000000,4210454,5837111,2016,swiss army man,"[35, 18, 10749, 14, 12]",10.0,6.9,1789.0,2837111,0.9457036666666667,0.7213249842259296,6,Friday
1776,14,3000000,4067398,11262769,2013,frances ha,"[35, 18]",9.42,7.4,624.0,8262769,2.754256333333333,0.36113659083303584,5,Friday
1777,14,3000000,4067398,11262769,2013,frances ha,"[35, 18]",9.42,7.4,624.0,8262769,2.754256333333333,0.36113659083303584,5,Friday
1778,21,3000000,3127773,7445044,2016,compadres,"[28, 35]",1.9269999999999998,5.1,21.0,4445044,1.4816813333333334,0.42011477702482347,4,Friday
1779,28,3000000,1821983,1887554,2014,tusk,"[35, 27, 18, 53]",8.655,5.3,601.0,-1112446,-0.37081533333333333,0.9652613911972849,9,Friday
1780,29,3000000,1803064,4495262,2017,the wall,"[878, 18]",5.577000000000001,6.7,61.0,1495262,0.4984206666666667,0.40110320599778165,5,Friday
1781,29,3000000,1803064,4495262,2017,the wall,"[53, 10752, 18]",8.142000000000001,6.1,407.0,1495262,0.4984206666666667,0.40110320599778165,5,Friday
1782,31,3000000,1007535,1324299,2012,damsels in distress,"[35, 10749]",6.625,5.5,103.0,-1675701,-0.558567,0.7608062831732109,4,Friday
1783,33,3000000,703372,834953,2011,hobo with a shotgun,"[80, 28, 53]",8.844,5.9,300.0,-2165047,-0.7216823333333333,0.8424090936855129,5,Friday
1784,34,3000000,669688,772366,2015,the d train,"[18, 10751]",0.6,6.0,2.0,-2227634,-0.7425446666666666,0.8670604350787062,5,Friday
1785,34,3000000,669688,772366,2015,the d train,"[18, 35]",6.465,4.6,125.0,-2227634,-0.7425446666666666,0.8670604350787062,5,Friday
1786,35,3000000,446770,12577401,2012,bachelorette,"[35, 10749]",7.05,5.4,755.0,9577401,3.192467,0.03552164711930549,9,Friday
1787,38,3000000,331000,331000,2011,creature,[27],5.121,4.1,23.0,-2669000,-0.8896666666666667,1.0,9,Friday
1788,39,3000000,321910,421404,2016,the bounce back,[10749],2.494,6.1,31.0,-2578596,-0.859532,0.7638987764710349,12,Friday
1789,44,3000000,201436,223652,2012,tim and erics billion dollar movie,[35],4.946000000000001,5.7,61.0,-2776348,-0.9254493333333333,0.9006671078282331,3,Friday
1790,49,3000000,78948,78948,2014,fort mccoy,"[10752, 18, 36]",0.669,6.3,2.0,-2921052,-0.973684,1.0,8,Friday
1791,52,3000000,37151,483938,2015,before we go,"[18, 10749, 35]",8.232999999999999,6.5,985.0,-2516062,-0.8386873333333333,0.07676809839276932,9,Friday
1792,53,3000000,18000,156362,2012,the divide,"[27, 878, 18]",7.778,5.9,302.0,-2843638,-0.9478793333333333,0.11511748378762103,1,Friday
1793,53,3000000,18000,156362,2012,the divide,[37],1.5519999999999998,2.0,1.0,-2843638,-0.9478793333333333,0.11511748378762103,1,Friday
1794,54,3000000,5073,5073,2011,tanner hall,[18],5.821000000000001,5.9,66.0,-2994927,-0.998309,1.0,9,Friday
1795,56,3000000,0,4668109,2017,demonic,"[53, 27]",6.84,5.1,267.0,1668109,0.5560363333333334,0.0,10,Tuesday
1796,58,3000000,0,82780,2014,they came together,[35],7.353,5.5,226.0,-2917220,-0.9724066666666666,0.0,6,Friday
1797,59,3000000,0,47469,2013,open road,"[28, 18, 53]",3.2710000000000004,5.1,20.0,-2952531,-0.984177,0.0,5,Tuesday
1807,81,2900000,20778,25935,2011,griff the invisible,"[10749, 35, 18]",3.5189999999999997,6.0,44.0,-2874065,-0.9910568965517241,0.8011567379988432,8,Friday
1808,93,2700000,3511417,3588305,2018,indivisible,"[18, 10752]",5.599,5.4,13.0,888305,0.3290018518518519,0.9785726129746496,10,Friday
1809,95,2700000,0,8200000,2015,sardaar ji,,,,,5500000,2.037037037037037,0.0,12,Thursday
1810,3,2600000,3827060,15298355,2014,ida,[18],7.568,7.3,455.0,12698355,4.8839826923076926,0.25016153697570753,5,Friday
1811,7,2600000,0,7033931,2011,la cara oculta,,,,,4433931,1.705358076923077,0.0,12,Saturday
1813,12,2500000,40041683,59922558,2013,a haunted house,"[35, 27]",6.909,5.5,871.0,57422558,22.9690232,0.6682238598692666,1,Friday
1814,13,2500000,33349941,33349941,2012,2016 obamaâs america,,,,,30849941,12.3399764,1.0,7,Friday
1815,14,2500000,32244051,32327255,2013,kevin hart let me explain,"[35, 99]",8.476,6.9,142.0,29827255,11.930902,0.9974261965638592,7,Wednesday
1816,22,2500000,6852971,6916951,2013,the spectacular now,"[35, 18, 10749]",13.679,6.6,1801.0,4416951,1.7667804,0.990750259760406,8,Friday
1817,25,2500000,5205471,23845533,2016,hunt for the wilderpeople,"[12, 35, 18]",12.545,7.8,915.0,21345533,8.5382132,0.21829962869775232,6,Friday
1818,26,2500000,3317468,4934356,2012,robot  frank,"[878, 35, 18, 80]",7.485,6.9,620.0,2434356,0.9737424,0.6723203595362799,8,Friday
1819,31,2500000,549632,549632,2013,the lost medallion the adventures of billy stone,"[12, 10751]",2.164,5.5,21.0,-1950368,-0.7801472,1.0,3,Friday
1820,34,2500000,327716,593933,2011,super,"[35, 28, 18]",11.36,6.6,726.0,-1906067,-0.7624268,0.5517726746956306,4,Friday
1821,41,2500000,35017,1392649,2013,underdogs,"[18, 10751]",1.4,5.5,16.0,-1107351,-0.4429404,0.025144167697675437,8,Friday
1822,41,2500000,35017,1392649,2013,underdogs,"[16, 12, 10749]",7.539,6.1,196.0,-1107351,-0.4429404,0.025144167697675437,8,Friday
1830,52,2450000,180237,182358,2011,go for it,"[18, 10751]",2.352,6.0,10.0,-2267642,-0.9255681632653061,0.9883690323429737,5,Friday
1832,60,2300000,12985600,14304931,2015,do you believe,"[14, 18]",5.599,7.0,72.0,12004931,5.2195352173913045,0.907770893826751,3,Friday
1833,63,2300000,59696,59696,2014,frontera,"[37, 18]",9.722999999999999,6.3,80.0,-2240304,-0.9740452173913043,1.0,9,Friday
1834,64,2300000,29384,29384,2011,redemption road,[18],1.128,4.7,6.0,-2270616,-0.9872243478260869,1.0,8,Friday
1843,81,2100000,3330,3330,2016,mi america,,,,,-2096670,-0.9984142857142857,1.0,10,Sunday
1848,87,2000000,34522221,35185884,2011,courageous,[18],7.406000000000001,7.0,128.0,33185884,16.592942,0.9811383735591239,9,Friday
1849,94,2000000,14674077,23250755,2015,it follows,"[27, 53]",18.419,6.5,3485.0,21250755,10.6253775,0.6311226022552816,3,Friday
1850,94,2000000,14674077,23250755,2015,it follows,"[27, 53]",18.419,6.5,3485.0,21250755,10.6253775,0.6311226022552816,3,Friday
1851,95,2000000,13539710,14341016,2018,eighth grade,"[35, 18]",14.777000000000001,7.4,519.0,12341016,6.170508,0.9441248792972549,7,Friday
1852,97,2000000,12739737,16610760,2012,silent house,"[27, 9648]",7.079,5.2,184.0,14610760,7.30538,0.7669569002261185,3,Friday
1853,100,2000000,9252038,17187434,2016,hardcore henry,"[28, 12, 878]",10.459000000000001,6.2,1294.0,15187434,7.593717,0.5383024598087184,4,Friday
1854,9,2000000,6047363,6049171,2014,meet the mormons,"[10751, 99]",0.6,5.4,7.0,4049171,2.0245855,0.9997011160702847,10,Friday
1855,11,2000000,5904366,11295324,2017,the florida project,[18],11.597000000000001,7.4,1125.0,9295324,4.647662,0.5227265725179729,10,Friday
1856,12,2000000,5802208,5941994,2017,all saints,"[18, 35]",4.042,6.1,25.0,3941994,1.970997,0.9764749005131947,8,Friday
1857,20,2000000,3591417,10153415,2015,we are your friends,"[18, 10402, 10749, 35]",10.809000000000001,6.3,1241.0,8153415,4.0767075,0.35371517858769685,8,Friday
1858,23,2000000,2583301,2791973,2015,captive,[18],1.472,3.8,7.0,791973,0.3959865,0.9252600222136819,9,Friday
1859,23,2000000,2583301,2791973,2015,captive,"[80, 18, 53]",6.474,5.6,127.0,791973,0.3959865,0.9252600222136819,9,Friday
1860,23,2000000,2583301,2791973,2015,captive,[27],0.6,1.5,2.0,791973,0.3959865,0.9252600222136819,9,Friday
1861,25,2000000,2386254,2420962,2018,hearts beat loud,"[18, 10402, 35]",13.200999999999999,7.4,87.0,420962,0.210481,0.9856635502746429,6,Friday
1862,26,2000000,2303792,2303792,2017,the resurrection of gavin stone,"[35, 18]",1.5090000000000001,6.7,10.0,303792,0.151896,1.0,1,Friday
1863,35,2000000,1477002,2279959,2015,the diary of a teenage girl,"[18, 10749]",9.382,6.7,460.0,279959,0.1399795,0.6478195441233812,8,Friday
1864,37,2000000,1370646,2088390,2014,locke,"[18, 53]",9.128,6.9,1370.0,88390,0.044195,0.656317067214457,4,Friday
1865,40,2000000,977772,1869928,2011,meeks cutoff,"[18, 37]",7.309,6.5,113.0,-130072,-0.065036,0.5228928600459483,4,Friday
1866,41,2000000,950792,7482387,2014,the babadook,"[18, 27]",11.502,6.4,3528.0,5482387,2.7411935,0.12707067945028772,11,Friday
1867,51,2000000,147299,205298,2015,the last five years,"[35, 18, 10402, 10749]",5.079,5.9,230.0,-1794702,-0.897351,0.7174887237089499,2,Friday
1868,57,2000000,72277,72277,2014,pump,[99],0.779,7.4,6.0,-1927723,-0.9638615,1.0,9,Friday
1869,60,2000000,45431,2009644,2015,lost river,"[14, 53, 18]",7.029,5.8,352.0,9644,0.004822,0.02260649149799666,4,Tuesday
1870,62,2000000,36336,6328516,2015,knock knock,"[18, 53]",17.867,5.0,1490.0,4328516,2.164258,0.005741630423309351,10,Friday
1871,63,2000000,35312,35312,2017,growing up smith,"[35, 10751, 18]",1.9809999999999999,7.0,16.0,-1964688,-0.982344,1.0,2,Friday
1872,63,2000000,35312,35312,2017,growing up smith,"[35, 10751, 18]",1.9809999999999999,7.0,16.0,-1964688,-0.982344,1.0,2,Friday
1873,67,2000000,17061,17061,2012,the first time,"[18, 35, 10749]",11.25,7.0,1426.0,-1982939,-0.9914695,1.0,10,Friday
1874,73,2000000,3080,28864,2013,plush,[],0.6,7.5,1.0,-1971136,-0.985568,0.10670731707317073,9,Friday
1875,73,2000000,3080,28864,2013,plush,[53],6.09,5.7,64.0,-1971136,-0.985568,0.10670731707317073,9,Friday
1876,74,2000000,2436,2436,2012,the ghastly love of johnny x,"[35, 14, 10402]",2.971,6.5,9.0,-1997564,-0.998782,1.0,10,Friday
1877,76,2000000,0,2151887,2011,grave encounters,"[53, 27]",8.475,6.2,700.0,151887,0.0759435,0.0,9,Friday
1878,77,2000000,0,475846,2015,bone tomahawk,"[27, 37]",11.890999999999998,6.8,905.0,-1524154,-0.762077,0.0,10,Friday
1879,79,2000000,0,63555,2013,stitches,[27],6.394,5.6,138.0,-1936445,-0.9682225,0.0,4,Monday
1880,80,2000000,0,926,2015,to be frank sinatra at 100,,,,,-1999074,-0.999537,0.0,12,Thursday
1896,8,1900000,478595,478595,2015,brotherly love,[18],2.157,6.8,53.0,-1421405,-0.7481078947368421,1.0,4,Friday
1897,9,1900000,467602,4581937,2011,submarine,"[18, 35, 10749]",7.412000000000001,7.4,770.0,2681937,1.4115457894736843,0.10205334556105856,6,Friday
1898,11,1900000,222098,10137234,2013,abcd any body can dance,,,,,8237234,4.335386315789473,0.021909132214961203,2,Friday
1899,13,1900000,0,285593,2013,stranded,"[27, 878]",6.563,3.6,73.0,-1614407,-0.8496878947368421,0.0,7,Friday
1900,14,1900000,0,12444,2015,vaalu,,,,,-1887556,-0.9934505263157895,0.0,12,Thursday
1901,18,1800000,12795746,23265132,2012,beasts of the southern wild,"[18, 14, 12]",7.53,6.9,605.0,21465132,11.925073333333334,0.549996707519218,6,Wednesday
1902,25,1800000,841056,842693,2011,higher ground,"[18, 53]",4.545,5.9,21.0,-957307,-0.5318372222222222,0.9980574183006148,8,Tuesday
1903,26,1800000,638476,783733,2011,pom wonderful presents the greatest movie ever sold,,,,,-1016267,-0.5645927777777778,0.8146600947006187,4,Friday
1909,42,1700000,4231500,12231500,2014,the lunchbox,"[18, 10749]",5.888,7.3,350.0,10531500,6.195,0.34595102808322775,2,Friday
1910,43,1700000,2507159,2507159,2013,grace unplugged,"[18, 10402]",1.9569999999999999,6.3,38.0,807159,0.47479941176470586,1.0,10,Friday
1911,45,1700000,1777043,9696537,2015,saul fia,,,,,7996537,4.703845294117647,0.18326573703580978,12,Friday
1912,48,1660000,0,80745,2019,braid,"[53, 18, 27]",5.972,6.4,18.0,-1579255,-0.9513584337349398,0.0,2,Friday
1913,60,1600000,15600,868081,2014,two night stand,"[10749, 35]",9.191,6.5,1241.0,-731919,-0.457449375,0.017970673243625883,9,Friday
1914,63,1500000,54009150,99870886,2011,insidious,"[27, 53]",16.197,6.9,3582.0,98370886,65.58059066666667,0.540789735258782,4,Friday
1915,64,1500000,27854931,65245512,2016,moonlight,[18],15.948,7.4,3893.0,63745512,42.497008,0.42692485883166953,10,Friday
1916,64,1500000,27854931,65245512,2016,moonlight,[18],15.948,7.4,3893.0,63745512,42.497008,0.42692485883166953,10,Friday
1917,70,1500000,7690044,14244931,2018,unsane,"[27, 53]",16.316,6.2,667.0,12744931,8.496620666666667,0.5398442435417904,3,Friday
1918,77,1500000,3491669,4128828,2013,the to do list,"[35, 10749]",7.33,5.5,534.0,2628828,1.752552,0.8456804206908111,7,Friday
1919,78,1500000,2408553,2592308,2013,the gatekeepers,[99],4.534,7.2,51.0,1092308,0.7282053333333334,0.9291152903127252,2,Friday
1920,81,1500000,2082980,2082980,2016,iâm not ashamed,,,,,582980,0.38865333333333335,1.0,10,Friday
1921,84,1500000,1165881,1541131,2013,the lords of salem,"[27, 53]",8.434,5.3,445.0,41131,0.027420666666666666,0.7565099916879227,4,Friday
1922,85,1500000,779820,922727,2016,31,"[27, 53, 9648]",8.683,5.2,370.0,-577273,-0.38484866666666667,0.84512537294346,10,Friday
1923,87,1500000,510957,510957,2016,unsullied,"[53, 28, 27]",2.478,3.3,3.0,-989043,-0.659362,1.0,4,Friday
1924,92,1500000,362239,372239,2011,moozlum,[18],1.057,4.7,5.0,-1127761,-0.7518406666666667,0.9731355392637526,2,Friday
1925,94,1500000,184705,184705,2011,amigo,"[18, 36, 10752]",0.84,4.8,4.0,-1315295,-0.8768633333333333,1.0,8,Friday
1926,100,1500000,124244,176262,2013,the square,"[99, 18, 36]",5.596,7.8,84.0,-1323738,-0.882492,0.7048825044535975,10,Friday
1927,100,1500000,124244,176262,2013,the square,[18],9.396,6.9,606.0,-1323738,-0.882492,0.7048825044535975,10,Friday
1928,2,1500000,113169,113169,2015,road hard,[35],1.08,6.6,12.0,-1386831,-0.924554,1.0,3,Friday
1929,6,1500000,2105,2105,2015,me you and five bucks,"[10749, 35, 18]",0.691,7.7,3.0,-1497895,-0.9985966666666667,1.0,9,Monday
1930,7,1500000,0,236863,2014,housebound,"[27, 35, 53]",8.455,6.6,505.0,-1263137,-0.8420913333333333,0.0,10,Friday
1931,8,1500000,0,98806,2018,teefa in trouble,"[18, 35, 28, 80]",4.486000000000001,7.6,11.0,-1401194,-0.9341293333333334,0.0,7,Friday
1932,10,1500000,0,5396,2014,closer to the moon,"[35, 18]",1.067,7.2,19.0,-1494604,-0.9964026666666667,0.0,4,Thursday
1940,20,1400000,1303747,4331152,2018,werk ohne autor,,,,,2931152,2.09368,0.3010162192414397,11,Friday
1941,21,1400000,845464,5552584,2015,mustang,[18],7.459,8.0,755.0,4152584,2.9661314285714284,0.15226496348366814,11,Friday
1942,23,1400000,260441,1945420,2014,la chambre bleue,,,,,545420,0.3895857142857143,0.13387391925651015,10,Friday
1943,25,1400000,1632,1632,2013,eddie the sleepwalking cannibal,"[27, 35]",2.5860000000000003,6.2,33.0,-1398368,-0.9988342857142857,1.0,4,Friday
1946,38,1300000,288751,288751,2015,above and beyond,"[10752, 99, 12, 36]",0.782,8.0,5.0,-1011249,-0.7778838461538462,1.0,1,Friday
1947,42,1300000,11278,54665,2014,los insolitos peces gato,,,,,-1245335,-0.95795,0.20631116802341534,6,Friday
1948,44,1300000,0,13465,2011,forget me not,,,,,-1286535,-0.9896423076923077,0.0,5,Tuesday
1950,51,1250000,4404154,5403771,2014,dear white people,"[35, 18]",7.455,6.1,296.0,4153771,3.3230168,0.8150149219868865,10,Friday
1951,52,1250000,2850357,2940411,2013,filly brown,[18],1.31,6.5,10.0,1690411,1.3523288,0.9693736691911436,4,Friday
1952,54,1250000,0,726460,2016,bodom,,,,,-523540,-0.418832,0.0,12,Saturday
1954,66,1200000,2859955,2859955,2013,home run,[18],3.843,6.3,33.0,1659955,1.3832958333333334,1.0,4,Friday
1955,72,1200000,595018,595018,2012,blue like jazz,"[18, 35]",3.253,5.9,35.0,-604982,-0.5041516666666667,1.0,4,Friday
1956,73,1200000,376976,3249041,2015,que horas ela volta,,,,,2049041,1.7075341666666666,0.11602685223116606,8,Friday
1957,76,1200000,26608,26608,2012,pink ribbons inc,[99],1.4,6.8,6.0,-1173392,-0.9778266666666666,1.0,6,Friday
1958,77,1200000,8708,8708,2018,blood feast,[27],3.4019999999999997,4.3,6.0,-1191292,-0.9927433333333333,1.0,2,Tuesday
1959,78,1200000,7826,7826,2011,certifiably jonathan,,,,,-1192174,-0.9934783333333334,1.0,2,Friday
1960,79,1200000,4254,4254,2015,la navaja de don juan,,,,,-1195746,-0.996455,1.0,9,Friday
1968,90,1150000,60755732,63777092,2014,godâs not dead,,,,,62627092,54.45834086956522,0.952626250190272,3,Friday
1969,96,1100000,4105123,9297407,2012,serbuan maut,,,,,8197407,7.452188181818181,0.44153418259521177,3,Friday
1970,100,1100000,56491,56491,2012,beyond the black rainbow,"[14, 878, 27]",7.331,5.9,150.0,-1043509,-0.9486445454545455,1.0,5,Friday
1971,2,1100000,2636,2636,2014,the sleepwalker,[18],2.659,4.1,9.0,-1097364,-0.9976036363636364,1.0,11,Friday
1972,3,1100000,0,27561,2017,departure,"[10749, 18]",0.885,10.0,1.0,-1072439,-0.9749445454545455,0.0,3,Tuesday
1975,12,1000000,53262945,101759490,2012,the devil inside,"[53, 27]",7.403,4.7,441.0,100759490,100.75949,0.5234199286965766,1,Friday
1976,14,1000000,32789645,64364198,2015,unfriended,"[27, 53]",8.12,5.4,2019.0,63364198,63.364198,0.5094391916450198,4,Friday
1977,17,1000000,18494006,26887177,2013,youre next,"[27, 53, 9648]",11.45,6.6,1258.0,25887177,25.887177,0.6878374029374672,8,Friday
1978,18,1000000,18119640,42411721,2012,chernobyl diaries,"[27, 53]",14.658,5.0,842.0,41411721,41.411721,0.4272318965787783,5,Friday
1979,22,1000000,14444999,14662703,2016,hello my name is doris,"[35, 18, 10749]",7.8020000000000005,6.4,265.0,13662703,13.662703,0.9851525329265689,3,Friday
1980,22,1000000,14444999,14662703,2016,hello my name is doris,"[35, 18, 10749]",7.8020000000000005,6.4,265.0,13662703,13.662703,0.9851525329265689,3,Friday
1981,29,1000000,8866745,16434588,2018,unfriended dark web,[27],17.861,6.1,365.0,15434588,15.434588,0.5395173277237008,7,Friday
1982,31,1000000,7192291,12931420,2015,the green inferno,"[28, 12, 27, 53]",13.67,5.2,619.0,11931420,11.93142,0.5561872555372882,9,Friday
1983,32,1000000,7123919,9617402,2017,i am not your negro,[99],7.026,8.1,196.0,8617402,8.617402,0.7407321644660377,2,Friday
1984,33,1000000,6002451,11495204,2012,the sessions,"[18, 10749, 35]",6.46,6.9,296.0,10495204,10.495204,0.5221700284744838,10,Friday
1985,35,1000000,5355847,5391992,2012,october baby,[18],4.835,6.8,56.0,4391992,4.391992,0.9932965404993183,3,Friday
1986,36,1000000,5284309,5797192,2014,the skeleton twins,[18],10.341,6.7,394.0,4797192,4.797192,0.9115290644160138,9,Friday
1987,37,1000000,4946250,5892466,2013,20 feet from stardom,"[99, 10402]",7.8660000000000005,7.4,127.0,4892466,4.892466,0.839419353459146,6,Friday
1988,39,1000000,3496795,5839322,2017,an inconvenient sequel,,,,,4839322,4.839322,0.5988357894974793,7,Friday
1989,41,1000000,3122616,3324070,2014,obvious child,"[35, 10749]",8.232000000000001,6.7,256.0,2324070,2.32407,0.939395379760354,6,Friday
1990,42,1000000,2981038,5438911,2011,martha marcy may marlene,"[18, 53]",9.477,6.7,413.0,4438911,4.438911,0.548094646152511,10,Friday
1991,54,1000000,952432,4015686,2017,visages villages,,,,,3015686,3.015686,0.23717790683833348,10,Friday
1992,56,1000000,800148,1471090,2017,patti cake,[18],6.934,7.0,122.0,471090,0.47109,0.5439150561828304,8,Friday
1993,58,1000000,767732,1156309,2014,palo alto,[18],7.2620000000000005,6.4,528.0,156309,0.156309,0.6639505530096194,5,Friday
1994,58,1000000,767732,1156309,2014,palo alto,[18],7.2620000000000005,6.4,528.0,156309,0.156309,0.6639505530096194,5,Friday
1995,62,1000000,568662,1239174,2011,the future,"[35, 18]",3.8360000000000003,5.8,38.0,239174,0.239174,0.4589040764251025,7,Friday
1996,62,1000000,568662,1239174,2011,the future,[18],2.336,5.8,11.0,239174,0.239174,0.4589040764251025,7,Friday
1997,64,1000000,549185,549185,2014,23 blast,[18],2.213,6.5,31.0,-450815,-0.450815,1.0,10,Friday
1998,66,1000000,486919,1227316,2013,the act of killing,[99],8.63,7.8,326.0,227316,0.227316,0.3967348262387193,7,Friday
1999,70,1000000,336472,852399,2014,i origins,"[878, 18]",8.459,7.6,1814.0,-147601,-0.147601,0.3947353293469373,7,Friday
2000,71,1000000,288757,288757,2014,antarctica a year on ice,"[18, 12, 99]",2.061,7.2,41.0,-711243,-0.711243,1.0,11,Friday
2001,74,1000000,231738,354836,2016,the invitation,[53],10.424000000000001,6.5,1063.0,-645164,-0.645164,0.6530848053748775,4,Friday
2002,79,1000000,101531,101531,2015,beyond the brick a lego brickumentary,,,,,-898469,-0.898469,1.0,7,Friday
2003,81,1000000,96734,96734,2012,hardflip,"[18, 28]",1.186,5.0,7.0,-903266,-0.903266,1.0,6,Friday
2004,82,1000000,63014,63014,2016,creative control,"[18, 878]",3.35,5.6,36.0,-936986,-0.936986,1.0,3,Friday
2005,82,1000000,63014,63014,2016,creative control,"[18, 878]",3.35,5.6,36.0,-936986,-0.936986,1.0,3,Friday
2006,84,1000000,48764,51587,2011,the perfect host,"[35, 53, 80]",6.087999999999999,6.3,217.0,-948413,-0.948413,0.9452769108496326,7,Friday
2007,88,1000000,15156,15156,2015,hits,"[18, 35]",5.5120000000000005,5.0,36.0,-984844,-0.984844,1.0,2,Friday
2008,92,1000000,9837,101053,2014,camp xray,[18],15.237,6.8,618.0,-898947,-0.898947,0.09734495759650877,10,Friday
2009,94,1000000,6870,6870,2015,the sisterhood of night,"[9648, 18, 53]",3.3139999999999996,6.4,51.0,-993130,-0.99313,1.0,4,Friday
2010,94,1000000,6870,6870,2015,the sisterhood of night,"[9648, 18, 53]",3.3139999999999996,6.4,51.0,-993130,-0.99313,1.0,4,Friday
2011,97,1000000,1036,1036,2015,childless,[],0.66,4.5,2.0,-998964,-0.998964,1.0,5,Friday
2012,100,1000000,0,552614,2013,heli,"[80, 18, 10749]",3.01,6.4,46.0,-447386,-0.447386,0.0,12,Tuesday
2013,1,1000000,0,17721,2015,karachi se lahore,,,,,-982279,-0.982279,0.0,12,Thursday
2014,3,1000000,0,26,2015,american hero,"[28, 35, 878]",6.56,5.0,93.0,-999974,-0.999974,0.0,12,Friday
2032,30,950000,0,78122,2014,banshee chapter,"[27, 53]",6.872000000000001,5.6,135.0,-871878,-0.9177663157894737,0.0,1,Friday
2036,34,930000,30905,30905,2012,lfe happens,[35],5.334,5.3,91.0,-899095,-0.9667688172043011,1.0,4,Friday
2037,35,916000,6179955,6188421,2017,lowriders,[18],4.958,6.5,46.0,5272421,5.755918122270742,0.9986319612062592,5,Friday
2038,35,916000,6179955,6188421,2017,lowriders,[],1.4,6.0,4.0,5272421,5.755918122270742,0.9986319612062592,5,Friday
2039,35,916000,6179955,6188421,2017,lowriders,[18],4.958,6.5,46.0,5272421,5.755918122270742,0.9986319612062592,5,Friday
2040,36,913000,0,176,2014,food chains,,,,,-912824,-0.9998072289156626,0.0,11,Friday
2041,38,900000,16098998,17549645,2013,fruitvale station,[18],9.587,7.4,645.0,16649645,18.499605555555554,0.9173403792498367,7,Friday
2042,39,900000,9097072,9097072,2016,meet the blacks,"[35, 27]",6.131,4.4,139.0,8197072,9.107857777777777,1.0,4,Friday
2043,41,900000,454121,958978,2011,circumstance,[18],2.86,6.9,45.0,58978,0.06553111111111111,0.473546838405052,8,Friday
2044,43,900000,7396,7396,2012,the giant mechanical man,"[35, 18, 10749]",5.945,6.3,70.0,-892604,-0.9917822222222222,1.0,4,Friday
2045,44,900000,6997,413733,2013,the brass teapot,"[35, 14, 53]",6.495,6.0,240.0,-486267,-0.5402966666666666,0.0169118731162368,4,Friday
2048,48,850000,1251749,1386088,2012,for a good time call,"[35, 18]",8.686,5.8,167.0,536088,0.6306917647058824,0.9030804681953816,8,Friday
2049,48,850000,1251749,1386088,2012,for a good time call,[27],0.8909999999999999,5.5,1.0,536088,0.6306917647058824,0.9030804681953816,8,Friday
2050,51,850000,3256,3256,2015,windsor drive,"[53, 9648]",1.608,2.5,4.0,-846744,-0.9961694117647059,1.0,8,Friday
2053,54,840000,3103407,3787689,2012,celeste and jesse forever,,,,,2947689,3.5091535714285715,0.8193405002364238,8,Friday
2054,59,800000,7098492,24426169,2011,jodaeiye nader az simin,,,,,23626169,29.53271125,0.2906101239207835,12,Friday
2055,69,800000,35688,35688,2014,not cool,[35],2.246,4.2,50.0,-764312,-0.95539,1.0,9,Friday
2056,70,800000,29063,462206,2012,kill list,"[27, 53, 80]",7.0360000000000005,6.1,332.0,-337794,-0.4222425,0.06287888949948724,2,Friday
2059,75,750000,7706436,7712436,2011,kevin hart laugh at my pain,"[35, 99]",6.558,7.4,76.0,6962436,9.283248,0.9992220356836673,9,Friday
2060,77,750000,4010957,4422318,2012,safety not guaranteed,"[35, 10749, 878, 18]",9.214,6.9,792.0,3672318,4.896424,0.9069806829811877,6,Friday
2061,78,750000,78396,1011535,2012,the innkeepers,"[27, 53]",8.494,5.5,324.0,261535,0.3487133333333333,0.07750201426544806,2,Friday
2062,79,750000,59656,89609,2014,il conformista,,,,,-660391,-0.8805213333333334,0.6657367005546317,8,Friday
2063,83,750000,0,1960521,2013,all the boys love mandy lane,"[27, 9648, 53]",10.03,5.5,326.0,1210521,1.614028,0.0,10,Friday
2064,84,750000,0,450,2014,destiny,,,,,-749550,-0.9994,0.0,12,Wednesday
2066,93,700000,1017107,1110511,2017,columbus,[18],8.964,7.3,130.0,410511,0.5864442857142858,0.915890972714363,8,Friday
2068,100,650000,171962,171962,2013,escape from tomorrow,"[27, 14]",5.742999999999999,4.8,117.0,-478038,-0.735443076923077,1.0,10,Friday
2069,1,650000,1447,1447,2018,that way madness lies,,,,,-648553,-0.9977738461538461,1.0,12,Friday
2074,12,600000,42557,42557,2014,water  power,"[80, 18]",0.628,3.0,1.0,-557443,-0.9290716666666666,1.0,5,Friday
2075,15,600000,3301,3301,2015,drunk wedding,[35],1.4,3.9,15.0,-596699,-0.9944983333333334,1.0,5,Friday
2076,16,600000,0,7943,2016,they will have to kill us first,"[10402, 99]",0.6,5.0,1.0,-592057,-0.9867616666666666,0.0,3,Friday
2081,22,560000,3709,3709,2011,the harvestla cosecha,,,,,-556291,-0.9933767857142857,1.0,7,Friday
2082,23,560000,0,8462,2015,julija in alfa romeo,,,,,-551538,-0.9848892857142857,0.0,12,Thursday
2083,27,550000,9111,9111,2014,faith connections,"[99, 18]",0.6,4.2,3.0,-540889,-0.9834345454545455,1.0,9,Friday
2085,39,500000,1131261,1131261,2011,sholem aleichem laughing in the darkness,,,,,631261,1.262522,1.0,7,Friday
2086,45,500000,343706,407100,2013,drinking buddies,"[10749, 18]",8.997,6.0,528.0,-92900,-0.1858,0.8442790469172193,8,Friday
2087,52,500000,152449,152449,2013,deceptive practice the mysteries and mentors of ricky jay,[99],1.0759999999999998,7.1,18.0,-347551,-0.695102,1.0,4,Wednesday
2088,53,500000,134109,314444,2012,the other dream team,[99],1.304,7.5,12.0,-185556,-0.371112,0.42649565582424853,9,Friday
2089,54,500000,129479,280967,2015,o menino e o mundo,,,,,-219033,-0.438066,0.4608334786647542,12,Friday
2090,55,500000,100370,680914,2011,rubber,"[35, 18, 14, 27, 9648]",8.318999999999999,5.9,417.0,180914,0.361828,0.14740481176771222,4,Friday
2091,55,500000,100370,680914,2011,rubber,"[35, 18, 14, 27, 9648]",8.318999999999999,5.9,417.0,180914,0.361828,0.14740481176771222,4,Friday
2092,65,500000,1822,1822,2014,born to fly elizabeth streb vs gravity,[99],0.6,5.5,2.0,-498178,-0.996356,1.0,9,Wednesday
2093,66,500000,1778,1778,2013,detention of the dead,"[35, 27]",4.268,5.0,50.0,-498222,-0.996444,1.0,6,Friday
2094,67,500000,528,528,2018,higher power,"[28, 878, 53]",7.544,4.9,43.0,-499472,-0.998944,1.0,5,Friday
2095,69,500000,0,2141436,2013,now is good,,,,,1641436,3.282872,0.0,1,Tuesday
2114,98,450000,41260,42503,2015,siakh lokhamim haslilim hagnouzim,,,,,-407497,-0.9055488888888888,0.9707550055290215,11,Friday
2115,100,450000,13486,13486,2014,as it is in heaven,[18],0.629,8.0,1.0,-436514,-0.9700311111111111,1.0,7,Friday
2118,7,420000,258384,437002,2014,blue ruin,"[80, 53]",7.983,6.9,736.0,17002,0.04048095238095238,0.5912650285353385,4,Friday
2119,7,420000,258384,437002,2014,blue ruin,"[80, 53]",7.983,6.9,736.0,17002,0.04048095238095238,0.5912650285353385,4,Friday
2120,20,400000,0,9071,2015,viskningar och rop,,,,,-390929,-0.9773225,0.0,3,Tuesday
2123,51,300000,39475,39475,2011,3 backyards,[18],2.079,4.3,6.0,-260525,-0.8684166666666666,1.0,3,Friday
2124,53,300000,17241,17241,2012,nothing but a man,,,,,-282759,-0.94253,1.0,11,Friday
2125,57,300000,3496,3496,2014,locker 13,"[27, 18, 53]",0.732,6.4,4.0,-296504,-0.9883466666666667,1.0,3,Friday
2126,58,300000,1711,1711,2015,the looking glass,[],0.6,5.0,1.0,-298289,-0.9942966666666667,1.0,10,Friday
2127,58,300000,1711,1711,2015,the looking glass,[],0.6,6.5,2.0,-298289,-0.9942966666666667,1.0,10,Friday
2128,59,300000,0,3565259,2014,all you need is love,,,,,3265259,10.884196666666666,0.0,10,Friday
2134,68,270000,319285,830700,2012,compliance,"[18, 53, 80, 9648]",6.93,6.4,340.0,560700,2.0766666666666667,0.38435656675093294,8,Friday
2135,72,250000,3930990,3934450,2017,sleight,"[18, 53, 28, 878]",5.664,5.3,367.0,3684450,14.7378,0.9991205886464436,4,Friday
2136,72,250000,3930990,3934450,2017,sleight,"[18, 53, 28, 878]",5.664,5.3,367.0,3684450,14.7378,0.9991205886464436,4,Friday
2137,74,250000,3395391,3728400,2011,like crazy,"[18, 10749]",10.091000000000001,6.5,638.0,3478400,13.9136,0.910683134856775,10,Friday
2138,84,250000,59671,62375,2013,the canyons,"[53, 18]",6.937,4.3,134.0,-187625,-0.7505,0.9566492985971944,8,Friday
2139,88,250000,21147,21147,2014,nightlights,,,,,-228853,-0.915412,1.0,8,Friday
2140,89,250000,18823,18823,2014,test,"[18, 10749]",2.13,7.2,37.0,-231177,-0.924708,1.0,6,Friday
2141,89,250000,18823,18823,2014,test,[18],1.176,7.3,8.0,-231177,-0.924708,1.0,6,Friday
2142,89,250000,18823,18823,2014,test,"[18, 878]",0.6,8.0,1.0,-231177,-0.924708,1.0,6,Friday
2143,91,250000,0,3234,2015,along the roadside,,,,,-246766,-0.987064,0.0,3,Tuesday
2155,10,225000,1109276,1109276,2012,burn,"[28, 80, 27, 53]",0.6,9.0,1.0,884276,3.9301155555555556,1.0,7,Friday
2156,10,225000,1109276,1109276,2012,burn,[99],1.9580000000000002,7.1,14.0,884276,3.9301155555555556,1.0,7,Friday
2157,18,200000,2430735,2430735,2011,the grace card,[18],2.142,6.5,18.0,2230735,11.153675,1.0,2,Friday
2158,21,200000,1109808,1165996,2015,the overnight,"[9648, 35]",6.5760000000000005,6.0,200.0,965996,4.82998,0.9518111554413565,6,Friday
2159,23,200000,236806,236806,2012,middle of nowhere,"[35, 18]",4.046,5.9,35.0,36806,0.18403,1.0,10,Friday
2160,23,200000,236806,236806,2012,middle of nowhere,[18],1.62,6.5,11.0,36806,0.18403,1.0,10,Friday
2161,33,200000,3648,3648,2014,the word,[18],0.84,4.8,15.0,-196352,-0.98176,1.0,3,Friday
2167,43,190000,484592,1577585,2011,weekend,"[18, 10749]",8.326,7.5,287.0,1387585,7.303078947368421,0.3071733060342232,9,Friday
2168,45,180000,17503,17503,2015,butterfly girl,[99],0.632,5.0,1.0,-162497,-0.9027611111111111,1.0,2,Friday
2171,48,175000,1321194,2102779,2011,another earth,"[18, 878]",10.03,6.7,853.0,1927779,11.01588,0.6283085383675603,7,Friday
2172,49,175000,2602,2602,2013,sparrows dance,"[18, 35, 10749]",0.968,7.4,6.0,-172398,-0.9851314285714285,1.0,8,Friday
2173,49,175000,2602,2602,2013,sparrows dance,"[18, 35, 10749]",0.968,7.4,6.0,-172398,-0.9851314285714285,1.0,8,Friday
2175,51,170000,166425,169242,2016,the fits,[18],4.938,6.6,66.0,-758,-0.004458823529411765,0.9833551955188429,6,Friday
2176,53,168000,0,29678,2015,lumea e a mea,,,,,-138322,-0.8233452380952381,0.0,12,Thursday
2177,60,150000,7193,7193,2015,antarctic edge 70âº south,,,,,-142807,-0.9520466666666667,1.0,4,Friday
2178,61,150000,5858,5858,2015,top spin,[99],1.249,6.9,10.0,-144142,-0.9609466666666666,1.0,8,Friday
2179,61,150000,5858,5858,2015,top spin,[99],1.249,6.9,10.0,-144142,-0.9609466666666666,1.0,8,Friday
2180,62,150000,0,32927,2013,speak no evil,[27],2.443,3.6,19.0,-117073,-0.7804866666666667,0.0,12,Tuesday
2183,68,135000,408015,429448,2012,sound of my voice,"[878, 18, 9648, 53]",7.212000000000001,6.4,169.0,294448,2.181096296296296,0.9500917456828301,4,Friday
2187,73,120000,1597486,3090593,2012,your sisters sister,"[18, 35]",7.115,6.6,192.0,2970593,24.754941666666667,0.516886565134911,6,Friday
2189,80,100000,22764410,41656474,2015,the gallows,"[27, 53]",9.166,4.8,591.0,41556474,415.56474,0.5464795220065913,7,Friday
2190,86,100000,1594798,2769782,2017,a ghost story,"[18, 14, 10749]",11.886,7.0,906.0,2669782,26.69782,0.5757846646414772,7,Friday
2191,89,100000,59424,59424,2014,cheap thrills,"[35, 80, 18]",6.406000000000001,6.4,216.0,-40576,-0.40576,1.0,3,Friday
2192,90,100000,20056,20056,2014,the past is a grotesque animal,"[99, 10402]",0.6,5.5,2.0,-79944,-0.79944,1.0,6,Thursday
2202,2,75000,8799,8799,2015,dawn of the crescent moon,"[53, 18, 878]",1.4,2.0,1.0,-66201,-0.88268,1.0,7,Friday
2204,4,70000,30312,30312,2014,happy christmas,"[35, 18]",5.767,5.1,95.0,-39688,-0.5669714285714286,1.0,7,Friday
2205,6,70000,0,8555,2011,absentia,"[9648, 27, 53]",10.357000000000001,5.9,175.0,-61445,-0.8777857142857143,0.0,12,Saturday
2206,11,60000,4917,4917,2013,supporting characters,"[18, 35]",1.9069999999999998,6.7,13.0,-55083,-0.91805,1.0,1,Friday
2210,20,50000,8374,8374,2015,counting,[99],0.6,8.3,3.0,-41626,-0.83252,1.0,7,Friday
2218,32,40000,3632,3632,2011,raymond did it,[27],1.675,3.7,8.0,-36368,-0.9092,1.0,2,Friday
2222,38,30000,144822,144822,2016,krisha,[18],0.6,9.0,1.0,114822,3.8274,1.0,3,Friday
2223,38,30000,144822,144822,2016,krisha,[18],5.287999999999999,6.8,86.0,114822,3.8274,1.0,3,Friday
2224,38,30000,144822,144822,2016,krisha,[18],5.287999999999999,6.8,86.0,114822,3.8274,1.0,3,Friday
2226,45,27000,3547,3547,2017,emily,[18],0.6,7.0,1.0,-23453,-0.8686296296296296,1.0,1,Friday
2227,49,25000,0,489792,2015,exeter,"[53, 27]",5.934,4.7,121.0,464792,18.59168,0.0,9,Tuesday
2236,73,9000,4584,4584,2012,newlyweds,"[35, 10749]",1.973,5.4,7.0,-4416,-0.49066666666666664,1.0,1,Friday
