title,studio,domestic_gross_bom,foreign_gross,year,id,release_date,movie,production_budget,domestic_gross_tn,worldwide_gross
Toy Story 3,BV,415000000.0,652000000.0,2010,47.0,"Jun 18, 2010",Toy Story 3,200000000.0,415004880.0,1068879522.0
Alice in Wonderland (2010),BV,334200000.0,691300000.0,2010,,,,,,
Harry Potter and the Deathly Hallows Part 1,WB,296000000.0,664300000.0,2010,,,,,,
Inception,WB,292600000.0,535700000.0,2010,38.0,"Jul 16, 2010",Inception,160000000.0,292576195.0,835524642.0
Shrek Forever After,P/DW,238700000.0,513900000.0,2010,27.0,"May 21, 2010",Shrek Forever After,165000000.0,238736787.0,756244673.0
The Twilight Saga: Eclipse,Sum.,300500000.0,398000000.0,2010,53.0,"Jun 30, 2010",The Twilight Saga: Eclipse,68000000.0,300531751.0,706102828.0
Iron Man 2,Par.,312400000.0,311500000.0,2010,15.0,"May 7, 2010",Iron Man 2,170000000.0,312433331.0,621156389.0
Tangled,BV,200800000.0,391000000.0,2010,15.0,"Nov 24, 2010",Tangled,260000000.0,200821936.0,586477240.0
Despicable Me,Uni.,251500000.0,291600000.0,2010,50.0,"Jul 9, 2010",Despicable Me,69000000.0,251513985.0,543464573.0
How to Train Your Dragon,P/DW,217600000.0,277300000.0,2010,30.0,"Mar 26, 2010",How to Train Your Dragon,165000000.0,217581232.0,494870992.0
Clash of the Titans (2010),WB,163200000.0,330000000.0,2010,,,,,,
The Chronicles of Narnia: The Voyage of the Dawn Treader,Fox,104400000.0,311300000.0,2010,48.0,"Dec 10, 2010",The Chronicles of Narnia: The Voyage of the Dawn Treader,155000000.0,104386950.0,418186950.0
The King's Speech,Wein.,135500000.0,275400000.0,2010,,,,,,
Tron Legacy,BV,172100000.0,228000000.0,2010,58.0,"Dec 17, 2010",Tron: Legacy,200000000.0,172062763.0,400062763.0
The Karate Kid,Sony,176600000.0,182500000.0,2010,77.0,"Jun 11, 2010",The Karate Kid,40000000.0,176591618.0,351774938.0
Prince of Persia: The Sands of Time,BV,90800000.0,245600000.0,2010,,,,,,
Black Swan,FoxS,107000000.0,222400000.0,2010,46.0,"Dec 3, 2010",Black Swan,13000000.0,106954678.0,331266710.0
Megamind,P/DW,148400000.0,173500000.0,2010,47.0,"Nov 5, 2010",Megamind,130000000.0,148415853.0,321887208.0
Robin Hood,Uni.,105300000.0,216400000.0,2010,39.0,"May 14, 2010",Robin Hood,210000000.0,105487148.0,322459006.0
The Last Airbender,Par.,131800000.0,187900000.0,2010,83.0,"Jul 1, 2010",The Last Airbender,150000000.0,131772187.0,319713881.0
Little Fockers,Uni.,148400000.0,162200000.0,2010,70.0,"Dec 22, 2010",Little Fockers,100000000.0,148438600.0,310650574.0
Resident Evil: Afterlife,SGem,60100000.0,240100000.0,2010,70.0,"Sep 10, 2010",Resident Evil: Afterlife,57500000.0,60128566.0,295874190.0
Shutter Island,Par.,128000000.0,166800000.0,2010,52.0,"Feb 19, 2010",Shutter Island,80000000.0,128012934.0,299461782.0
Salt,Sony,118300000.0,175200000.0,2010,50.0,"Jul 23, 2010",Salt,130000000.0,118311368.0,290650494.0
Sex and the City 2,WB (NL),95300000.0,193000000.0,2010,16.0,"May 27, 2010",Sex and the City 2,95000000.0,95347692.0,294680778.0
The Tourist,Sony,67600000.0,210700000.0,2010,85.0,"Dec 10, 2010",The Tourist,100000000.0,67631157.0,278731369.0
The Expendables,LGF,103100000.0,171400000.0,2010,34.0,"Aug 13, 2010",The Expendables,82000000.0,103068524.0,268268174.0
Grown Ups,Sony,162000000.0,109400000.0,2010,34.0,"Jun 25, 2010",Grown Ups,75000000.0,162001186.0,272223430.0
Knight & Day,Fox,76400000.0,185500000.0,2010,,,,,,
True Grit,Par.,171200000.0,81000000.0,2010,29.0,"Dec 22, 2010",True Grit,35000000.0,171243005.0,252276928.0
Gulliver's Travels,Fox,42800000.0,194600000.0,2010,13.0,"Dec 25, 2010",Gulliver's Travels,112000000.0,42779261.0,232017848.0
Percy Jackson & The Olympians: The Lightning Thief,Fox,88800000.0,137700000.0,2010,17.0,"Feb 12, 2010",Percy Jackson & the Olympians: The Lightning Thief,95000000.0,88768303.0,223050874.0
The Social Network,Sony,97000000.0,128000000.0,2010,91.0,"Oct 1, 2010",The Social Network,40000000.0,96962694.0,224922135.0
Valentine's Day,WB (NL),110500000.0,106000000.0,2010,70.0,"Feb 12, 2010",Valentine's Day,52000000.0,110485654.0,217569328.0
The Sorcerer's Apprentice,BV,63200000.0,152100000.0,2010,44.0,"Jul 14, 2010",The Sorcerer's Apprentice,160000000.0,63150991.0,217986320.0
Due Date,WB,100500000.0,111200000.0,2010,84.0,"Nov 5, 2010",Due Date,65000000.0,100539043.0,211739043.0
Eat Pray Love,Sony,80600000.0,124000000.0,2010,67.0,"Aug 13, 2010",Eat Pray Love,60000000.0,80574010.0,206598789.0
Yogi Bear,WB,100200000.0,101300000.0,2010,62.0,"Dec 17, 2010",Yogi Bear,80000000.0,100246011.0,204774690.0
Red,Sum.,90400000.0,108600000.0,2010,63.0,"Oct 15, 2010",Red,60000000.0,90380162.0,196439693.0
Paranormal Activity 2,Par.,84800000.0,92800000.0,2010,65.0,"Oct 20, 2010",Paranormal Activity 2,3000000.0,84752907.0,177512032.0
The A-Team,Fox,77200000.0,100000000.0,2010,32.0,"Jun 11, 2010",The A-Team,110000000.0,77222099.0,177241171.0
Jackass 3-D,Par.,117200000.0,54500000.0,2010,98.0,"Oct 15, 2010",Jackass 3D,20000000.0,117229692.0,171685793.0
The Other Guys,Sony,119200000.0,51200000.0,2010,74.0,"Aug 6, 2010",The Other Guys,100000000.0,119219978.0,170936470.0
Unstoppable,Fox,81600000.0,86200000.0,2010,19.0,"Nov 12, 2010",Unstoppable,95000000.0,81562942.0,165720921.0
Step Up 3-D,BV,42400000.0,116900000.0,2010,9.0,"Aug 6, 2010",Step Up 3D,30000000.0,42400223.0,165889117.0
The Book of Eli,WB,94800000.0,62300000.0,2010,64.0,"Jan 15, 2010",The Book of Eli,80000000.0,94835059.0,158750817.0
The Town,WB,92200000.0,61800000.0,2010,92.0,"Sep 17, 2010",The Town,37000000.0,92186262.0,152566881.0
Date Night,Fox,98700000.0,53600000.0,2010,99.0,"Apr 9, 2010",Date Night,55000000.0,98711404.0,152269033.0
Legend of the Guardians: The Owls of Ga'Hoole,WB,55700000.0,84400000.0,2010,90.0,"Sep 24, 2010",Legend of the Guardians: The Owls of Ga'Hoole,100000000.0,55675313.0,139716717.0
The Wolfman,Uni.,62000000.0,77800000.0,2010,91.0,"Feb 12, 2010",The Wolfman,150000000.0,62189884.0,142634358.0
The Bounty Hunter,Sony,67099999.0,69300000.0,2010,73.0,"Mar 19, 2010",The Bounty Hunter,45000000.0,67061228.0,135808837.0
Saw 3D,LGF,45700000.0,90400000.0,2010,79.0,"Oct 29, 2010",Saw 3D,17000000.0,45710178.0,133735284.0
Wall Street: Money Never Sleeps,Fox,52500000.0,82300000.0,2010,,,,,,
The Fighter,Par.,93600000.0,35600000.0,2010,68.0,"Dec 10, 2010",The Fighter,11000000.0,93617009.0,129262388.0
Predators,Fox,52000000.0,75200000.0,2010,35.0,"Jul 9, 2010",Predators,40000000.0,52000688.0,127234389.0
A Nightmare on Elm Street (2010),WB (NL),63100000.0,52600000.0,2010,,,,,,
Dear John,SGem,80000000.0,35000000.0,2010,77.0,"Feb 5, 2010",Dear John,25000000.0,80014842.0,142033509.0
Cats & Dogs: The Revenge of Kitty Galore,WB,43600000.0,68900000.0,2010,17.0,"Jul 30, 2010",Cats & Dogs: The Revenge of Kitty Galore,85000000.0,43585753.0,113026383.0
Tooth Fairy,Fox,60000000.0,52400000.0,2010,23.0,"Jan 22, 2010",Tooth Fairy,48000000.0,60022256.0,112610386.0
Life as We Know It,WB,53400000.0,52300000.0,2010,64.0,"Oct 8, 2010",Life as We Know It,38000000.0,53374681.0,105887837.0
Hereafter,WB,32700000.0,72500000.0,2010,61.0,"Oct 15, 2010",Hereafter,50000000.0,32746941.0,108660270.0
The Girl with the Dragon Tattoo,MBox,10100000.0,94300000.0,2010,,,,,,
Love and Other Drugs,Fox,32400000.0,70500000.0,2010,29.0,"Nov 24, 2010",Love and Other Drugs,30000000.0,32367005.0,102716321.0
Aftershock (Tangshan Dadizhen),CL,63000.0,100200000.0,2010,,,,,,
Killers,LGF,47100000.0,51100000.0,2010,54.0,"Jun 4, 2010",Killers,75000000.0,47059963.0,95572749.0
Kick-Ass,LGF,48100000.0,48100000.0,2010,54.0,"Apr 16, 2010",Kick-Ass,28000000.0,48071303.0,97531134.0
Green Zone,Uni.,35100000.0,59800000.0,2010,98.0,"Mar 12, 2010",Green Zone,100000000.0,35497337.0,97523020.0
Nanny McPhee Returns,Uni.,29000000.0,64200000.0,2010,,,,,,
Get Him to the Greek,Uni.,61000000.0,30300000.0,2010,22.0,"Jun 4, 2010",Get Him to the Greek,40000000.0,61153526.0,91455875.0
Burlesque,SGem,39400000.0,50100000.0,2010,24.0,"Nov 24, 2010",Burlesque,55000000.0,39440655.0,90552675.0
The Last Song,BV,63000000.0,26100000.0,2010,15.0,"Mar 31, 2010",The Last Song,20000000.0,62950384.0,92678948.0
Dinner for Schmucks,P/DW,73000000.0,13800000.0,2010,51.0,"Jul 30, 2010",Dinner for Schmucks,69000000.0,73026337.0,86796502.0
Marmaduke,Fox,33600000.0,50100000.0,2010,59.0,"Jun 4, 2010",Marmaduke,50000000.0,33644788.0,89895930.0
Piranha 3D,W/Dim.,25000000.0,58200000.0,2010,52.0,"Aug 20, 2010",Piranha 3D,24000000.0,25003155.0,83660160.0
Oceans,BV,19400000.0,63200000.0,2010,2.0,"Apr 22, 2010",Oceans,80000000.0,19422319.0,86787530.0
Edge of Darkness,WB,43300000.0,37800000.0,2010,8.0,"Jan 29, 2010",Edge of Darkness,60000000.0,43313890.0,82812456.0
Vampires Suck,Fox,36700000.0,43900000.0,2010,49.0,"Aug 18, 2010",Vampires Suck,20000000.0,36661504.0,81424988.0
Letters to Juliet,Sum.,53000000.0,26100000.0,2010,89.0,"May 14, 2010",Letters to Juliet,30000000.0,53032453.0,82148538.0
The Back-Up Plan,CBS,37500000.0,40000000.0,2010,75.0,"Apr 23, 2010",The Back-up Plan,35000000.0,37490007.0,75281179.0
If You Are the One 2 (Fei Cheng Wu Rao II),CL,427000.0,75600000.0,2010,,,,,,
Diary of a Wimpy Kid,Fox,64000000.0,11700000.0,2010,13.0,"Mar 19, 2010",Diary of a Wimpy Kid,15000000.0,64003625.0,76954311.0
Easy A,SGem,58400000.0,16600000.0,2010,67.0,"Sep 17, 2010",Easy A,8000000.0,58401464.0,76200721.0
Hubble 3D,WB,52400000.0,21500000.0,2010,,,,,,
Takers,SGem,57700000.0,11300000.0,2010,95.0,"Aug 27, 2010",Takers,32000000.0,57744720.0,70587268.0
Tales from Earthsea,BV,48500.0,68600000.0,2010,,,,,,
Legion (2010),SGem,40200000.0,27800000.0,2010,,,,,,
The American,Focus,35600000.0,32299999.0,2010,51.0,"Sep 1, 2010",The American,20000000.0,35606376.0,67950723.0
The Last Exorcism,LGF,41000000.0,26700000.0,2010,15.0,"Aug 27, 2010",The Last Exorcism,1800000.0,41034350.0,70165900.0
The Next Three Days,LGF,21100000.0,46300000.0,2010,49.0,"Nov 19, 2010",The Next Three Days,30000000.0,21148651.0,67255916.0
The Girl Who Played with Fire,MBox,7600000.0,59500000.0,2010,,,,,,
Skyline,Uni.,21400000.0,45400000.0,2010,99.0,"Nov 12, 2010",Skyline,10000000.0,21416355.0,68264973.0
Hot Tub Time Machine,MGM,50300000.0,14300000.0,2010,10.0,"Mar 26, 2010",Hot Tub Time Machine,36000000.0,50269859.0,65967750.0
Devil,Uni.,33600000.0,29100000.0,2010,71.0,"Sep 17, 2010",Devil,10000000.0,33679655.0,63354114.0
127 Hours,FoxS,18300000.0,42400000.0,2010,6.0,"Nov 5, 2010",127 Hours,18000000.0,18335230.0,60217171.0
Tyler Perry's Why Did I Get Married Too?,LGF,60100000.0,578000.0,2010,,,,,,
Secretariat,BV,59700000.0,537000.0,2010,53.0,"Oct 8, 2010",Secretariat,35000000.0,59699513.0,60376247.0
The Ghost Writer,Sum.,15500000.0,44700000.0,2010,11.0,"Feb 19, 2010",The Ghost Writer,45000000.0,15541549.0,65532491.0
Morning Glory,Par.,31000000.0,29000000.0,2010,73.0,"Nov 10, 2010",Morning Glory,40000000.0,31011732.0,59795070.0
Remember Me,Sum.,19100000.0,37000000.0,2010,51.0,"Mar 12, 2010",Remember Me,16000000.0,19068240.0,56506120.0
Cop Out,WB,44900000.0,10700000.0,2010,99.0,"Feb 26, 2010",Cop Out,37000000.0,44875481.0,55909910.0
The Crazies,Over.,39100000.0,15700000.0,2010,36.0,"Feb 26, 2010",The Crazies,19000000.0,39123589.0,56445534.0
From Paris with Love,LGF,24100000.0,28700000.0,2010,75.0,"Feb 5, 2010",From Paris With Love,52000000.0,24077427.0,53139168.0
Daybreakers,LGF,30100000.0,21300000.0,2010,67.0,"Jan 8, 2010",Daybreakers,20000000.0,30101577.0,51445503.0
Alpha and Omega,LGF,25100000.0,25400000.0,2010,,,,,,
The Switch,Mira.,27800000.0,22100000.0,2010,39.0,"Aug 20, 2010",The Switch,19000000.0,27758465.0,49858465.0
She's Out of My League,Par.,32000000.0,17800000.0,2010,62.0,"Mar 12, 2010",She's Out of My League,20000000.0,32010860.0,48680977.0
Death at a Funeral (2010),SGem,42700000.0,6300000.0,2010,,,,,,
How Do You Know,Sony,30200000.0,18500000.0,2010,1.0,"Dec 17, 2010",How Do You Know?,120000000.0,30212620.0,49628177.0
Charlie St. Cloud,Uni.,31200000.0,17000000.0,2010,31.0,"Jul 30, 2010",Charlie St. Cloud,44000000.0,31206263.0,48478084.0
Scott Pilgrim vs. the World,Uni.,31500000.0,16100000.0,2010,22.0,"Aug 13, 2010",Scott Pilgrim vs. The World,85000000.0,31611316.0,48056764.0
Heartbreaker,IFC,504000.0,46900000.0,2010,,,,,,
The Spy Next Door,LGF,24300000.0,20900000.0,2010,68.0,"Jan 15, 2010",The Spy Next Door,28000000.0,24307106.0,46752858.0
"The Good, the Bad, the Weird",IFC,128000.0,44100000.0,2010,,,,,,
Machete,Fox,26600000.0,17500000.0,2010,18.0,"Sep 3, 2010",Machete,12500000.0,26593646.0,46370970.0
The Girl Who Kicked the Hornet's Nest,MBox,5200000.0,38300000.0,2010,,,,,,
The Man From Nowhere,CJ,528000.0,42500000.0,2010,,,,,,
When in Rome,BV,32700000.0,10400000.0,2010,,,,,,
My Name is Khan,FoxS,4000000.0,38300000.0,2010,52.0,"Feb 12, 2010",My Name is Khan,8470000.0,4046336.0,42355526.0
Going the Distance,WB (NL),17800000.0,24200000.0,2010,11.0,"Sep 3, 2010",Going the Distance,32000000.0,17804299.0,43603990.0
The Concert,Wein.,658000.0,40500000.0,2010,,,,,,
Agora,NM,619000.0,38400000.0,2010,49.0,"May 28, 2010",Agora,70000000.0,619423.0,38992292.0
For Colored Girls,LGF,37700000.0,17300.0,2010,67.0,"Nov 5, 2010",For Colored Girls,21000000.0,37729698.0,38017873.0
Brooklyn's Finest,Over.,27200000.0,9300000.0,2010,88.0,"Mar 5, 2010",Brooklyn's Finest,17000000.0,27163593.0,39233233.0
Furry Vengeance,Sum.,17600000.0,18600000.0,2010,17.0,"Apr 30, 2010",Furry Vengeance,35000000.0,17630465.0,39340177.0
Faster,CBS,23200000.0,12400000.0,2010,53.0,"Nov 24, 2010",Faster,24000000.0,23240020.0,35792945.0
The Kids Are All Right,Focus,20800000.0,13900000.0,2010,87.0,"Jul 9, 2010",The Kids Are All Right,4000000.0,20811365.0,36275469.0
You Will Meet a Tall Dark Stranger,SPC,3200000.0,31000000.0,2010,27.0,"Sep 22, 2010",You Will Meet a Tall Dark Stranger,15000000.0,3247816.0,34247816.0
The Secret in Their Eyes,SPC,6400000.0,27600000.0,2010,,,,,,
Avatar: Special Edition,Fox,10700000.0,22500000.0,2010,,,,,,
Leap Year,Uni.,25900000.0,6700000.0,2010,40.0,"Jan 8, 2010",Leap Year,19000000.0,25918920.0,32618920.0
You Again,BV,25700000.0,6300000.0,2010,78.0,"Sep 24, 2010",You Again,20000000.0,25702053.0,32838945.0
Mesrine: Killer Instinct,MBox,552000.0,30500000.0,2010,,,,,,
The Losers,WB,23600000.0,5800000.0,2010,44.0,"Apr 23, 2010",The Losers,25000000.0,23591432.0,29863840.0
Case 39,ParV,13300000.0,14900000.0,2010,7.0,"Oct 1, 2010",Case 39,27000000.0,13261851.0,28773827.0
Ramona and Beezus,Fox,26200000.0,1100000.0,2010,60.0,"Jul 23, 2010",Ramona and Beezus,15000000.0,26167002.0,27469621.0
Splice,WB,17000000.0,9800000.0,2010,63.0,"Jun 4, 2010",Splice,30000000.0,17010170.0,28542494.0
Fair Game (2010),Sum.,9500000.0,14600000.0,2010,,,,,,
Let Me In,Over.,12100000.0,12000000.0,2010,38.0,"Oct 1, 2010",Let Me In,20000000.0,12134935.0,28270399.0
Mao's Last Dancer,Gold.,4800000.0,17500000.0,2010,31.0,"Aug 20, 2010",Mao's Last Dancer,18000000.0,4806750.0,25941437.0
Just Wright,FoxS,21500000.0,29900.0,2010,85.0,"May 14, 2010",Just Wright,12000000.0,21540363.0,21867665.0
Our Family Wedding,FoxS,20300000.0,1200000.0,2010,95.0,"Mar 12, 2010",Our Family Wedding,14000000.0,20255281.0,21410546.0
My Soul to Take,Uni.,14700000.0,6200000.0,2010,68.0,"Oct 8, 2010",My Soul to Take,25000000.0,14744435.0,16727470.0
71 Into the Fire,JS,177000.0,20800000.0,2010,,,,,,
"I Love You, Phillip Morris",RAtt.,2000000.0,18700000.0,2010,2.0,"Dec 3, 2010","I Love You, Phillip Morris",13000000.0,2037459.0,23014027.0
Country Strong,SGem,20200000.0,310000.0,2010,71.0,"Dec 22, 2010",Country Strong,15000000.0,20218921.0,20601987.0
Another Year,SPC,3200000.0,16500000.0,2010,8.0,"Dec 29, 2010",Another Year,8000000.0,3205706.0,20005613.0
Youth in Revolt,W/Dim.,15300000.0,4400000.0,2010,13.0,"Jan 8, 2010",Youth in Revolt,18000000.0,15285588.0,19685588.0
Buried,LGF,1000000.0,18100000.0,2010,2.0,"Sep 24, 2010",Buried,1987650.0,1044143.0,21270290.0
[Rec] 2,Magn.,27800.0,18500000.0,2010,13.0,"Jul 9, 2010",[Rec] 2,5600000.0,27766.0,18527766.0
Repo Men,Uni.,13800000.0,4600000.0,2010,13.0,"Mar 19, 2010",Repo Men,32000000.0,13942007.0,18195238.0
A Prophet (Un prophète),SPC,2100000.0,15800000.0,2010,,,,,,
Soul Kitchen,IFC,277000.0,17600000.0,2010,3.0,"Aug 20, 2010",Soul Kitchen,4900000.0,276901.0,23347461.0
Mother (2010),Magn.,552000.0,16600000.0,2010,,,,,,
Micmacs,SPC,1300000.0,15100000.0,2010,67.0,"May 28, 2010",Micmacs,42000000.0,1259693.0,11756922.0
The Nutcracker in 3D,Free,195000.0,16000000.0,2010,79.0,"Nov 24, 2010",The Nutcracker in 3D,90000000.0,195459.0,20466016.0
Sea Rex 3D: Journey to a Prehistoric World,3D,6100000.0,9900000.0,2010,31.0,"May 28, 2010",Sea Rex 3D: Journey to a Prehistoric World,5000000.0,6096582.0,16515203.0
I Hate Luv Storys,UTV,848000.0,14900000.0,2010,,,,,,
Extraordinary Measures,CBS,12100000.0,3100000.0,2010,33.0,"Jan 22, 2010",Extraordinary Measures,31000000.0,12482741.0,15826984.0
Somewhere,Focus,1800000.0,12200000.0,2010,42.0,"Dec 22, 2010",Somewhere,7000000.0,1785645.0,17023121.0
Winter's Bone,RAtt.,6500000.0,7300000.0,2010,8.0,"Jun 11, 2010",Winter's Bone,2000000.0,6531503.0,16131551.0
The Last Station,SPC,6600000.0,6900000.0,2010,25.0,"Jan 15, 2010",The Last Station,18000000.0,6617867.0,15696146.0
Raajneeti,UTV,1500000.0,11100000.0,2010,,,,,,
Made in Dagenham,SPC,1100000.0,11300000.0,2010,14.0,"Nov 19, 2010",Made in Dagenham,8000000.0,1095369.0,15644196.0
Blue Valentine,Wein.,9700000.0,2600000.0,2010,25.0,"Dec 29, 2010",Blue Valentine,1000000.0,9737892.0,16566240.0
Tamara Drewe,SPC,560000.0,11400000.0,2010,,,,,,
Chloe,SPC,3100000.0,8600000.0,2010,97.0,"Mar 26, 2010",Chloe,13000000.0,3075255.0,11831131.0
Looking for Eric,IFC,55800.0,11500000.0,2010,,,,,,
The Warrior's Way,Rela.,5700000.0,5400000.0,2010,65.0,"Dec 3, 2010",The Warrior's Way,42000000.0,5666340.0,8514325.0
I Am Love,Magn.,5000000.0,5900000.0,2010,,,,,,
Jonah Hex,WB,10500000.0,356000.0,2010,40.0,"Jun 18, 2010",Jonah Hex,47000000.0,10547117.0,11022696.0
Harry Brown,Gold.,1800000.0,8500000.0,2010,81.0,"Apr 30, 2010",Harry Brown,7300000.0,1818681.0,12023606.0
Cyrus,FoxS,7500000.0,2500000.0,2010,27.0,"Jun 18, 2010",Cyrus,7000000.0,7468936.0,10062896.0
Conviction,FoxS,6800000.0,2900000.0,2010,28.0,"Oct 15, 2010",Conviction,12500000.0,6797696.0,11826980.0
Get Low,SPC,9200000.0,518000.0,2010,23.0,"Jul 30, 2010",Get Low,7000000.0,9176933.0,10828305.0
Babies,Focus,7300000.0,2200000.0,2010,,,,,,
Stone,Over.,1800000.0,7700000.0,2010,50.0,"Oct 8, 2010",Stone,22000000.0,1810078.0,4065020.0
Peepli Live,UTV,758000.0,8700000.0,2010,,,,,,
Never Let Me Go,FoxS,2400000.0,7000000.0,2010,29.0,"Sep 15, 2010",Never Let Me Go,15000000.0,2434652.0,11173718.0
Mid-August Lunch,Zeit.,675000.0,8700000.0,2010,,,,,,
MacGruber,Uni.,8500000.0,797000.0,2010,42.0,"May 21, 2010",MacGruber,10000000.0,8525600.0,8629895.0
City Island,Anch.,6700000.0,1200000.0,2010,52.0,"Mar 19, 2010",City Island,6000000.0,6671283.0,8173486.0
Inside Job,SPC,4300000.0,3600000.0,2010,17.0,"Oct 8, 2010",Inside Job,2000000.0,4311834.0,7799257.0
The Joneses,RAtt.,1500000.0,5500000.0,2010,88.0,"Apr 16, 2010",The Joneses,10000000.0,1475746.0,3541565.0
Centurion,Magn.,124000.0,6700000.0,2010,46.0,"Aug 27, 2010",Centurion,15000000.0,123570.0,7885048.0
Animal Kingdom,SPC,1000000.0,5700000.0,2010,71.0,"Aug 13, 2010",Animal Kingdom,4200000.0,1044039.0,8078683.0
Nowhere Boy,Wein.,1500000.0,5100000.0,2010,6.0,"Oct 8, 2010",Nowhere Boy,1900000.0,1445366.0,7785229.0
It's Kind of a Funny Story,Focus,6400000.0,128000.0,2010,1.0,"Oct 8, 2010",It's Kind of a Funny Story,8000000.0,6363628.0,6632950.0
"Waiting for ""Superman""",ParV,6400000.0,9300.0,2010,,,,,,
Greenberg,Focus,4200000.0,1900000.0,2010,,,,,,
Coco Chanel & Igor Stravinsky,SPC,1600000.0,4099999.0,2010,,,,,,
Vincere,IFC,619000.0,5100000.0,2010,,,,,,
The Illusionist (2010),SPC,2200000.0,3400000.0,2010,,,,,,
Exit Through the Gift Shop,PDA,3300000.0,2000000.0,2010,,,,,,
Mademoiselle Chambon,Lorb.,532000.0,4700000.0,2010,,,,,,
Solitary Man,Anch.,4400000.0,818000.0,2010,30.0,"May 21, 2010",Solitary Man,12500000.0,4360548.0,4360548.0
Rabbit Hole,LGF,2200000.0,2900000.0,2010,52.0,"Dec 17, 2010",Rabbit Hole,5000000.0,2229058.0,6205034.0
Vision,Zeit.,435000.0,4600000.0,2010,,,,,,
Mother and Child,SPC,1100000.0,3900000.0,2010,48.0,"May 7, 2010",Mother and Child,7000000.0,1110509.0,6537179.0
The Runaways,App.,3600000.0,1100000.0,2010,57.0,"Mar 19, 2010",The Runaways,9500000.0,3573673.0,5278632.0
Four Lions,Drft.,305000.0,4400000.0,2010,79.0,"Nov 5, 2010",Four Lions,3750000.0,310007.0,2436111.0
Wild Grass,SPC,404000.0,4200000.0,2010,,,,,,
Please Give,SPC,4000000.0,280000.0,2010,15.0,"Apr 30, 2010",Please Give,3000000.0,4033574.0,4570178.0
Monsters,Magn.,237000.0,4000000.0,2010,50.0,"Oct 29, 2010",Monsters,500000.0,237301.0,5639730.0
Rare Exports: A Christmas Tale,Osci.,236000.0,3800000.0,2010,,,,,,
The Killer Inside Me,IFC,217000.0,3800000.0,2010,11.0,"Jun 18, 2010",The Killer Inside Me,13000000.0,217277.0,3617277.0
The Perfect Game,IW,1000000.0,2800000.0,2010,36.0,"Apr 16, 2010",The Perfect Game,12500000.0,1089445.0,3931367.0
To Save a Life,Gold.,3800000.0,45800.0,2010,35.0,"Jan 22, 2010",To Save a Life,500000.0,3777210.0,3824868.0
Inspector Bellamy,IFC,108000.0,3600000.0,2010,,,,,,
Catfish,Rog.,3200000.0,242000.0,2010,,,,,,
Wild Target,Free,109000.0,3300000.0,2010,28.0,"Oct 29, 2010",Wild Target,8000000.0,109338.0,5314194.0
Outside the Law (Hors-la-loi),,96900.0,3300000.0,2010,,,,,,
Frozen (2010),Anch.,246000.0,2900000.0,2010,,,,,,
Dabangg,Eros,1300000.0,1700000.0,2010,,,,,,
Kites,Relbig.,1600000.0,1300000.0,2010,66.0,"May 21, 2010",Kites,9200000.0,1685269.0,17155193.0
Letters to God,Viv.,2800000.0,60300.0,2010,25.0,"Apr 9, 2010",Letters to God,3000000.0,2848587.0,3237452.0
Twelve,Hann.,184000.0,2400000.0,2010,,,,,,
Tees Maar Khan,UTV,1100000.0,1400000.0,2010,,,,,,
Fish Tank,IFC,375000.0,2000000.0,2010,36.0,"Jan 15, 2010",Fish Tank,3000000.0,374675.0,5922292.0
Housefull,Eros,1200000.0,1200000.0,2010,34.0,"Apr 30, 2010",Housefull,10100000.0,1183658.0,18726300.0
Golmaal 3,Eros,1100000.0,935000.0,2010,,,,,,
After.Life,Anch.,109000.0,1900000.0,2010,49.0,"Apr 9, 2010",After.Life,4500000.0,108596.0,2481925.0
Cairo Time,IFC,1600000.0,391000.0,2010,,,,,,
Flipped,WB,1800000.0,2534781.0,2010,22.0,"Aug 6, 2010",Flipped,14000000.0,1755212.0,4289993.0
Guzaarish,UTV,1000000.0,695000.0,2010,,,,,,
Ondine,Magn.,550000.0,1100000.0,2010,35.0,"Jun 4, 2010",Ondine,12000000.0,550472.0,557545.0
Anjaana Anjaani,Eros,855000.0,761000.0,2010,,,,,,
John Rabe,Strand,67500.0,1400000.0,2010,,,,,,
Restrepo,NGE,1300000.0,105000.0,2010,,,,,,
Raavan,Relbig.,709000.0,648000.0,2010,,,,,,
The City of Your Final Destination,Scre.,493000.0,859000.0,2010,57.0,"Apr 16, 2010",The City of Your Final Destination,8300000.0,493296.0,1353296.0
It's a Wonderful Afterlife,UTV,,1300000.0,2010,36.0,"Oct 8, 2010",It's a Wonderful Afterlife,10000000.0,0.0,1642939.0
Ajami,Kino,622000.0,669000.0,2010,60.0,"Feb 3, 2010",Ajami,1000000.0,621859.0,2721096.0
Army of Crime,Lorb.,37000.0,1200000.0,2010,,,,,,
Lebanon,SPC,368000.0,830000.0,2010,,,,,,
Howl,Osci.,617000.0,566000.0,2010,,,,,,
Videocracy,Kino,23700.0,1200000.0,2010,,,,,,
When You're Strange,Abr.,246000.0,901000.0,2010,,,,,,
The Salvation Poem (Poema de Salvacion),CZ,915000.0,183000.0,2010,,,,,,
Casino Jack,ATO,1000000.0,40700.0,2010,32.0,"Dec 17, 2010",Casino Jack,12500000.0,2039869.0,2272186.0
Leaving,IFC,176000.0,893000.0,2010,,,,,,
Khatta Meetha,Eros,542000.0,499000.0,2010,,,,,,
We Are Family,UTV,638000.0,393000.0,2010,,,,,,
Leaves of Grass,First,70100.0,949000.0,2010,17.0,"Apr 2, 2010",Leaves of Grass,9000000.0,70066.0,85527.0
North Face,MBox,711000.0,216000.0,2010,,,,,,
Creation,NM,341000.0,555000.0,2010,,,,,,
No One Knows About Persian Cats,IFC,81800.0,798000.0,2010,,,,,,
Carlos,IFC,146000.0,726000.0,2010,47.0,"Oct 15, 2010",Carlos,18000000.0,145526.0,1619153.0
Hideaway (Le Refuge),Strand,34500.0,837000.0,2010,,,,,,
The Disappearance of Alice Creed,Anch.,167000.0,701000.0,2010,97.0,"Aug 6, 2010",The Disappearance of Alice Creed,1500000.0,166980.0,1605139.0
Break Ke Baad,Relbig.,428000.0,389000.0,2010,,,,,,
Veer (2010),Eros,527000.0,277000.0,2010,,,,,,
Life During Wartime,IFC,281000.0,487000.0,2010,44.0,"Jul 23, 2010",Life During Wartime,4500000.0,281447.0,281447.0
Enter the Void,IFC,336000.0,418000.0,2010,77.0,"Sep 24, 2010",Enter the Void,16000000.0,337997.0,1467278.0
The Secret of Kells,GK,677000.0,62700.0,2010,17.0,"Mar 5, 2010",The Secret of Kells,8000000.0,690290.0,3582797.0
The Polar Express (IMAX re-issue 2010),WB,673000.0,,2010,,,,,,
No Problem,Eros,285000.0,369000.0,2010,,,,,,
All Good Things,Magn.,582000.0,62500.0,2010,96.0,"Dec 3, 2010",All Good Things,20000000.0,582024.0,873617.0
Jack Goes Boating,Over.,542000.0,77600.0,2010,,,,,,
Holy Rollers,FInd.,303000.0,305000.0,2010,,,,,,
Chain Letter,NFC,139000.0,447000.0,2010,43.0,"Oct 1, 2010",Chain Letter,3000000.0,205842.0,1022453.0
I Spit on Your Grave,Anch.,93100.0,480000.0,2010,37.0,"Oct 8, 2010",I Spit on Your Grave,1750000.0,93051.0,1278471.0
I'm Still Here,Magn.,409000.0,160000.0,2010,,,,,,
Salt of this Sea,Lorb.,11700.0,545000.0,2010,,,,,,
Undertow (2010),TFC,109000.0,393000.0,2010,,,,,,
Father of My Children,IFC,144000.0,335000.0,2010,,,,,,
The Greatest (2010),Pala.,115000.0,359000.0,2010,,,,,,
The Extra Man,Magn.,453000.0,4500.0,2010,53.0,"Jul 30, 2010",The Extra Man,7000000.0,453377.0,492108.0
Tiny Furniture,IFC,392000.0,32475.0,2010,18.0,"Nov 12, 2010",Tiny Furniture,50000.0,391674.0,424149.0
Dogtooth,Kino,110000.0,274000.0,2010,,,,,,
Grease (Sing-a-Long re-issue),Par.,366000.0,,2010,,,,,,
The Tempest,Mira.,278000.0,68700.0,2010,1.0,"Dec 10, 2010",The Tempest,20000000.0,277943.0,277943.0
The Good Heart,Magn.,20900.0,323000.0,2010,73.0,"Apr 30, 2010",The Good Heart,3800000.0,20930.0,340930.0
Formosa Betrayed,Scre.,225000.0,101000.0,2010,,,,,,
Red Hill,Strand,21100.0,300000.0,2010,,,,,,
Welcome to the Rileys,Gold.,159000.0,158000.0,2010,12.0,"Oct 29, 2010",Welcome to the Rileys,10000000.0,152857.0,355919.0
"A Woman, A Gun and A Noodle Shop",SPC,191000.0,121000.0,2010,,,,,,
The Girl on the Train,Strand,208000.0,97100.0,2010,,,,,,
Mesrine: Public Enemy No. 1,MBox,275000.0,28100.0,2010,,,,,,
44 Inch Chest,Imag.,39000.0,255000.0,2010,,,,,,
Karthik Calling Karthik,Eros,286000.0,7100.0,2010,,,,,,
Last Train Home,Zeit.,288000.0,,2010,,,,,,
Eyes Wide Open,NAV,26300.0,250000.0,2010,,,,,,
Waste Land,Arth.,188000.0,88700.0,2010,,,,,,
South of the Border,CLS,199000.0,70800.0,2010,,,,,,
Human Centipede,IFC,181000.0,70700.0,2010,,,,,,
"Lovely, Still",Mont.,128000.0,106000.0,2010,72.0,"Sep 10, 2010","Lovely, Still",5000000.0,127564.0,282687.0
The Girl (Flickan),Olive,2200.0,229000.0,2010,,,,,,
Sweetgrass,CGld,207000.0,,2010,,,,,,
Bitch Slap,Free,17400.0,182000.0,2010,,,,,,
Chance Pe Dance,UTV,169000.0,24300.0,2010,,,,,,
Client 9: The Rise and Fall of Eliot Spitzer,Magn.,189000.0,3500.0,2010,,,,,,
Casino Jack and the United States of Money,Magn.,177000.0,,2010,,,,,,
Perrier's Bounty,IFC,800.0,167000.0,2010,,,,,,
Around a Small Mountain,CGld,33200.0,131000.0,2010,,,,,,
Spring Fever,Strand,10800.0,150000.0,2010,,,,,,
The Eclipse,Magn.,133000.0,26400.0,2010,46.0,"Mar 26, 2010",The Eclipse,3000000.0,133411.0,133411.0
George A. Romero's Survival of the Dead,Magn.,102000.0,41500.0,2010,72.0,"May 28, 2010",George A. Romero's Survival of the Dead,4200000.0,101740.0,101740.0
The Romantics,FOAK,107000.0,17300.0,2010,,,,,,
Celine: Through the Eyes of the World,Sony,,119000.0,2010,,,,,,
Freakonomics,Magn.,101000.0,16400.0,2010,80.0,"Oct 1, 2010",Freakonomics,2900000.0,101270.0,172867.0
Saint John of Las Vegas,IVP,103000.0,9100.0,2010,55.0,"Jan 29, 2010",Saint John of Las Vegas,2000000.0,102645.0,102645.0
Band Baaja Baaraat,Yash,43800.0,60700.0,2010,,,,,,
White Lion,Scre.,,99600.0,2010,,,,,,
Kisses,Osci.,81700.0,15300.0,2010,,,,,,
Waking Sleeping Beauty,BV,80700.0,4200.0,2010,,,,,,
Enemies of the People,ICir,73200.0,6400.0,2010,,,,,,
Badmaash Company,Yash,,64400.0,2010,,,,,,
Hadewijch,IFC,5000.0,57500.0,2010,,,,,,
Alamar,FM,61600.0,,2010,,,,,,
As Good as Dead,First,2000.0,53600.0,2010,,,,,,
Inhale,IFC,4100.0,51000.0,2010,,,,,,
Hatchet 2,Vita.,52600.0,,2010,,,,,,
District B13: Ultimatum,Magn.,36100.0,16200.0,2010,,,,,,
GasLand,WOW,30800.0,18600.0,2010,,,,,,
Boogie Woogie,IFC,2600.0,44900.0,2010,,,,,,
Come Undone (2010),FM,10000.0,31300.0,2010,,,,,,
The Red Baron,Mont.,37200.0,3100.0,2010,,,,,,
Bluebeard,Strand,33500.0,5200.0,2010,,,,,,
Daddy Longlegs,IFC,21800.0,11500.0,2010,,,,,,
Living in Emergency,Truly,32200.0,,2010,,,,,,
Nenette,Kino,18000.0,5400.0,2010,,,,,,
Picture Me,Strand,12000.0,10400.0,2010,,,,,,
The Thorn in the Heart,Osci.,7400.0,10500.0,2010,,,,,,
The Taqwacores,Strand,11400.0,,2010,,,,,,
Cherry,Abr.,11400.0,,2010,,,,,,
Terkel in Trouble,Indic.,10800.0,,2010,,,,,,
Kimjongilia,Lorb.,4400.0,,2010,,,,,,
Aashayein (Wishes),Relbig.,,3800.0,2010,,,,,,
Harry Potter and the Deathly Hallows Part 2,WB,381000000.0,960500000.0,2011,,,,,,
Transformers: Dark of the Moon,P/DW,352400000.0,771400000.0,2011,64.0,"Jun 29, 2011",Transformers: Dark of the Moon,195000000.0,352390543.0,1123790543.0
Pirates of the Caribbean: On Stranger Tides,BV,241100000.0,804600000.0,2011,2.0,"May 20, 2011",Pirates of the Caribbean: On Stranger Tides,410600000.0,241063875.0,1045663875.0
The Twilight Saga: Breaking Dawn Part 1,Sum.,281300000.0,430900000.0,2011,57.0,"Nov 18, 2011","The Twilight Saga: Breaking Dawn, Part 1",127500000.0,281287133.0,689420051.0
Mission: Impossible - Ghost Protocol,Par.,209400000.0,485300000.0,2011,,,,,,
Kung Fu Panda 2,P/DW,165200000.0,500400000.0,2011,74.0,"May 26, 2011",Kung Fu Panda 2,150000000.0,165249063.0,664837547.0
Fast Five,Uni.,209800000.0,416300000.0,2011,67.0,"Apr 29, 2011",Fast Five,125000000.0,210031325.0,630163454.0
The Hangover Part II,WB,254500000.0,332300000.0,2011,39.0,"May 26, 2011",The Hangover Part II,80000000.0,254464305.0,586464305.0
The Smurfs,Sony,142600000.0,421100000.0,2011,20.0,"Jul 29, 2011",The Smurfs,110000000.0,142614158.0,563749323.0
Cars 2,BV,191500000.0,370700000.0,2011,57.0,"Jun 24, 2011",Cars 2,200000000.0,191450875.0,560155383.0
Puss in Boots,P/DW,149300000.0,405700000.0,2011,46.0,"Oct 28, 2011",Puss in Boots,130000000.0,149260504.0,554987477.0
Sherlock Holmes: A Game of Shadows,WB,186800000.0,358600000.0,2011,69.0,"Dec 16, 2011",Sherlock Holmes: A Game of Shadows,125000000.0,186848418.0,535663443.0
Rio,Fox,143600000.0,341000000.0,2011,46.0,"Apr 15, 2011",Rio,90000000.0,143619809.0,487519809.0
Rise of the Planet of the Apes,Fox,176800000.0,305000000.0,2011,31.0,"Aug 5, 2011",Rise of the Planet of the Apes,93000000.0,176760185.0,470986200.0
Thor,Par.,181000000.0,268300000.0,2011,70.0,"May 6, 2011",Thor,150000000.0,181030624.0,449326618.0
The Adventures of Tintin,Par.,77600000.0,296400000.0,2011,52.0,"Dec 21, 2011",The Adventures of Tintin,130000000.0,77591831.0,373993951.0
Captain America: The First Avenger,Par.,176700000.0,193900000.0,2011,10.0,"Jul 22, 2011",Captain America: The First Avenger,140000000.0,176654505.0,370569776.0
X-Men: First Class,Fox,146400000.0,207200000.0,2011,42.0,"Jun 3, 2011",X-Men: First Class,160000000.0,146408305.0,355408305.0
Alvin and the Chipmunks: Chipwrecked,Fox,133100000.0,209600000.0,2011,49.0,"Dec 16, 2011",Alvin and the Chipmunks: Chipwrecked,80000000.0,133107389.0,349088523.0
Real Steel,BV,85500000.0,213800000.0,2011,31.0,"Oct 7, 2011",Real Steel,110000000.0,85463309.0,263880341.0
Bridesmaids,Uni.,169100000.0,119300000.0,2011,85.0,"May 13, 2011",Bridesmaids,32500000.0,169211718.0,289632023.0
Super 8,Par.,127000000.0,133100000.0,2011,93.0,"Jun 10, 2011",Super 8,50000000.0,127004179.0,257972745.0
Rango,Par.,123500000.0,122200000.0,2011,29.0,"Mar 4, 2011",Rango,135000000.0,123477607.0,245724600.0
The Girl with the Dragon Tattoo (2011),Sony,102500000.0,130100000.0,2011,,,,,,
The Green Hornet,Sony,98800000.0,129000000.0,2011,29.0,"Jan 14, 2011",The Green Hornet,110000000.0,98780042.0,229155503.0
Immortals,Rela.,83500000.0,143400000.0,2011,45.0,"Nov 11, 2011",Immortals,75000000.0,83504017.0,211562435.0
Green Lantern,WB,116600000.0,103300000.0,2011,62.0,"Jun 17, 2011",Green Lantern,200000000.0,116601172.0,219535492.0
The Help,BV,169700000.0,46900000.0,2011,63.0,"Aug 10, 2011",The Help,25000000.0,169705587.0,213120004.0
Bad Teacher,Sony,100300000.0,115900000.0,2011,27.0,"Jun 24, 2011",Bad Teacher,19000000.0,100292856.0,215448997.0
Just Go With It,Sony,103000000.0,111900000.0,2011,58.0,"Feb 11, 2011",Just Go With It,80000000.0,103028109.0,214974953.0
Battle: Los Angeles,Sony,83600000.0,128300000.0,2011,10.0,"Mar 11, 2011",Battle: Los Angeles,70000000.0,83552429.0,213463976.0
Horrible Bosses,WB (NL),117500000.0,92100000.0,2011,34.0,"Jul 8, 2011",Horrible Bosses,35000000.0,117538559.0,212417601.0
Paranormal Activity 3,Par.,104000000.0,103000000.0,2011,51.0,"Oct 21, 2011",Paranormal Activity 3,5000000.0,104028807.0,207039844.0
Gnomeo and Juliet,BV,100000000.0,94000000.0,2011,6.0,"Feb 11, 2011",Gnomeo and Juliet,36000000.0,99967670.0,193737977.0
Mr. Popper's Penguins,Fox,68200000.0,119100000.0,2011,,,,,,
Hugo,Par.,73900000.0,111900000.0,2011,89.0,"Nov 23, 2011",Hugo,180000000.0,73864507.0,180047784.0
The Lion King (in 3D),BV,94200000.0,91300000.0,2011,,,,,,
Hop,Uni.,108100000.0,75900000.0,2011,27.0,"Apr 1, 2011",Hop,63000000.0,108085305.0,188657593.0
War Horse,BV,79900000.0,97700000.0,2011,12.0,"Dec 25, 2011",War Horse,70000000.0,79883359.0,156815529.0
The Descendants,FoxS,82600000.0,94700000.0,2011,5.0,"Nov 16, 2011",The Descendants,20000000.0,82624961.0,175507800.0
Cowboys & Aliens,Uni.,100200000.0,74600000.0,2011,,,,,,
In Time,Fox,37500000.0,136400000.0,2011,74.0,"Oct 28, 2011",In Time,35000000.0,37553932.0,165103952.0
Zookeeper,Sony,80400000.0,89500000.0,2011,71.0,"Jul 8, 2011",Zookeeper,80000000.0,80360866.0,170805525.0
The Muppets,BV,88600000.0,76600000.0,2011,64.0,"Nov 23, 2011",The Muppets,45000000.0,88625922.0,160971922.0
Limitless,Rela.,79200000.0,82600000.0,2011,91.0,"Mar 18, 2011",Limitless,27000000.0,79249455.0,155564919.0
Johnny English Reborn,Uni.,8300000.0,151800000.0,2011,19.0,"Oct 21, 2011",Johnny English Reborn,45000000.0,8406711.0,164640401.0
Final Destination 5,WB (NL),42600000.0,115300000.0,2011,49.0,"Aug 12, 2011",Final Destination 5,40000000.0,42587643.0,155011165.0
Tower Heist,Uni.,78000000.0,74900000.0,2011,5.0,"Nov 4, 2011",Tower Heist,85000000.0,78046570.0,150422946.0
Midnight in Paris,SPC,56800000.0,94300000.0,2011,83.0,"May 20, 2011",Midnight in Paris,30000000.0,56816662.0,162502774.0
Happy Feet Two,WB,64000000.0,86400000.0,2011,33.0,"Nov 18, 2011",Happy Feet Two,135000000.0,64006466.0,157956466.0
I Am Number Four,BV,55100000.0,94800000.0,2011,28.0,"Feb 18, 2011",I am Number Four,50000000.0,55100437.0,146195159.0
Jack and Jill,Sony,74200000.0,75500000.0,2011,11.0,"Nov 11, 2011",Jack and Jill,79000000.0,74158157.0,150519217.0
Friends with Benefits,SGem,55800000.0,93700000.0,2011,55.0,"Jul 22, 2011",Friends with Benefits,35000000.0,55802754.0,146595891.0
No Strings Attached,Par.,70700000.0,78600000.0,2011,84.0,"Jan 21, 2011",No Strings Attached,25000000.0,70662220.0,149228078.0
Arthur Christmas,Sony,46500000.0,101000000.0,2011,14.0,"Nov 23, 2011",Arthur Christmas,85000000.0,46462469.0,149717124.0
Source Code,Sum.,54700000.0,92600000.0,2011,96.0,"Apr 1, 2011",Source Code,32000000.0,54712227.0,140428499.0
"Crazy, Stupid, Love.",WB,84400000.0,58500000.0,2011,8.0,"Jul 29, 2011","Crazy, Stupid, Love",50000000.0,84351197.0,147142328.0
New Year's Eve,WB (NL),54500000.0,87500000.0,2011,,,,,,
Contagion,WB,75700000.0,59800000.0,2011,71.0,"Sep 9, 2011",Contagion,60000000.0,75658097.0,137551594.0
The Artist,Wein.,44700000.0,88800000.0,2011,34.0,"Nov 25, 2011",The Artist,16000000.0,44667095.0,128256712.0
The Three Musketeers (2011),Sum.,20400000.0,111900000.0,2011,,,,,,
Unknown,WB,63700000.0,67099999.0,2011,21.0,"Feb 18, 2011",Unknown,40000000.0,63686397.0,136123083.0
The Adjustment Bureau,Uni.,62500000.0,65400000.0,2011,81.0,"Mar 4, 2011",The Adjustment Bureau,50200000.0,62495645.0,126931325.0
We Bought a Zoo,Fox,75600000.0,44500000.0,2011,14.0,"Dec 23, 2011",We Bought a Zoo,50000000.0,75624550.0,118729073.0
Water for Elephants,Fox,58700000.0,58400000.0,2011,63.0,"Apr 22, 2011",Water for Elephants,38000000.0,58709717.0,116809717.0
The Iron Lady,Wein.,30000000.0,84900000.0,2011,,,,,,
Moneyball,Sony,75600000.0,34600000.0,2011,15.0,"Sep 23, 2011",Moneyball,50000000.0,75605492.0,111300835.0
Sanctum,Uni.,23200000.0,85400000.0,2011,45.0,"Feb 4, 2011",Sanctum,30000000.0,23209310.0,108957098.0
Justin Bieber: Never Say Never,Par.,73000000.0,26000000.0,2011,48.0,"Feb 11, 2011",Justin Bieber: Never Say Never,13000000.0,73013910.0,99034125.0
Paul,Uni.,37400000.0,60600000.0,2011,58.0,"Mar 18, 2011",Paul,40000000.0,37412945.0,101162106.0
Scream 4,W/Dim.,38200000.0,59000000.0,2011,55.0,"Apr 15, 2011",Scream 4,40000000.0,38180928.0,95989590.0
Insidious,FD,54000000.0,43000000.0,2011,63.0,"Apr 1, 2011",Insidious,1500000.0,54009150.0,99870886.0
The Rite,WB (NL),33000000.0,63000000.0,2011,100.0,"Jan 28, 2011",The Rite,37000000.0,33047633.0,97143987.0
Dolphin Tale,WB,72300000.0,23100000.0,2011,93.0,"Sep 23, 2011",Dolphin Tale,37000000.0,72286779.0,96068724.0
Season of the Witch,Rela.,24800000.0,66800000.0,2011,89.0,"Jan 7, 2011",Season of the Witch,40000000.0,24827228.0,91126600.0
Sucker Punch,WB,36400000.0,53400000.0,2011,62.0,"Mar 25, 2011",Sucker Punch,75000000.0,36392502.0,89758389.0
Red Riding Hood,WB,37700000.0,51500000.0,2011,55.0,"Mar 11, 2011",Red Riding Hood,42000000.0,37662162.0,91678442.0
Spy Kids: All the Time in the World,W/Dim.,38500000.0,47000000.0,2011,100.0,"Aug 19, 2011",Spy Kids: All the Time in the World,27000000.0,38536376.0,80681183.0
J. Edgar,WB,37300000.0,47600000.0,2011,76.0,"Nov 9, 2011",J. Edgar,35000000.0,37306030.0,84606030.0
Hall Pass,WB (NL),45100000.0,38100000.0,2011,57.0,"Feb 25, 2011",Hall Pass,68000000.0,45060734.0,87173475.0
"Big Mommas: Like Father, Like Son",Fox,37900000.0,44800000.0,2011,1.0,"Feb 18, 2011","Big Mommas: Like Father, Like Son",32000000.0,37915414.0,82332450.0
Abduction,LGF,28100000.0,54000000.0,2011,96.0,"Sep 23, 2011",Abduction,35000000.0,28087155.0,86648359.0
"Tinker, Tailor, Soldier, Spy",Focus,24100000.0,56500000.0,2011,72.0,"Dec 9, 2011",Tinker Tailor Soldier Spy,21000000.0,24149393.0,81452811.0
Priest,SGem,29100000.0,49200000.0,2011,29.0,"May 13, 2011",Priest,60000000.0,29136626.0,84154026.0
Drive (2011),FD,35100000.0,41100000.0,2011,,,,,,
The Mechanic,CBS,29100000.0,47000000.0,2011,42.0,"Jan 28, 2011",The Mechanic,42500000.0,29121498.0,76347393.0
The Ides of March,Sony,41000000.0,35000000.0,2011,76.0,"Oct 7, 2011",The Ides of March,23000000.0,40962534.0,77735925.0
The Change-Up,Uni.,37100000.0,38400000.0,2011,72.0,"Aug 5, 2011",The Change-Up,52000000.0,37243418.0,75997067.0
The Lincoln Lawyer,LGF,58000000.0,17000000.0,2011,25.0,"Mar 18, 2011",The Lincoln Lawyer,40000000.0,58009200.0,87145086.0
Diary of a Wimpy Kid: Rodrick Rules,Fox,52700000.0,19700000.0,2011,80.0,"Mar 25, 2011",Diary of a Wimpy Kid: Rodrick Rules,18000000.0,52698535.0,73695194.0
Larry Crowne,Uni.,35600000.0,36400000.0,2011,25.0,"Jul 1, 2011",Larry Crowne,30000000.0,35608245.0,61449135.0
The Dilemma,Uni.,48500000.0,21200000.0,2011,25.0,"Jan 14, 2011",The Dilemma,70000000.0,48475290.0,70546865.0
The Darkest Hour,Sum.,21400000.0,43200000.0,2011,58.0,"Dec 25, 2011",The Darkest Hour,34800000.0,21443494.0,62831715.0
Hanna,Focus,40300000.0,23500000.0,2011,14.0,"Apr 8, 2011",Hanna,30000000.0,40259119.0,65343694.0
Footloose (2011),Par.,51800000.0,11700000.0,2011,,,,,,
Elite Squad: The Enemy Within,Vari.,100000.0,62900000.0,2011,,,,,,
Colombiana,TriS,36700000.0,24300000.0,2011,60.0,"Aug 26, 2011",Colombiana,40000000.0,36665854.0,72295262.0
Something Borrowed,WB,39000000.0,21100000.0,2011,72.0,"May 6, 2011",Something Borrowed,35000000.0,39046489.0,65084116.0
One Day,Focus,13800000.0,45500000.0,2011,84.0,"Aug 19, 2011",One Day,15000000.0,13843771.0,59168692.0
Beginning of the Great Revival,CL,151000.0,58200000.0,2011,,,,,,
Killer Elite,ORF,25100000.0,31300000.0,2011,38.0,"Sep 23, 2011",Killer Elite,70000000.0,25124986.0,65409046.0
Extremely Loud & Incredibly Close,WB,31800000.0,23400000.0,2011,,,,,,
The Tree of Life,FoxS,13300000.0,41000000.0,2011,24.0,"May 27, 2011",The Tree of Life,35000000.0,13305665.0,61721826.0
Tyler Perry's Madea's Big Happy Family,LGF,53300000.0,816000.0,2011,,,,,,
Detective Dee and the Mystery of the Phantom Flame,IM,460000.0,51300000.0,2011,,,,,,
Winnie the Pooh,BV,26700000.0,23200000.0,2011,39.0,"Jul 15, 2011",Winnie the Pooh,30000000.0,26692846.0,50145607.0
Conan the Barbarian (2011),LGF,21300000.0,27500000.0,2011,,,,,,
Soul Surfer,TriS,43900000.0,3200000.0,2011,83.0,"Apr 8, 2011",Soul Surfer,18000000.0,43853424.0,47158652.0
War of the Arrows,CJ,251000.0,45800000.0,2011,,,,,,
Arthur (2011),WB,33000000.0,12700000.0,2011,,,,,,
The Debt,Focus,31200000.0,14500000.0,2011,65.0,"Aug 31, 2011",The Debt,20000000.0,31177548.0,46604054.0
Beastly,CBS,27900000.0,15300000.0,2011,87.0,"Mar 4, 2011",Beastly,17000000.0,27865571.0,38028230.0
Of Gods and Men,SPC,4000000.0,38200000.0,2011,,,,,,
Born to Be Wild (IMAX),WB,25900000.0,15600000.0,2011,,,,,,
Evangelion 2.0: You Can (Not) Advance,Elev.,134000.0,41000000.0,2011,,,,,,
Fright Night (2011),BV,18300000.0,22700000.0,2011,,,,,,
30 Minutes or Less,Sony,37100000.0,3500000.0,2011,60.0,"Aug 12, 2011",30 Minutes or Less,28000000.0,37053924.0,40966716.0
The Roommate,SGem,37300000.0,3200000.0,2011,39.0,"Feb 4, 2011",The Roommate,16000000.0,37300107.0,52545707.0
Shark Night 3D,Rela.,18900000.0,21300000.0,2011,52.0,"Sep 2, 2011",Shark Night 3D,25000000.0,18877153.0,18877153.0
Monte Carlo,Fox,23200000.0,16500000.0,2011,84.0,"Jul 1, 2011",Monte Carlo,20000000.0,23186769.0,39686769.0
50/50,Sum.,35000000.0,4200000.0,2011,73.0,"Sep 30, 2011",50/50,8000000.0,35016118.0,41334735.0
Mars Needs Moms,BV,21400000.0,17600000.0,2011,94.0,"Mar 11, 2011",Mars Needs Moms,150000000.0,21392758.0,39549758.0
Dream House,Uni.,21300000.0,17200000.0,2011,80.0,"Sep 30, 2011",Dream House,50000000.0,21302340.0,41642166.0
Jumping the Broom,TriS,37300000.0,415000.0,2011,93.0,"May 6, 2011",Jumping the Broom,7000000.0,37295394.0,38158601.0
Don't Be Afraid of the Dark,FD,24000000.0,12900000.0,2011,43.0,"Aug 26, 2011",Don't Be Afraid of the Dark,25000000.0,24046682.0,39126427.0
RA One,Eros,2500000.0,33400000.0,2011,,,,,,
A Very Harold & Kumar 3D Christmas,WB,35100000.0,326000.0,2011,53.0,"Nov 4, 2011",A Very Harold & Kumar 3D Christmas,20000000.0,35061031.0,36265745.0
My Week with Marilyn,Wein.,14600000.0,20500000.0,2011,22.0,"Nov 23, 2011",My Week with Marilyn,10000000.0,14597405.0,34240572.0
The Sitter,Fox,30400000.0,4500000.0,2011,32.0,"Dec 9, 2011",The Sitter,25000000.0,30542576.0,38749404.0
Jane Eyre,Focus,11200000.0,23500000.0,2011,,,,,,
Courageous,TriS,34500000.0,663663.0,2011,87.0,"Sep 30, 2011",Courageous,2000000.0,34522221.0,35185884.0
Shaolin,Vari.,66100.0,33600000.0,2011,,,,,,
African Cats,BV,15400000.0,15400000.0,2011,,,,,,
The Skin I Live In,SPC,3200000.0,27700000.0,2011,,,,,,
I Don't Know How She Does It,Wein.,9700000.0,20900000.0,2011,58.0,"Sep 16, 2011",I Don't Know How She Does It,24000000.0,9659074.0,24474463.0
What's Your Number?,Fox,14000000.0,16399999.0,2011,24.0,"Sep 30, 2011",What's Your Number?,20000000.0,14011084.0,30163785.0
Drive Angry,Sum.,10700000.0,18200000.0,2011,91.0,"Feb 25, 2011",Drive Angry,50000000.0,10721033.0,41042583.0
Carnage (2011),SPC,2500000.0,25100000.0,2011,,,,,,
A Dangerous Method,SPC,5700000.0,21800000.0,2011,69.0,"Nov 23, 2011",A Dangerous Method,20000000.0,5702083.0,14807531.0
The Thing (2011),Uni.,16900000.0,10500000.0,2011,,,,,,
The Eagle,Focus,19500000.0,7600000.0,2011,50.0,"Feb 11, 2011",The Eagle,25000000.0,19490041.0,38993548.0
Legend of the Fist: The Return of Chen Zhen,Vari.,50400.0,26500000.0,2011,,,,,,
Apollo 18,W/Dim.,17700000.0,7900000.0,2011,94.0,"Sep 2, 2011",Apollo 18,5000000.0,17686929.0,26517819.0
Biutiful,RAtt.,5100000.0,20000000.0,2011,44.0,"Jan 28, 2011",Biutiful,35000000.0,5101237.0,24687524.0
Your Highness,Uni.,21600000.0,3300000.0,2011,78.0,"Apr 8, 2011",Your Highness,50000000.0,21596445.0,26121638.0
Our Idiot Brother,Wein.,24800000.0,1046419.0,2011,78.0,"Aug 26, 2011",Our Idiot Brother,5000000.0,24814830.0,25861249.0
The Rum Diary,FD,13100000.0,10800000.0,2011,16.0,"Oct 28, 2011",The Rum Diary,45000000.0,13109815.0,21544732.0
The Women on the 6th Floor,Strand,720000.0,22500000.0,2011,,,,,,
Potiche,MBox,1600000.0,21600000.0,2011,,,,,,
Warrior,LGF,13700000.0,9400000.0,2011,74.0,"Sep 9, 2011",Warrior,25000000.0,13657115.0,24215385.0
Young Adult,Par.,16300000.0,6600000.0,2011,94.0,"Dec 9, 2011",Young Adult,12000000.0,16311571.0,22750356.0
Sarah's Key,Wein.,7700000.0,13400000.0,2011,,,,,,
The Way Back,NM,2700000.0,17600000.0,2011,,,,,,
A Separation,SPC,7100000.0,12800000.0,2011,,,,,,
The Guard,SPC,5400000.0,14200000.0,2011,54.0,"Jul 29, 2011",The Guard,6000000.0,5359774.0,21197454.0
Margin Call,RAtt.,5400000.0,14200000.0,2011,37.0,"Oct 21, 2011",Margin Call,3400000.0,5353586.0,20433227.0
Glee The 3D Concert Movie,Fox,11900000.0,6800000.0,2011,90.0,"Aug 12, 2011",Glee: The 3D Concert Movie,9000000.0,11862398.0,17462398.0
Shame,FoxS,3900000.0,13800000.0,2011,97.0,"Dec 2, 2011",Shame,6500000.0,4002293.0,20412841.0
13 Assassins,Magn.,803000.0,16800000.0,2011,,,,,,
Hoodwinked Too! Hood vs. Evil,Wein.,10100000.0,6800000.0,2011,79.0,"Apr 29, 2011",Hoodwinked Too: Hood vs. Evil,30000000.0,10143779.0,23353111.0
The Heir Apparent: Largo Winch,MBox,10400.0,16900000.0,2011,,,,,,
The Last Godfather,RAtt.,164000.0,16600000.0,2011,41.0,"Apr 1, 2011",The Last Godfather,13400000.0,164247.0,164247.0
Delhi Belly,UTV,1500000.0,15200000.0,2011,,,,,,
Melancholia,Magn.,3000000.0,12900000.0,2011,62.0,"Nov 11, 2011",Melancholia,9400000.0,3030848.0,21817298.0
Judy Moody and the NOT Bummer Summer,Rela.,15000000.0,678000.0,2011,,,,,,
The Conspirator,RAtt.,11500000.0,3900000.0,2011,80.0,"Apr 15, 2011",The Conspirator,25000000.0,11538204.0,15907411.0
Anonymous,Sony,4500000.0,10900000.0,2011,90.0,"Oct 28, 2011",Anonymous,27500000.0,4463292.0,15815509.0
Ip Man 2: Legend of the Grandmaster,Vari.,206000.0,14900000.0,2011,,,,,,
The Housemaid,IFC,158000.0,14600000.0,2011,,,,,,
Desert Flower,NGE,44300.0,14600000.0,2011,,,,,,
Pina,IFC,3500000.0,11100000.0,2011,,,,,,
Beginners,Focus,5800000.0,8500000.0,2011,57.0,"Jun 3, 2011",Beginners,3200000.0,5790894.0,14314407.0
My Afternoons with Margueritte,Cohen,667000.0,13600000.0,2011,,,,,,
I Saw the Devil,Magn.,129000.0,12600000.0,2011,,,,,,
The Hedgehog,NeoC,708000.0,12000000.0,2011,,,,,,
Gainsbourg: A Heroic Life,MBox,233000.0,12000000.0,2011,,,,,,
The Warring States,CL,69000.0,11800000.0,2011,,,,,,
What Women Want (Wo Zhi Nu Run Xin),CL,124000.0,11700000.0,2011,,,,,,
Snow Flower and the Secret Fan,FoxS,1300000.0,10000000.0,2011,70.0,"Jul 15, 2011",Snow Flower and the Secret Fan,6000000.0,1348205.0,11348205.0
Win Win,FoxS,10200000.0,652000.0,2011,,,,,,
Flying Monsters,NGE,5700000.0,5100000.0,2011,,,,,,
City of Life and Death,Kino,123000.0,10600000.0,2011,,,,,,
Le Havre,Jan.,612000.0,9900000.0,2011,29.0,"Oct 21, 2011",Le Havre,5500000.0,611709.0,13480196.0
Straw Dogs (2011),SGem,10300000.0,,2011,,,,,,
Prom,BV,10100000.0,632964.0,2011,97.0,"Apr 29, 2011",Prom,8000000.0,10130219.0,10763183.0
In a Better World,SPC,1000000.0,8600000.0,2011,,,,,,
Trespass (2011),MNE,24100.0,9600000.0,2011,,,,,,
Saving Private Perez,LGF,1400000.0,7900000.0,2011,,,,,,
Point Blank,Magn.,708000.0,8500000.0,2011,,,,,,
Winter in Wartime,SPC,543000.0,8700000.0,2011,1.0,"Mar 18, 2011",Winter in Wartime,5800000.0,542860.0,9662214.0
Barney's Version (U.S. only),SPC,4400000.0,4000000.0,2011,,,,,,
Outrage (2011),Magn.,44700.0,8400000.0,2011,,,,,,
Senna,PDA,1600000.0,6600000.0,2011,,,,,,
Last Night,Trib.,99000.0,7600000.0,2011,,,,,,
The Big Year,Fox,7200000.0,244000.0,2011,74.0,"Oct 14, 2011",The Big Year,41000000.0,7204138.0,7684524.0
The Beaver,Sum.,971000.0,6300000.0,2011,79.0,"May 6, 2011",The Beaver,21000000.0,970816.0,5046038.0
Take Me Home Tonight,Rela.,6900000.0,648536.0,2011,48.0,"Mar 4, 2011",Take Me Home Tonight,19000000.0,6928068.0,7576604.0
Cedar Rapids,FoxS,6900000.0,1001029.0,2011,51.0,"Feb 11, 2011",Cedar Rapids,10000000.0,6861102.0,7862131.0
The Princess of Montpensier,IFC,352000.0,6400000.0,2011,,,,,,
Cave of Forgotten Dreams,IFC,5300000.0,1200000.0,2011,,,,,,
Sex and Zen 3D: Extreme Ecstasy,CL,153000.0,6200000.0,2011,,,,,,
We Need to Talk About Kevin,Osci.,1700000.0,4300000.0,2011,,,,,,
Attack the Block,SGem,1000000.0,4800000.0,2011,7.0,"Jul 29, 2011",Attack the Block,13000000.0,1024175.0,6459183.0
Even the Rain,Vita.,518000.0,5300000.0,2011,,,,,,
Young Goethe in Love,MBox,162000.0,5600000.0,2011,,,,,,
11-11-11,Rocket,32800.0,5700000.0,2011,,,,,,
Certified Copy,IFC,1400000.0,4099999.0,2011,,,,,,
Thank You (2011),UTV,464000.0,5000000.0,2011,,,,,,
The Company Men,Wein.,4400000.0,441000.0,2011,,,,,,
Force,FoxS,,4800000.0,2011,,,,,,
Tucker & Dale Vs. Evil,Magn.,224000.0,4500000.0,2011,69.0,"Sep 30, 2011",Tucker & Dale vs. Evil,5000000.0,223838.0,5476793.0
London Boulevard,IFC,16100.0,4600000.0,2011,,,,,,
Dylan Dog: Dead of Night,OMNI/FSR,1200000.0,3400000.0,2011,90.0,"Apr 29, 2011",Dylan Dog: Dead of Night,20000000.0,1186538.0,6093725.0
The Names of Love,MBox,514000.0,4099999.0,2011,,,,,,
The Way,PDA,4400000.0,,2011,,,,,,
Burke and Hare,IFC,4800.0,4300000.0,2011,,,,,,
King of Devil's Island,FM,7600.0,4200000.0,2011,,,,,,
Bride Flight,MBox,501000.0,3700000.0,2011,,,,,,
Trollhunter,Magn.,253000.0,3900000.0,2011,,,,,,
Buck,IFC,4000000.0,,2011,,,,,,
Carancho,Strand,85500.0,3900000.0,2011,,,,,,
Like Crazy,ParV,3400000.0,336000.0,2011,74.0,"Oct 28, 2011",Like Crazy,250000.0,3395391.0,3728400.0
The Double,Imag.,138000.0,3600000.0,2011,,,,,,
Don 2,Relbig.,3700000.0,,2011,,,,,,
Love Crime,IFC,540000.0,3100000.0,2011,,,,,,
Incendies (U.S. only),SPC,2100000.0,1500000.0,2011,,,,,,
Martha Marcy May Marlene,FoxS,3000000.0,548000.0,2011,42.0,"Oct 21, 2011",Martha Marcy May Marlene,1000000.0,2981038.0,5438911.0
Fireflies in the Garden,,70600.0,3300000.0,2011,34.0,"Oct 14, 2011",Fireflies in the Garden,8000000.0,36884.0,3587191.0
The King's Speech (PG-13),Wein.,3300000.0,,2011,,,,,,
Machine Gun Preacher,Rela.,539000.0,2800000.0,2011,99.0,"Sep 23, 2011",Machine Gun Preacher,30000000.0,538690.0,3721988.0
The Last Circus,Magn.,40500.0,3200000.0,2011,,,,,,
From Prada to Nada,LGF,3000000.0,123000.0,2011,,,,,,
Flypaper,IFC,5000.0,3100000.0,2011,,,,,,
Zindagi Na Milegi Dobara,Eros,3100000.0,,2011,,,,,,
Take Shelter,SPC,1700000.0,1400000.0,2011,9.0,"Sep 30, 2011",Take Shelter,4750000.0,1728953.0,4972016.0
The Greatest Miracle,KKM,555000.0,2500000.0,2011,,,,,,
Rapt,Lorb.,45800.0,2900000.0,2011,,,,,,
Pastorela,LGF,161000.0,2700000.0,2011,,,,,,
The Double Hour,Gold.,1500000.0,1200000.0,2011,,,,,,
Everything Must Go,RAtt.,2700000.0,108879.0,2011,50.0,"May 13, 2011",Everything Must Go,5000000.0,2712131.0,2821010.0
3 (2011),Strand,60000.0,2600000.0,2011,,,,,,
Oranges and Sunshine,Cohen,143000.0,2400000.0,2011,,,,,,
Ong Bak 3,Magn.,14900.0,2300000.0,2011,,,,,,
Poetry,Kino,356000.0,1900000.0,2011,,,,,,
The Tree,Zeit.,71200.0,2100000.0,2011,,,,,,
"The Butcher, the Chef and the Swordsman",CL,47900.0,2000000.0,2011,,,,,,
The Trip (2011),IFC,2000000.0,,2011,,,,,,
Armadillo,Lorb.,14600.0,2000000.0,2011,,,,,,
Bodyguard,Relbig.,1800000.0,,2011,,,,,,
Brighton Rock,IFC,230000.0,1600000.0,2011,11.0,"Aug 26, 2011",Brighton Rock,11000000.0,229653.0,229653.0
A Somewhat Gentle Man,Strand,37700.0,1800000.0,2011,,,,,,
The Topp Twins: Untouchable Girls,Argo.,29300.0,1800000.0,2011,,,,,,
Another Earth,FoxS,1300000.0,456000.0,2011,48.0,"Jul 22, 2011",Another Earth,175000.0,1321194.0,2102779.0
A Better Life,Sum.,1800000.0,124999.0,2011,84.0,"Jun 24, 2011",A Better Life,10000000.0,1759252.0,1884251.0
Chalet Girl,IFC,1700.0,1700000.0,2011,,,,,,
Yamla Pagla Deewana,Eros,993000.0,600000.0,2011,,,,,,
Bill Cunningham New York,Zeit.,1500000.0,,2011,,,,,,
The Art of Getting By,FoxS,1400000.0,558794.0,2011,20.0,"Jun 17, 2011",The Art of Getting By,4000000.0,1430241.0,1989035.0
The Devil's Double,LGF,1400000.0,4604134.0,2011,23.0,"Jul 29, 2011",The Devil's Double,19100000.0,1361512.0,5965646.0
Uncle Boonmee Who Can Recall His Past Lives,Strand,184000.0,946000.0,2011,,,,,,
The Whistleblower,Gold.,1100000.0,,2011,,,,,,
Red State,SMod,1100000.0,918167.0,2011,22.0,"Sep 23, 2011",Red State,4000000.0,1065429.0,1983596.0
London River,Libre,7200.0,1100000.0,2011,,,,,,
Desi Boyz,Eros,1100000.0,,2011,,,,,,
When We Leave (Die Fremde),Olive,19600.0,1100000.0,2011,,,,,,
There Be Dragons,Gold.,1100000.0,2951656.0,2011,21.0,"May 6, 2011",There Be Dragons,36000000.0,1069334.0,4020990.0
Vanishing on 7th Street,Magn.,22700.0,1000000.0,2011,,,,,,
Page One: A Year Inside the New York Times,Magn.,1100000.0,,2011,,,,,,
The Time That Remains,IFC,32900.0,1000000.0,2011,,,,,,
Rockstar (2011),Eros,987000.0,,2011,,,,,,
Meek's Cutoff,Osci.,978000.0,892156.0,2011,40.0,"Apr 8, 2011",Meek's Cutoff,2000000.0,977772.0,1869928.0
Texas Killing Fields,Anch.,45500.0,912000.0,2011,,,,,,
Ready,Eros,955000.0,,2011,,,,,,
Miral,Wein.,373000.0,527000.0,2011,,,,,,
Submarine,Wein.,468000.0,397000.0,2011,9.0,"Jun 3, 2011",Submarine,1900000.0,467602.0,4581937.0
Higher Ground,SPC,842000.0,1637.0,2011,25.0,"Aug 23, 2011",Higher Ground,1800000.0,841056.0,842693.0
Mozart's Sister,MBox,708000.0,132000.0,2011,,,,,,
Plastic Planet,FRun,3200.0,836000.0,2011,,,,,,
Chillar Party,UTV,6300.0,826000.0,2011,,,,,,
Mausam,Eros,728000.0,,2011,,,,,,
The First Grader,NGE,332000.0,382000.0,2011,,,,,,
Hobo With a Shotgun,Magn.,703000.0,131581.0,2011,33.0,"May 6, 2011",Hobo with a Shotgun,3000000.0,703372.0,834953.0
Tabloid,IFC,697000.0,,2011,,,,,,
Dhobi Ghat (Mumbai Diaries),UTV,577000.0,102000.0,2011,,,,,,
Aarakshan (Reservation),Relbig.,651000.0,,2011,,,,,,
POM Wonderful Presents: The Greatest Movie Ever Sold,SPC,638000.0,145257.0,2011,26.0,"Apr 22, 2011",POM Wonderful Presents: The Greatest Movie Ever Sold,1800000.0,638476.0,783733.0
No One Killed Jessica,UTV,441000.0,193000.0,2011,,,,,,
Korkoro,Lorb.,8200.0,619000.0,2011,,,,,,
Blackthorn,Magn.,201000.0,423000.0,2011,46.0,"Oct 7, 2011",Blackthorn,4500000.0,200558.0,1217307.0
How I Ended This Summer,FM,8700.0,614000.0,2011,,,,,,
The Ledge,IFC,9200.0,602000.0,2011,,,,,,
Heartbeats,IFC,68700.0,520000.0,2011,,,,,,
The Future,RAtt.,569000.0,670512.0,2011,62.0,"Jul 29, 2011",The Future,1000000.0,568662.0,1239174.0
Dum Maaro Dum,FoxS,564000.0,11068938.0,2011,46.0,"Apr 22, 2011",Dum Maaro Dum,5200000.0,564489.0,11633427.0
Double Dhamaal,Relbig.,544000.0,,2011,,,,,,
Kaboom,IFC,119000.0,421000.0,2011,,,,,,
Mere Brother Ki Dulhan,Yash,496000.0,,2011,,,,,,
Weekend (2011),IFC,485000.0,,2011,,,,,,
Protektor,FM,3000.0,469000.0,2011,,,,,,
Circumstance,RAtt.,454000.0,504857.0,2011,41.0,"Aug 26, 2011",Circumstance,900000.0,454121.0,958978.0
The Other Woman,IFC,25400.0,427000.0,2011,,,,,,
Project Nim,RAtt.,411000.0,,2011,,,,,,
Rage (Rabia),Strand,5600.0,403000.0,2011,,,,,,
The Human Resources Manager,FM,64000.0,329000.0,2011,,,,,,
Hesher,WHE,383000.0,0.0,2011,54.0,"May 13, 2011",Hesher,7000000.0,382946.0,382946.0
7 Khoon Maaf,UTV,270000.0,94700.0,2011,,,,,,
Another Happy Day,P4,8500.0,347000.0,2011,52.0,"Nov 18, 2011",Another Happy Day,4000000.0,9120.0,978527.0
Singham,Relbig.,351000.0,,2011,,,,,,
The Mill and the Cross,KC,312000.0,30300.0,2011,,,,,,
Super,IFC,328000.0,266217.0,2011,34.0,"Apr 1, 2011",Super,2500000.0,327716.0,593933.0
L'Amour Fou,IFC,312000.0,,2011,,,,,,
Being Elmo: A Puppeteer's Journey,SD,304000.0,,2011,,,,,,
In the Land of Blood and Honey,FD,304000.0,205316.0,2011,10.0,"Dec 23, 2011",In The Land of Blood and Honey,13000000.0,303877.0,509193.0
Special Treatment,FRun,8900.0,286000.0,2011,,,,,,
Illegal (2011),FM,700.0,289000.0,2011,,,,,,
The Interrupters,CGld,282000.0,,2011,,,,,,
Rascals,Eros,274000.0,,2011,,,,,,
The Black Power Mix Tape: 1967-1975,IFC,274000.0,,2011,,,,,,
Black Death,Magn.,22600.0,243000.0,2011,,,,,,
Le Quattro Volte,Lorb.,153000.0,103000.0,2011,,,,,,
Life in a Day,NGE,253000.0,,2011,,,,,,
Caterpillar,Lorb.,4200.0,248000.0,2011,,,,,,
Little Girl (La Pivellina),FRun,1400.0,236000.0,2011,,,,,,
El Bulli: Cooking in Progress,AM,237000.0,,2011,,,,,,
"If I Want to Whistle, I Whistle",FM,12100.0,220000.0,2011,,,,,,
Into the Abyss,IFC,224000.0,,2011,,,,,,
HappyThankYouMorePlease,Anch.,216000.0,,2011,,,,,,
The Robber,Kino,83500.0,125000.0,2011,,,,,,
Henry's Crime,MPFT,103000.0,102000.0,2011,,,,,,
A Good Old Fashioned Orgy,Gold.,200000.0,,2011,,,,,,
Film Socialisme,Lorb.,33000.0,159000.0,2011,,,,,,
Bol,Eros,189000.0,,2011,,,,,,
Leap Year (2011),Strand,13000.0,175000.0,2011,,,,,,
A Screaming Man,FM,9900.0,175000.0,2011,,,,,,
Jig,Scre.,184000.0,,2011,,,,,,
Nostalgia for the Light,Icar.,164000.0,13700.0,2011,,,,,,
Anchor Baby,AGF,15800.0,161000.0,2011,,,,,,
Bellflower,Osci.,168000.0,,2011,,,,,,
Restless (2011),SPC,163000.0,,2011,,,,,,
Road to Nowhere,Mont.,40300.0,121000.0,2011,,,,,,
Magic Trip,Magn.,155000.0,,2011,,,,,,
Eames: The Architect and the Painter,FRun,153000.0,,2011,,,,,,
Revenge of the Electric Car,A23,151000.0,,2011,,,,,,
The Human Centipede 2: Full Sequence,IFC,142000.0,,2011,,,,,,
Cold Weather,IFC,141000.0,,2011,,,,,,
Game (2011),Eros,140000.0,,2011,,,,,,
1911,Vari.,136000.0,,2011,,,,,,
"Life, Above All",SPC,134000.0,,2011,,,,,,
Tomboy (2011),Da.,130000.0,,2011,,,,,,
Octubre,NYer,32100.0,96700.0,2011,,,,,,
The Arbor,Strand,21600.0,105000.0,2011,,,,,,
Mysteries of Lisbon,MBox,111000.0,14900.0,2011,,,,,,
Vidal Sassoon: The Movie,P4,86000.0,38600.0,2011,,,,,,
Trust (2011),MNE,120000.0,,2011,,,,,,
Steve Jobs: The Lost Interview,Magn.,106000.0,,2011,,,,,,
Rubber,Magn.,100000.0,580544.0,2011,55.0,"Apr 1, 2011",Rubber,500000.0,100370.0,680914.0
The Man Who Fell to Earth (35th anniversary re-issue),Rialto,100000.0,,2011,,,,,,
Chalo Dilli,Eros,94300.0,,2011,,,,,,
The Whale,Pala.,81900.0,,2011,,,,,,
Beautiful Boy,Anch.,77200.0,,2011,,,,,,
Puncture,MNE,68900.0,,2011,,,,,,
A Beautiful Life,CL,66200.0,,2011,,,,,,
"Tuesday, After Christmas",Lorb.,27800.0,36200.0,2011,,,,,,
Viva Riva!,MBox,61800.0,,2011,,,,,,
Murder 2,Eros,59500.0,,2011,,,,,,
Dirty Girl,Wein.,55100.0,,2011,,,,,,
Battleship Potemkin (2011 re-issue),Kino,51200.0,,2011,,,,,,
Love U Mr. Kalakaar,Eros,48600.0,,2011,,,,,,
Margaret,FoxS,46500.0,576107.0,2011,27.0,"Sep 30, 2011",Margaret,14000000.0,47185.0,623292.0
"Happy, Happy",Magn.,45200.0,,2011,,,,,,
The Myth of the American Sleepover,IFC,41000.0,,2011,,,,,,
Hell and Back Again,DF,40600.0,,2011,,,,,,
Khodorkovsky,KL,39500.0,,2011,,,,,,
Sleeping Beauty (2011) (II),IFC,36600.0,,2011,,,,,,
My Kingdom (2011),CL,36500.0,,2011,,,,,,
Love in Space,CL,34800.0,,2011,,,,,,
Stake Land,IFC,33200.0,646237.0,2011,47.0,"Apr 22, 2011",Stake Land,4000000.0,33245.0,679482.0
Brotherhood (2011),P4,19700.0,12700.0,2011,,,,,,
The Son of No One,Anch.,30700.0,1117898.0,2011,51.0,"Nov 4, 2011",The Son of No One,15000000.0,30680.0,1148578.0
Muran,UTV,30100.0,,2011,,,,,,
The Sleeping Beauty,Strand,29100.0,,2011,,,,,,
Tyrannosaur,Strand,22300.0,,2011,,,,,,
Ceremony,Magn.,22300.0,,2011,,,,,,
I'm Glad My Mother is Alive,Strand,8700.0,13200.0,2011,,,,,,
Always Kabhi Kabhi,Eros,21400.0,,2011,,,,,,
Empire of Silver,NeoC,,19000.0,2011,,,,,,
5 Days of War,Anch.,17500.0,70314.0,2011,47.0,"Aug 19, 2011",5 Days of War,12000000.0,17479.0,87793.0
Aurora,CGld,5700.0,5100.0,2011,,,,,,
Magic to Win,CL,10700.0,,2011,,,,,,
Wrecked,IFC,8000.0,,2011,,,,,,
My Piece of the Pie,IFC,6900.0,,2011,,,,,,
I Melt With You,Magn.,6400.0,,2011,,,,,,
My Joy,KL,6300.0,,2011,,,,,,
To Die Like a Man,Strand,4000.0,900.0,2011,,,,,,
Blood Ties,ALP,2800.0,,2011,,,,,,
Knuckle,Vita.,2600.0,,2011,,,,,,
Main Street,Magn.,2600.0,,2011,,,,,,
"Love, Wedding, Marriage",IFC,1900.0,,2011,,,,,,
An Invisible Sign,IFC,1300.0,,2011,,,,,,
Marvel's The Avengers,BV,623400000.0,895500000.0,2012,,,,,,
Skyfall,Sony,304400000.0,804200000.0,2012,52.0,"Nov 8, 2012",Skyfall,200000000.0,304360277.0,1110526981.0
The Dark Knight Rises,WB,448100000.0,636800000.0,2012,11.0,"Jul 20, 2012",The Dark Knight Rises,275000000.0,448139099.0,1084439099.0
The Hobbit: An Unexpected Journey,WB (NL),303000000.0,718100000.0,2012,19.0,"Dec 14, 2012",The Hobbit: An Unexpected Journey,250000000.0,303003568.0,1017003568.0
Ice Age: Continental Drift,Fox,161300000.0,715900000.0,2012,14.0,"Jul 13, 2012",Ice Age: Continental Drift,95000000.0,161321843.0,879765137.0
The Twilight Saga: Breaking Dawn Part 2,LG/S,292300000.0,537400000.0,2012,25.0,"Nov 16, 2012","The Twilight Saga: Breaking Dawn, Part 2",136200000.0,292324737.0,829724737.0
The Amazing Spider-Man,Sony,262000000.0,495900000.0,2012,31.0,"Jul 3, 2012",The Amazing Spider-Man,220000000.0,262030663.0,757890267.0
Madagascar 3: Europe's Most Wanted,P/DW,216400000.0,530500000.0,2012,97.0,"Jun 8, 2012",Madagascar 3: Europe's Most Wanted,145000000.0,216391482.0,746921271.0
The Hunger Games,LGF,408000000.0,286400000.0,2012,38.0,"Mar 23, 2012",The Hunger Games,80000000.0,408010692.0,677923379.0
MIB 3,Sony,179000000.0,445000000.0,2012,,,,,,
Life of Pi,Fox,125000000.0,484000000.0,2012,88.0,"Nov 21, 2012",Life of Pi,120000000.0,124987022.0,620912003.0
Ted,Uni.,218800000.0,330600000.0,2012,84.0,"Jun 29, 2012",Ted,50000000.0,218665740.0,556016627.0
Brave,BV,237300000.0,303200000.0,2012,77.0,"Jun 22, 2012",Brave,185000000.0,237282182.0,554606532.0
Wreck-It Ralph,BV,189400000.0,281800000.0,2012,31.0,"Nov 2, 2012",Wreck-It Ralph,165000000.0,189412677.0,496511521.0
Les Miserables (2012),Uni.,148800000.0,293000000.0,2012,,,,,,
The Intouchables (U.S.-only),Wein.,10200000.0,416400000.0,2012,,,,,,
Django Unchained,Wein.,162800000.0,262600000.0,2012,69.0,"Dec 25, 2012",Django Unchained,100000000.0,162805434.0,449948323.0
Prometheus,Fox,126500000.0,276900000.0,2012,75.0,"Jun 8, 2012",Prometheus,125000000.0,126477084.0,402448265.0
Snow White and the Huntsman,Uni.,155300000.0,241300000.0,2012,19.0,"Jun 1, 2012",Snow White and the Huntsman,170000000.0,155136755.0,401021746.0
Taken 2,Fox,139900000.0,236300000.0,2012,54.0,"Oct 5, 2012",Taken 2,45000000.0,139854287.0,377807404.0
Hotel Transylvania,Sony,148300000.0,210100000.0,2012,96.0,"Sep 28, 2012",Hotel Transylvania,85000000.0,148313048.0,378505812.0
Dr. Seuss' The Lorax,Uni.,214000000.0,134800000.0,2012,,,,,,
Titanic 3D,Par.,57900000.0,285700000.0,2012,,,,,,
Journey 2: The Mysterious Island,WB (NL),103900000.0,231400000.0,2012,10.0,"Feb 10, 2012",Journey 2: The Mysterious Island,79000000.0,103860290.0,318146162.0
The Expendables 2,LGF,85000000.0,229900000.0,2012,81.0,"Aug 17, 2012",The Expendables 2,100000000.0,85028192.0,311979256.0
Rise of the Guardians,P/DW,103400000.0,203500000.0,2012,2.0,"Nov 21, 2012",Rise of the Guardians,145000000.0,103412758.0,306900902.0
Wrath of the Titans,WB,83700000.0,221600000.0,2012,87.0,"Mar 30, 2012",Wrath of the Titans,150000000.0,83670083.0,305270083.0
Battleship,Uni.,65400000.0,237600000.0,2012,32.0,"May 18, 2012",Battleship,220000000.0,65233400.0,313477717.0
John Carter,BV,73100000.0,211100000.0,2012,14.0,"Mar 9, 2012",John Carter,275000000.0,73058679.0,282778100.0
The Bourne Legacy,Uni.,113200000.0,162900000.0,2012,76.0,"Aug 10, 2012",The Bourne Legacy,125000000.0,113203870.0,280355920.0
Lincoln,BV,182200000.0,93100000.0,2012,73.0,"Nov 9, 2012",Lincoln,65000000.0,182207973.0,273346281.0
Dark Shadows,WB,79700000.0,165800000.0,2012,89.0,"May 11, 2012",Dark Shadows,150000000.0,79727149.0,238202668.0
Resident Evil: Retribution,SGem,42300000.0,197700000.0,2012,4.0,"Sep 14, 2012",Resident Evil: Retribution,65000000.0,42345531.0,240647629.0
Silver Linings Playbook,Wein.,132100000.0,104300000.0,2012,59.0,"Nov 16, 2012",Silver Linings Playbook,21000000.0,132092958.0,236412453.0
American Reunion,Uni.,57000000.0,178000000.0,2012,26.0,"Apr 6, 2012",American Reunion,50000000.0,56758835.0,236799211.0
Argo,WB,136000000.0,96300000.0,2012,27.0,"Oct 12, 2012",Argo,44500000.0,136025503.0,227140757.0
Jack Reacher,Par.,80100000.0,138300000.0,2012,68.0,"Dec 21, 2012",Jack Reacher,60000000.0,80070736.0,217370736.0
Safe House,Uni.,126400000.0,81700000.0,2012,99.0,"Feb 10, 2012",Safe House,85000000.0,126181630.0,208542162.0
21 Jump Street,Sony,138400000.0,63100000.0,2012,44.0,"Mar 16, 2012",21 Jump Street,42000000.0,138447667.0,202812429.0
Total Recall (2012),Sony,58900000.0,139600000.0,2012,,,,,,
The Vow,SGem,125000000.0,71100000.0,2012,42.0,"Feb 10, 2012",The Vow,30000000.0,125014030.0,197618160.0
Mirror Mirror,Rela.,64900000.0,118100000.0,2012,7.0,"Mar 30, 2012",Mirror Mirror,85000000.0,64935167.0,173613482.0
The Impossible,LG/S,19000000.0,161300000.0,2012,100.0,"Dec 21, 2012",The Impossible,40000000.0,19019882.0,169590606.0
The Dictator,Par.,59700000.0,119700000.0,2012,96.0,"May 16, 2012",The Dictator,65000000.0,59650222.0,180148897.0
Looper,TriS,66500000.0,110000000.0,2012,69.0,"Sep 28, 2012",Looper,30000000.0,66486205.0,170466405.0
Magic Mike,WB,113700000.0,53500000.0,2012,88.0,"Jun 29, 2012",Magic Mike,7000000.0,113721571.0,170549753.0
Flight,Par.,93800000.0,68000000.0,2012,23.0,"Nov 2, 2012",Flight,31000000.0,93772375.0,160558438.0
Underworld Awakening,SGem,62300000.0,97800000.0,2012,19.0,"Jan 20, 2012",Underworld: Awakening,70000000.0,62321039.0,160379930.0
This Means War,Fox,54800000.0,101700000.0,2012,98.0,"Feb 17, 2012",This Means War,65000000.0,54760791.0,156974557.0
The Secret World of Arrietty,BV,19200000.0,126400000.0,2012,,,,,,
Paranormal Activity 4,Par.,53900000.0,88900000.0,2012,59.0,"Oct 19, 2012",Paranormal Activity 4,5000000.0,53900335.0,142817992.0
Step Up Revolution,LG/S,35100000.0,105400000.0,2012,74.0,"Jul 27, 2012",Step Up Revolution,33000000.0,35074677.0,165552290.0
The Best Exotic Marigold Hotel,FoxS,46400000.0,90400000.0,2012,55.0,"May 4, 2012",The Best Exotic Marigold Hotel,10000000.0,46383639.0,134639780.0
Zero Dark Thirty,Sony,95700000.0,37100000.0,2012,66.0,"Dec 19, 2012",Zero Dark Thirty,52500000.0,95720716.0,134612435.0
Ghost Rider: Spirit of Vengeance,Sony,51800000.0,80800000.0,2012,73.0,"Feb 17, 2012",Ghost Rider: Spirit of Vengeance,57000000.0,51774002.0,149217355.0
Cloud Atlas,WB,27100000.0,103400000.0,2012,63.0,"Oct 26, 2012",Cloud Atlas,102000000.0,27108272.0,130673154.0
The Woman in Black,CBS,54300000.0,73400000.0,2012,18.0,"Feb 3, 2012",The Woman in Black,15000000.0,54333290.0,128955898.0
Chronicle (2012),Fox,64599999.0,62100000.0,2012,,,,,,
The Pirates! Band of Misfits,Sony,31100000.0,92000000.0,2012,34.0,"Apr 27, 2012",The Pirates! Band of Misfits,55000000.0,31051126.0,136143605.0
Parental Guidance,Fox,77300000.0,42500000.0,2012,79.0,"Dec 25, 2012",Parental Guidance,25000000.0,77267296.0,120832383.0
Abraham Lincoln: Vampire Hunter,Fox,37500000.0,79000000.0,2012,65.0,"Jun 22, 2012",Abraham Lincoln: Vampire Hunter,67500000.0,37519139.0,137489730.0
Pitch Perfect,Uni.,65000000.0,50300000.0,2012,75.0,"Sep 28, 2012",Pitch Perfect,17000000.0,65001093.0,116044347.0
Hope Springs,Sony,63500000.0,50700000.0,2012,75.0,"Aug 8, 2012",Hope Springs,30000000.0,63536011.0,133085295.0
ParaNorman,Focus,56000000.0,51100000.0,2012,89.0,"Aug 17, 2012",ParaNorman,60000000.0,56003051.0,108119662.0
The Campaign,WB,86900000.0,18000000.0,2012,18.0,"Aug 10, 2012",The Campaign,95000000.0,86907746.0,104907746.0
Let the Bullets Fly,Vari.,63000.0,104300000.0,2012,,,,,,
Star Wars: Episode I - The Phantom Menace (in 3D),Fox,43500000.0,59300000.0,2012,,,,,,
Project X,WB,54700000.0,48000000.0,2012,58.0,"Mar 2, 2012",Project X,12000000.0,54731865.0,103028188.0
The Devil Inside,Par.,53300000.0,48500000.0,2012,12.0,"Jan 6, 2012",The Devil Inside,1000000.0,53262945.0,101759490.0
The Lucky One,WB,60500000.0,38900000.0,2012,87.0,"Apr 20, 2012",The Lucky One,25000000.0,60457138.0,96633833.0
Contraband,Uni.,66500000.0,29700000.0,2012,85.0,"Jan 13, 2012",Contraband,25000000.0,66528000.0,98406855.0
Think Like a Man,SGem,91500000.0,4500000.0,2012,45.0,"Apr 20, 2012",Think Like a Man,12000000.0,91547205.0,113373764.0
This Is 40,Uni.,67500000.0,20500000.0,2012,45.0,"Dec 21, 2012",This is 40,35000000.0,67544505.0,90221182.0
The Inbetweeners Movie,WHE,36000.0,88000000.0,2012,,,,,,
The Possession,LGF,49100000.0,36300000.0,2012,81.0,"Aug 31, 2012",The Possession,14000000.0,49130588.0,82925064.0
What to Expect When You're Expecting,LGF,41200000.0,43200000.0,2012,86.0,"May 18, 2012",What to Expect When You're Expecting,37500000.0,41152203.0,88473016.0
The Thieves,WGUSA,686000.0,82800000.0,2012,,,,,,
Savages (2012),Uni.,47400000.0,35600000.0,2012,,,,,,
Frankenweenie,BV,35300000.0,46200000.0,2012,48.0,"Oct 5, 2012",Frankenweenie,39000000.0,35287788.0,81150788.0
Act of Valor,Rela.,70000000.0,11300000.0,2012,52.0,"Feb 24, 2012",Act of Valor,12000000.0,70012847.0,82497035.0
Masquerade (2012),CJ,923000.0,79800000.0,2012,,,,,,
Sinister,LG/S,48100000.0,29600000.0,2012,69.0,"Oct 12, 2012",Sinister,3000000.0,48086903.0,87727807.0
The Grey,ORF,51600000.0,25700000.0,2012,95.0,"Jan 27, 2012",The Grey,25000000.0,51580136.0,81249176.0
Diary of a Wimpy Kid: Dog Days,Fox,49000000.0,28100000.0,2012,17.0,"Aug 3, 2012",Diary of a Wimpy Kid: Dog Days,22000000.0,49008662.0,77229695.0
To Rome with Love,SPC,16700000.0,56600000.0,2012,58.0,"Jun 22, 2012",To Rome with Love,21500000.0,16684352.0,74326015.0
Here Comes the Boom,Sony,45300000.0,27800000.0,2012,52.0,"Oct 12, 2012",Here Comes the Boom,42000000.0,45290318.0,73239258.0
Finding Nemo (3D),BV,41100000.0,28200000.0,2012,,,,,,
Anna Karenina,Focus,12800000.0,56100000.0,2012,13.0,"Nov 16, 2012",Anna Karenina,49000000.0,12816367.0,71004627.0
The Watch,Fox,35400000.0,32900000.0,2012,27.0,"Jul 27, 2012",The Watch,55000000.0,34353000.0,67130045.0
Moonrise Kingdom,Focus,45500000.0,22800000.0,2012,33.0,"May 25, 2012",Moonrise Kingdom,16000000.0,45512466.0,68848446.0
Tyler Perry's Madea's Witness Protection,LGF,65700000.0,1200000.0,2012,14.0,"Jun 29, 2012",Tyler Perry's Madea's Witness Protection,20000000.0,65653242.0,66950887.0
The Cabin in the Woods,LGF,42100000.0,24400000.0,2012,11.0,"Apr 13, 2012",The Cabin in the Woods,30000000.0,42073277.0,70689968.0
Beauty and the Beast (3D),BV,47600000.0,14400000.0,2012,,,,,,
Rock of Ages,WB (NL),38500000.0,20900000.0,2012,29.0,"Jun 15, 2012",Rock of Ages,70000000.0,38518613.0,61031932.0
That's My Boy,Sony,36900000.0,20800000.0,2012,71.0,"Jun 15, 2012",That's My Boy,57500000.0,36931089.0,58085235.0
The Odd Life of Timothy Green,BV,51900000.0,4200000.0,2012,36.0,"Aug 15, 2012",The Odd Life of Timothy Green,40000000.0,51853450.0,55249159.0
The Three Stooges,Fox,44300000.0,10500000.0,2012,4.0,"Apr 13, 2012",The Three Stooges,30000000.0,44338224.0,54052249.0
The Five-Year Engagement,Uni.,28800000.0,25100000.0,2012,37.0,"Apr 27, 2012",The Five-Year Engagement,30000000.0,28700285.0,61623819.0
Lawless,Wein.,37400000.0,16300000.0,2012,38.0,"Aug 29, 2012",Lawless,26000000.0,37397291.0,54393687.0
Silent Hill: Revelation 3D,ORF,17500000.0,34800000.0,2012,5.0,"Oct 26, 2012",Silent Hill: Revelation 3D,20000000.0,17530219.0,55975672.0
Red Tails,Fox,49900000.0,489000.0,2012,61.0,"Jan 20, 2012",Red Tails,58000000.0,49876377.0,50365498.0
"Monsters, Inc. (3D)",BV,34000000.0,16200000.0,2012,,,,,,
Trouble with the Curve,WB,35800000.0,13200000.0,2012,18.0,"Sep 21, 2012",Trouble with the Curve,60000000.0,35763137.0,47818913.0
Little White Lies,MPI,206000.0,48300000.0,2012,,,,,,
End of Watch,ORF,41000000.0,7100000.0,2012,29.0,"Sep 21, 2012",End of Watch,15000000.0,41003371.0,57586606.0
Man on a Ledge,LG/S,18600000.0,27600000.0,2012,64.0,"Jan 27, 2012",Man on a Ledge,42000000.0,18620000.0,49621440.0
Red Dawn (2012),FD,44800000.0,,2012,,,,,,
House at the End of The Street,Rela.,31600000.0,12700000.0,2012,73.0,"Sep 21, 2012",House at the End of the Street,6900000.0,31611916.0,44103982.0
The Guilt Trip,Par.,37100000.0,4700000.0,2012,59.0,"Dec 19, 2012",The Guilt Trip,40000000.0,37134215.0,41294674.0
A Werewolf Boy,CJ,343000.0,41300000.0,2012,,,,,,
Safe (2012),LGF,17100000.0,23200000.0,2012,,,,,,
Killing Them Softly,Wein.,15000000.0,22900000.0,2012,82.0,"Nov 30, 2012",Killing Them Softly,15000000.0,14945541.0,39238443.0
Chernobyl Diaries,WB,18100000.0,19000000.0,2012,18.0,"May 25, 2012",Chernobyl Diaries,1000000.0,18119640.0,42411721.0
One For the Money,LGF,26400000.0,10500000.0,2012,59.0,"Jan 27, 2012",One for the Money,42000000.0,26414527.0,36197221.0
Dredd,LGF,13400000.0,22200000.0,2012,15.0,"Sep 21, 2012",Dredd,45000000.0,13414714.0,41467606.0
Tyler Perry's Good Deeds,LGF,35000000.0,553000.0,2012,86.0,"Feb 24, 2012",Tyler Perry's Good Deeds,14000000.0,35025791.0,35579177.0
Arbitrage,RAtt.,7900000.0,27600000.0,2012,9.0,"Sep 14, 2012",Arbitrage,12000000.0,7919574.0,35830713.0
Chimpanzee,BV,29000000.0,5900000.0,2012,,,,,,
Alex Cross,LG/S,25900000.0,8700000.0,2012,100.0,"Oct 19, 2012",Alex Cross,35000000.0,25888412.0,35426759.0
Salmon Fishing in the Yemen,CBS,9000000.0,25500000.0,2012,,,,,,
Fetih 1453: The Conquest of Constantinople,NeoC,35700.0,34400000.0,2012,,,,,,
Cirque Du Soleil: Worlds Away,Par.,12500000.0,21600000.0,2012,77.0,"Dec 21, 2012",Cirque du Soleil: Worlds Away,25000000.0,12512862.0,28012862.0
The Perks of Being a Wallflower,LG/S,17700000.0,15600000.0,2012,77.0,"Sep 21, 2012",The Perks of Being a Wallflower,13000000.0,17742948.0,33069303.0
Haywire,Rela.,18900000.0,14400000.0,2012,83.0,"Jan 20, 2012",Haywire,23000000.0,18942396.0,36374700.0
Katy Perry: Part of Me,Par.,25300000.0,7400000.0,2012,79.0,"Jul 5, 2012",Katy Perry: Part of Me,12000000.0,25326071.0,32700439.0
Lockout,FD,14300000.0,17900000.0,2012,22.0,"Apr 13, 2012",Lockout,20000000.0,14326865.0,33943049.0
Joyful Noise,WB,30900000.0,226000.0,2012,86.0,"Jan 13, 2012",Joyful Noise,27500000.0,30932113.0,31157914.0
Premium Rush,Sony,20300000.0,10800000.0,2012,10.0,"Aug 24, 2012",Premium Rush,35000000.0,20275446.0,31393201.0
The Raven,Rela.,16000000.0,13600000.0,2012,45.0,"Apr 27, 2012",The Raven,26000000.0,16008272.0,30601801.0
Rowdy Rathore,UTV,777000.0,28600000.0,2012,,,,,,
Dragon (2012),RTWC,11100.0,29100000.0,2012,,,,,,
Bol Bachchan,FIP,1200000.0,27600000.0,2012,,,,,,
The Master,Wein.,16399999.0,11900000.0,2012,87.0,"Sep 14, 2012",The Master,37500000.0,16247159.0,50647416.0
Rust and Bone,SPC,2100000.0,23700000.0,2012,,,,,,
Big Miracle,Uni.,20200000.0,4600000.0,2012,99.0,"Feb 3, 2012",Big Miracle,40000000.0,20157300.0,25268680.0
Sparkle (2012),TriS,24400000.0,240000.0,2012,,,,,,
To the Arctic (IMAX),WB,14600000.0,9100000.0,2012,,,,,,
Hitchcock,FoxS,6000000.0,17600000.0,2012,,,,,,
A Thousand Words,P/DW,18500000.0,3600000.0,2012,1.0,"Mar 9, 2012",A Thousand Words,40000000.0,18450127.0,20790486.0
Wanderlust,Uni.,17500000.0,4200000.0,2012,88.0,"Feb 24, 2012",Wanderlust,32500000.0,17288155.0,24159934.0
Beasts of the Southern Wild,FoxS,12800000.0,8300000.0,2012,18.0,"Jun 27, 2012",Beasts of the Southern Wild,1800000.0,12795746.0,23265132.0
Polisse,IFC,211000.0,20200000.0,2012,24.0,"May 18, 2012",Polisse,8900000.0,176988.0,22744132.0
Amour,SPC,6700000.0,13100000.0,2012,51.0,"Dec 19, 2012",Amour,9700000.0,6738954.0,36787044.0
The Man with the Iron Fists,Uni.,15600000.0,4099999.0,2012,79.0,"Nov 2, 2012",The Man with the Iron Fists,15000000.0,15634090.0,22018988.0
Solomon Kane,RTWC,,19600000.0,2012,,,,,,
Seven Psychopaths,CBS,15000000.0,4400000.0,2012,36.0,"Oct 12, 2012",Seven Psychopaths,13500000.0,15024049.0,33035736.0
Gone,LG/S,11700000.0,6400000.0,2012,,,,,,
Norwegian Wood,RF,13000.0,17600000.0,2012,,,,,,
The Cold Light of Day,LG/S,3800000.0,13100000.0,2012,78.0,"Sep 7, 2012",The Cold Light of Day,20000000.0,3763583.0,25361206.0
My Way (2012),CJ,70200.0,16500000.0,2012,,,,,,
Tomorrow When the War Began,Free,4900.0,16500000.0,2012,,,,,,
We Have a Pope,IFC,548000.0,15600000.0,2012,,,,,,
Headhunters,Magn.,1200000.0,14500000.0,2012,,,,,,
Hit and Run,ORF,13700000.0,704000.0,2012,,,,,,
War of the Buttons (2012),Wein.,47800.0,13800000.0,2012,,,,,,
Red Lights (2012),MNE,52600.0,13500000.0,2012,,,,,,
The Words,CBS,11500000.0,1700000.0,2012,46.0,"Sep 7, 2012",The Words,6000000.0,11494838.0,16369708.0
Playing for Keeps,FD,13100000.0,,2012,,,,,,
Silent House,ORF,12800000.0,347000.0,2012,97.0,"Mar 9, 2012",Silent House,2000000.0,12739737.0,16610760.0
Friends with Kids,RAtt.,7300000.0,5800000.0,2012,,,,,,
The Well-Digger's Daughter,KL,386000.0,12200000.0,2012,,,,,,
Klown,Drft.,68800.0,12400000.0,2012,,,,,,
People Like Us,BV,12400000.0,185680.0,2012,60.0,"Jun 29, 2012",People Like Us,16000000.0,12431792.0,12617472.0
Seeking Justice,Anch.,412000.0,11900000.0,2012,,,,,,
Bachelorette,RTWC,448000.0,11500000.0,2012,35.0,"Sep 7, 2012",Bachelorette,3000000.0,446770.0,12577401.0
This Must Be the Place,Wein.,144000.0,11600000.0,2012,,,,,,
Fun Size,Par.,9400000.0,2000000.0,2012,10.0,"Oct 26, 2012",Fun Size,14000000.0,9409538.0,11166615.0
Rec 3: Genesis,Magn.,9600.0,10100000.0,2012,,,,,,
Delicacy,Cohen,499000.0,9200000.0,2012,,,,,,
Seeking a Friend for the End of the World,Focus,7100000.0,2600000.0,2012,48.0,"Jun 22, 2012",Seeking a Friend for the End of the World,10000000.0,7078738.0,11766959.0
The Apparition,WB,4900000.0,4700000.0,2012,4.0,"Aug 24, 2012",The Apparition,17000000.0,4936819.0,10637281.0
For Greater Glory,ArcEnt,5700000.0,4000000.0,2012,,,,,,
Hysteria,SPC,1800000.0,7700000.0,2012,,,,,,
Bernie,MNE,9200000.0,902486.0,2012,48.0,"Apr 27, 2012",Bernie,6000000.0,9204489.0,10106975.0
The Sessions,FoxS,6000000.0,3100000.0,2012,33.0,"Oct 19, 2012",The Sessions,1000000.0,6002451.0,11495204.0
Ruby Sparks,FoxS,2500000.0,6600000.0,2012,,,,,,
Hyde Park on Hudson,Focus,6400000.0,2500000.0,2012,,,,,,
On the Road,IFC,744000.0,8000000.0,2012,,,,,,
Boy (2012),PalUni,256000.0,8400000.0,2012,,,,,,
Piranha 3DD,W/Dim.,377000.0,8100000.0,2012,,,,,,
Easy Money (2012),Wein.,206000.0,8199999.0,2012,,,,,,
Space Dogs 3D,EpicPics,14400.0,8300000.0,2012,,,,,,
Bel Ami,Magn.,120000.0,8199999.0,2012,,,,,,
Promised Land (2012),Focus,7600000.0,541000.0,2012,,,,,,
Iron Sky,EOne,122000.0,8000000.0,2012,,,,,,
Casa De Mi Padre,LGF,5900000.0,2100000.0,2012,53.0,"Mar 16, 2012",Casa de mi Padre,6000000.0,5909483.0,8446952.0
Heroine,UTV,599000.0,7400000.0,2012,,,,,,
A Royal Affair,Magn.,1500000.0,6000000.0,2012,,,,,,
All Together,KL,43200.0,7200000.0,2012,,,,,,
My Worst Nightmare,Strand,22000.0,7100000.0,2012,,,,,,
The Collection,LD,6800000.0,2079340.0,2012,52.0,"Nov 30, 2012",The Collection,10000000.0,6810754.0,8890094.0
Monsieur Lazhar (U.S.-only),MBox,2000000.0,4600000.0,2012,,,,,,
Goon,Magn.,4200000.0,2300000.0,2012,,,,,,
Cosmopolis,EOne,764000.0,5300000.0,2012,,,,,,
Chasing Mavericks,Fox,6000000.0,600.0,2012,67.0,"Oct 26, 2012",Chasing Mavericks,20000000.0,6002756.0,8300821.0
Declaration of War,IFC,59100.0,5800000.0,2012,,,,,,
Puella Magi Madoka Magica the Movie,Elev.,180000.0,5600000.0,2012,,,,,,
Albert Nobbs,RAtt.,3000000.0,2600000.0,2012,,,,,,
In Darkness,SPC,1000000.0,4500000.0,2012,,,,,,
Won't Back Down,Fox,5300000.0,434949.0,2012,49.0,"Sep 28, 2012",Won't Back Down,19000000.0,5310554.0,5745503.0
Farewell My Queen,Cohen,1600000.0,3700000.0,2012,,,,,,
The Tall Man,Imag.,,5200000.0,2012,,,,,,
Girl in Progress,LGF,2600000.0,2000000.0,2012,,,,,,
"Jeff, Who Lives at Home",ParV,4300000.0,148000.0,2012,65.0,"Mar 16, 2012","Jeff, Who Lives at Home",10000000.0,4269426.0,4708127.0
Barbara,AF,1000000.0,3100000.0,2012,,,,,,
The Raid: Redemption,SPC,4099999.0,,2012,,,,,,
Keith Lemon: The Film,,,4000000.0,2012,,,,,,
Safety Not Guaranteed,FD,4000000.0,411361.0,2012,77.0,"Jun 8, 2012",Safety Not Guaranteed,750000.0,4010957.0,4422318.0
Nitro Circus the Movie 3D,ArcEnt,3400000.0,526000.0,2012,,,,,,
"Lula, Son of Brazil",NYer,,3800000.0,2012,,,,,,
The Lady,Cohen,355000.0,3400000.0,2012,,,,,,
Branded,RAtt.,354000.0,3400000.0,2012,,,,,,
The Rabbi's Cat,GK,23400.0,3700000.0,2012,,,,,,
Searching for Sugar Man,SPC,3700000.0,,2012,,,,,,
Killer Joe,LD,2000000.0,1700000.0,2012,90.0,"Jul 27, 2012",Killer Joe,10000000.0,1291645.0,4659110.0
Hara-Kiri: Death of a Samurai,Trib.,75700.0,3400000.0,2012,,,,,,
Robot & Frank,Gold.,3300000.0,1616888.0,2012,26.0,"Aug 17, 2012",Robot & Frank,2500000.0,3317468.0,4934356.0
Raiders of the Lost Ark (IMAX),Par.,3100000.0,,2012,,,,,,
Celeste and Jesse Forever,SPC,3100000.0,684282.0,2012,54.0,"Aug 3, 2012",Celeste and Jesse Forever,840000.0,3103407.0,3787689.0
Jab Tak Hai Jaan,Yash,3000000.0,2759127.0,2012,64.0,"Nov 13, 2012",Jab Tak Hai Jaan,9200000.0,3047539.0,5806666.0
Intruders,MNE,69100.0,2900000.0,2012,,,,,,
Talaash,Relbig.,2900000.0,,2012,,,,,,
Barfi!,UTV,2800000.0,33947110.0,2012,18.0,"Sep 14, 2012",Barfi,4600000.0,2804874.0,36751984.0
A Simple Life,CL,192000.0,2600000.0,2012,,,,,,
Samsara,Osci.,2700000.0,3294258.0,2012,18.0,"Aug 24, 2012",Samsara,4000000.0,2672413.0,5966671.0
Simon and the Oaks,TFA,151000.0,2400000.0,2012,,,,,,
Jiro Dreams of Sushi,Magn.,2600000.0,,2012,,,,,,
Dabangg 2,Eros,2500000.0,,2012,,,,,,
Kid With a Bike,IFC,1500000.0,1000000.0,2012,,,,,,
The Queen of Versailles,Magn.,2400000.0,,2012,,,,,,
Ek Tha Tiger,Yash,2300000.0,,2012,,,,,,
Chico & Rita,GK,351000.0,1900000.0,2012,,,,,,
Stolen (2012),MNE,304000.0,1800000.0,2012,,,,,,
Footnote,SPC,2000000.0,,2012,,,,,,
The Imposter,IM,898000.0,1100000.0,2012,,,,,,
Agneepath,Eros,2000000.0,,2012,,,,,,
The Day I Saw Your Heart,FM,3500.0,2000000.0,2012,,,,,,
English Vinglish,Eros,1900000.0,,2012,,,,,,
Housefull 2,Eros,1800000.0,,2012,,,,,,
The Cup (2012),Myr.,,1800000.0,2012,,,,,,
Tales of the Night,GK,11000.0,1700000.0,2012,,,,,,
Beloved (2012),IFC,138000.0,1500000.0,2012,,,,,,
360,Magn.,100000.0,1600000.0,2012,,,,,,
2 Days in New York,Magn.,633000.0,1000000.0,2012,,,,,,
Your Sister's Sister,IFC,1600000.0,1493107.0,2012,73.0,"Jun 15, 2012",Your Sister's Sister,120000.0,1597486.0,3090593.0
Hermano,MBox,29900.0,1600000.0,2012,,,,,,
Lay the Favorite,RTWC,21000.0,1600000.0,2012,,,,,,
Soldiers of Fortune,RAtt.,38900.0,1500000.0,2012,,,,,,
A Late Quartet,EOne,1600000.0,,2012,,,,,,
I Wish,Magn.,146000.0,1400000.0,2012,,,,,,
The Salt of Life,Zeit.,317000.0,1200000.0,2012,,,,,,
Chicken with Plums,SPC,254000.0,1200000.0,2012,,,,,,
Marley,Magn.,1400000.0,,2012,,,,,,
The Paperboy,MNE,693000.0,661000.0,2012,37.0,"Oct 5, 2012",The Paperboy,12500000.0,677200.0,4027663.0
Chasing Ice,SD,1300000.0,,2012,,,,,,
Unforgivable,Strand,154000.0,1200000.0,2012,,,,,,
A Little Bit of Heaven,MNE,15400.0,1300000.0,2012,39.0,"May 4, 2012",A Little Bit of Heaven,12500000.0,10011.0,1100287.0
The Other Son,Cohen,1300000.0,,2012,,,,,,
Meerkats,NGE,778000.0,482000.0,2012,,,,,,
"For a Good Time, Call...",Focus,1300000.0,134339.0,2012,48.0,"Aug 31, 2012","For a Good Time, Call",850000.0,1251749.0,1386088.0
Take This Waltz,Magn.,1200000.0,,2012,,,,,,
Cocktail (2012),Eros,1200000.0,,2012,,,,,,
Once Upon a Time in Anatolia,CGld,152000.0,1000000.0,2012,,,,,,
Ek Main Aur Ekk Tu,UTV,1200000.0,,2012,,,,,,
The Deep Blue Sea,MBox,1100000.0,,2012,,,,,,
Coriolanus,Wein.,757000.0,315000.0,2012,99.0,"Jan 20, 2012",Coriolanus,10000000.0,749641.0,2179623.0
Diana Vreeland: The Eye Has to Travel,Gold.,1000000.0,,2012,,,,,,
First Position,IFC,1000000.0,,2012,,,,,,
Damsels in Distress,SPC,1000000.0,316764.0,2012,31.0,"Apr 6, 2012",Damsels in Distress,3000000.0,1007535.0,1324299.0
Rampart,MNE,973000.0,,2012,,,,,,
Elles,KL,158000.0,754000.0,2012,,,,,,
W.E.,Wein.,583000.0,285000.0,2012,,,,,,
Breathing,KL,4600.0,803000.0,2012,,,,,,
Darling Companion,SPC,794000.0,406994.0,2012,34.0,"Apr 20, 2012",Darling Companion,12000000.0,793352.0,1200346.0
Teri Meri Kahaani,Eros,781000.0,,2012,,,,,,
Son of Sardaar,Eros,772000.0,,2012,,,,,,
Agent Vinod,Eros,698000.0,,2012,,,,,,
Student of the Year,Eros,670000.0,,2012,,,,,,
The Polar Express (2012 re-issue),WB,669000.0,,2012,,,,,,
Holy Motors,IM,641000.0,3589372.0,2012,25.0,"Oct 17, 2012",Holy Motors,4000000.0,641054.0,4230426.0
Free Men,FM,53800.0,564000.0,2012,,,,,,
"Peace, Love and Misunderstanding",IFC,591000.0,,2012,,,,,,
Undefeated (2012),Wein.,562000.0,,2012,,,,,,
Sister (2012),AF,155000.0,400000.0,2012,,,,,,
Vicky Donor,Eros,549000.0,,2012,,,,,,
Being Flynn,Focus,540000.0,,2012,,,,,,
Ai Weiwei: Never Sorry,IFC,534000.0,,2012,,,,,,
Where Do We Go Now?,SPC,532000.0,,2012,,,,,,
Bully (2012),Wein.,279000.0,182000.0,2012,,,,,,
Ferrari Ki Sawaari,Eros,434000.0,,2012,,,,,,
Dark Tide,WHE,,432000.0,2012,,,,,,
Apartment 143,Magn.,400.0,426000.0,2012,,,,,,
Sound of My Voice,FoxS,408000.0,21433.0,2012,68.0,"Apr 27, 2012",Sound of My Voice,135000.0,408015.0,429448.0
Khiladi 786,Eros,379000.0,14298341.0,2012,12.0,"Dec 7, 2012",Khiladi 786,5600000.0,385422.0,14683763.0
Smashed,SPC,377000.0,,2012,,,,,,
Universal Soldier: Day of Reckoning,Magn.,5500.0,364000.0,2012,,,,,,
The Oranges,ATO,366000.0,,2012,,,,,,
Liberal Arts,IFC,327000.0,,2012,,,,,,
Compliance,Magn.,319000.0,511415.0,2012,68.0,"Aug 17, 2012",Compliance,270000.0,319285.0,830700.0
Back to 1942,CL,313000.0,,2012,,,,,,
The Flowers of War,WHE,311000.0,,2012,,,,,,
Something From Nothing: The Art of Rap,IM,288000.0,,2012,,,,,,
Love in the Buff,CL,256000.0,,2012,,,,,,
Lola Versus,FoxS,253000.0,,2012,,,,,,
Keep the Lights On,MBox,246000.0,,2012,,,,,,
Gerhard Richter Painting,KL,243000.0,,2012,,,,,,
Trishna,IFC,240000.0,,2012,,,,,,
Elena,Zeit.,233000.0,,2012,,,,,,
Tezz,Eros,230000.0,,2012,,,,,,
The Viral Factor,CL,220000.0,,2012,,,,,,
Neil Young Journeys,SPC,215000.0,,2012,,,,,,
Tai Chi Zero,Vari.,212000.0,,2012,,,,,,
The House I Live In,Abr.,211000.0,,2012,,,,,,
10 Years,Anch.,203000.0,,2012,,,,,,
17 Girls,Strand,15100.0,186000.0,2012,,,,,,
Tim & Eric's Billion Dollar Movie,Magn.,201000.0,,2012,,,,,,
Any Day Now,MBox,201000.0,,2012,,,,,,
Tere Naal Love Ho Gaya,UTV,178000.0,,2012,,,,,,
The Hunter (2012),Magn.,177000.0,,2012,,,,,,
Butter,RTWC,105000.0,70700.0,2012,,,,,,
Kill List,IFC,29100.0,143000.0,2012,70.0,"Feb 3, 2012",Kill List,800000.0,29063.0,462206.0
Flying Swords of Dragon Gate,IM,170000.0,,2012,,,,,,
Joker,UTV,169000.0,,2012,,,,,,
Dark Horse,BM&DH,166000.0,,2012,,,,,,
Shirin Farhad Ki Toh Nikal Padi,Eros,156000.0,,2012,,,,,,
Bullhead,Drft.,152000.0,,2012,,,,,,
Chakravyuh,Eros,152000.0,,2012,,,,,,
Luv Shuv Tey Chicken Khurana,UTV,144000.0,,2012,,,,,,
High School,Anch.,139000.0,109099.0,2012,15.0,"Jun 1, 2012",High School,10000000.0,139034.0,248133.0
Warriors of the Rainbow: Seediq Bale,WGUSA,136000.0,,2012,,,,,,
The Loneliest Planet,IFC,130000.0,,2012,,,,,,
Forgiveness of Blood,IFC,127000.0,,2012,,,,,,
Toys in the Attic,Hann.,64900.0,61600.0,2012,,,,,,
"Turn Me On, Dammit!",NYer,126000.0,,2012,,,,,,
God Bless America,Magn.,123000.0,,2012,,,,,,
Bullet Vanishes,CL,118000.0,,2012,,,,,,
The Woman in the Fifth,ATO,114000.0,,2012,,,,,,
5 Broken Cameras,KL,110000.0,,2012,,,,,,
Hello I Must Be Going,Osci.,107000.0,,2012,,,,,,
The Magic of Belle Isle,Magn.,102000.0,,2012,,,,,,
"Oslo, August 31st",Strand,101000.0,,2012,,,,,,
Wuthering Heights (2012),Osci.,101000.0,,2012,,,,,,
Mugamoodi,UTV,101000.0,,2012,,,,,,
V/H/S,Magn.,100000.0,,2012,,,,,,
Goodbye First Love,IFC,95000.0,,2012,,,,,,
Marina Abramovic: The Artist is Present,MBox,86600.0,,2012,,,,,,
The Eye of the Storm,SEG,83600.0,,2012,,,,,,
Wagner & Me,FRun,37700.0,41000.0,2012,,,,,,
The Innkeepers,Magn.,78400.0,933139.0,2012,78.0,"Feb 3, 2012",The Innkeepers,750000.0,78396.0,1011535.0
This is Not a Film,PalT,77000.0,,2012,,,,,,
The Island President,Gold.,76400.0,,2012,,,,,,
Detachment,Trib.,72700.0,,2012,,,,,,
The Green Wave,RF,,70100.0,2012,,,,,,
Attenberg,Strand,24000.0,45900.0,2012,,,,,,
Deadfall (2012),Magn.,66400.0,,2012,,,,,,
Girlfriend Boyfriend - GF BF,CL,64400.0,,2012,,,,,,
Vulgaria,CL,59100.0,,2012,,,,,,
The Turin Horse,CGld,56400.0,,2012,,,,,,
Jodi Breakers,Yash,52600.0,,2012,,,,,,
Painted Skin: The Resurrection,WGUSA,50400.0,,2012,,,,,,
"All's Well, End's Well (2012)",CL,47900.0,,2012,,,,,,
North Sea Texas,Strand,28300.0,16700.0,2012,,,,,,
Double Trouble,CL,44800.0,,2012,,,,,,
The Fairy,KL,38400.0,,2012,,,,,,
Hit So Hard,Vari.,34000.0,,2012,,,,,,
Kalakalappu@Masala Cafe,UTV,30900.0,,2012,,,,,,
The Bay,RAtt.,30700.0,,2012,,,,,,
You've Been Trumped,ICir,29300.0,,2012,,,,,,
Here (2012),Strand,26700.0,,2012,,,,,,
In Another Country,KL,25100.0,,2012,,,,,,
The First Time,Gold.,22800.0,0.0,2012,67.0,"Oct 19, 2012",The First Time,2000000.0,17061.0,17061.0
Bonsai,Strand,21300.0,,2012,,,,,,
The Day,Anch.,21000.0,,2012,,,,,,
28 Hotel Rooms,Osci.,18900.0,,2012,,,,,,
Lovely Molly,Imag.,18500.0,,2012,,,,,,
Juan of the Dead,Outs,18000.0,,2012,,,,,,
4:44: Last Day on Earth,IFC,17800.0,,2012,,,,,,
Little Birds,MNE,17700.0,,2012,,,,,,
Return (2012),Da.,16100.0,,2012,,,,,,
Alps,KL,16100.0,,2012,,,,,,
Patience (After Sebald),CGld,15900.0,,2012,,,,,,
Take Me Home,Mont.,15800.0,,2012,,,,,,
Reuniting the Rubins,Mont.,13600.0,,2012,,,,,,
Cirkus Columbia,Strand,3500.0,9500.0,2012,,,,,,
Grassroots,Gold.,12400.0,,2012,,,,,,
Husbands in Goa,UTV,10100.0,,2012,,,,,,
Starry Starry Night,CL,10000.0,,2012,,,,,,
Corpo Celeste,FM,8900.0,,2012,,,,,,
Dreams of a Life,Strand,8400.0,,2012,,,,,,
The Babymakers,MNE,7900.0,,2012,,,,,,
Las Acacias,OutF,6000.0,,2012,,,,,,
The Good Doctor,Magn.,5200.0,,2012,,,,,,
Liar's Autobiography,BSM,5100.0,,2012,,,,,,
Sleepless Night,Trib.,3400.0,,2012,,,,,,
ATM,IFC,3000.0,,2012,,,,,,
About Cherry,IFC,3000.0,,2012,,,,,,
Perfect Sense,IFC,3000.0,,2012,,,,,,
Cheerful Weather for the Wedding,IFC,2700.0,,2012,,,,,,
The Decoy Bride,IFC,800.0,,2012,,,,,,
Death of a Superhero,Trib.,600.0,,2012,,,,,,
Frozen,BV,400700000.0,875700000.0,2013,56.0,"Nov 22, 2013",Frozen,150000000.0,400738009.0,1272469910.0
Iron Man 3,BV,409000000.0,805800000.0,2013,48.0,"May 3, 2013",Iron Man 3,200000000.0,408992272.0,1215392272.0
Despicable Me 2,Uni.,368100000.0,602700000.0,2013,22.0,"Jul 3, 2013",Despicable Me 2,76000000.0,368065385.0,975216835.0
The Hobbit: The Desolation of Smaug,WB (NL),258399999.0,700000000.0,2013,21.0,"Dec 13, 2013",The Hobbit: The Desolation of Smaug,250000000.0,258366855.0,960366855.0
The Hunger Games: Catching Fire,LGF,424700000.0,440300000.0,2013,38.0,"Nov 22, 2013",The Hunger Games: Catching Fire,130000000.0,424668047.0,864868047.0
Fast & Furious 6,Uni.,238700000.0,550000000.0,2013,,,,,,
Monsters University,BV,268500000.0,475700000.0,2013,53.0,"Jun 21, 2013",Monsters University,200000000.0,268488329.0,743588329.0
Gravity,WB,274100000.0,449100000.0,2013,16.0,"Oct 4, 2013",Gravity,110000000.0,274092705.0,693698673.0
Man of Steel,WB,291000000.0,377000000.0,2013,29.0,"Jun 14, 2013",Man of Steel,225000000.0,291045518.0,667999518.0
Thor: The Dark World,BV,206400000.0,438200000.0,2013,66.0,"Nov 8, 2013",Thor: The Dark World,150000000.0,206362140.0,644602516.0
The Croods,Fox,187200000.0,400000000.0,2013,26.0,"Mar 22, 2013",The Croods,135000000.0,187168425.0,573068425.0
World War Z,Par.,202400000.0,337600000.0,2013,69.0,"Jun 21, 2013",World War Z,190000000.0,202359711.0,531514650.0
Oz The Great and Powerful,BV,234900000.0,258399999.0,2013,54.0,"Mar 8, 2013",Oz the Great and Powerful,200000000.0,234770996.0,490359051.0
Star Trek Into Darkness,Par.,228800000.0,238600000.0,2013,68.0,"May 16, 2013",Star Trek Into Darkness,190000000.0,228778661.0,467381584.0
The Wolverine,Fox,132600000.0,282300000.0,2013,8.0,"Jul 26, 2013",The Wolverine,115000000.0,132556852.0,416456852.0
Pacific Rim,WB,101800000.0,309200000.0,2013,72.0,"Jul 12, 2013",Pacific Rim,190000000.0,101802906.0,411002906.0
The Wolf of Wall Street,Par.,116900000.0,275100000.0,2013,76.0,"Dec 25, 2013",The Wolf of Wall Street,100000000.0,116900694.0,389870414.0
G.I. Joe: Retaliation,Par.,122500000.0,253200000.0,2013,13.0,"Mar 27, 2013",G.I. Joe: Retaliation,140000000.0,122523060.0,375740705.0
The Hangover Part III,WB,112200000.0,249800000.0,2013,,,,,,
The Great Gatsby (2013),WB,144800000.0,208800000.0,2013,,,,,,
Now You See Me,LG/S,117700000.0,234000000.0,2013,41.0,"May 31, 2013",Now You See Me,75000000.0,117723989.0,342769200.0
The Smurfs 2,Sony,71000000.0,276500000.0,2013,33.0,"Jul 31, 2013",The Smurfs 2,110000000.0,71017784.0,348547523.0
The Conjuring,WB (NL),137400000.0,182100000.0,2013,93.0,"Jul 19, 2013",The Conjuring,20000000.0,137400141.0,318000141.0
A Good Day to Die Hard,Fox,67300000.0,237300000.0,2013,34.0,"Feb 14, 2013",A Good Day to Die Hard,92000000.0,67349198.0,304249198.0
Oblivion,Uni.,89100000.0,197100000.0,2013,93.0,"Apr 19, 2013",Oblivion,120000000.0,89107235.0,287916633.0
Elysium,TriS,93100000.0,193100000.0,2013,92.0,"Aug 9, 2013",Elysium,120000000.0,93050117.0,286192091.0
Turbo,Fox,83000000.0,199500000.0,2013,31.0,"Jul 17, 2013",Turbo,135000000.0,83028130.0,286896578.0
Cloudy with a Chance of Meatballs 2,Sony,119800000.0,154500000.0,2013,13.0,"Sep 27, 2013",Cloudy with a Chance of Meatballs 2,78000000.0,119793567.0,274392649.0
We're the Millers,WB (NL),150400000.0,119600000.0,2013,90.0,"Aug 7, 2013",We're the Millers,37000000.0,150394119.0,267816276.0
Epic,Fox,107500000.0,160900000.0,2013,77.0,"May 24, 2013",Epic,100000000.0,107518682.0,262794441.0
The Lone Ranger,BV,89300000.0,171200000.0,2013,13.0,"Jul 2, 2013",The Lone Ranger,275000000.0,89302115.0,260002115.0
American Hustle,Sony,150100000.0,101100000.0,2013,80.0,"Dec 13, 2013",American Hustle,40000000.0,150117807.0,257878294.0
Grown Ups 2,Sony,133699999.0,113300000.0,2013,48.0,"Jul 12, 2013",Grown Ups 2,80000000.0,133668525.0,247023808.0
After Earth,Sony,60500000.0,183300000.0,2013,53.0,"May 31, 2013",After Earth,130000000.0,60522097.0,251499665.0
Planes,BV,90300000.0,149000000.0,2013,,,,,,
The Heat,Fox,159600000.0,70300000.0,2013,35.0,"Jun 28, 2013",The Heat,43000000.0,159581587.0,229727774.0
Hansel and Gretel: Witch Hunters,Par.,55700000.0,170600000.0,2013,,,,,,
Captain Phillips,Sony,107100000.0,111700000.0,2013,92.0,"Oct 11, 2013",Captain Phillips,55000000.0,107136417.0,220648184.0
White House Down,Sony,73100000.0,132300000.0,2013,90.0,"Jun 28, 2013",White House Down,150000000.0,73103784.0,205440387.0
Percy Jackson: Sea of Monsters,Fox,68600000.0,131300000.0,2013,64.0,"Aug 7, 2013",Percy Jackson: Sea of Monsters,90000000.0,68559554.0,200859554.0
Lost in Thailand,WAMCR,57400.0,197700000.0,2013,,,,,,
Jack the Giant Slayer,WB (NL),65200000.0,132500000.0,2013,66.0,"Mar 1, 2013",Jack the Giant Slayer,195000000.0,65187603.0,197687603.0
The Secret Life of Walter Mitty,Fox,58200000.0,129900000.0,2013,37.0,"Dec 25, 2013",The Secret Life of Walter Mitty,91000000.0,58236838.0,187861183.0
12 Years a Slave,FoxS,56700000.0,131100000.0,2013,18.0,"Oct 18, 2013",12 Years a Slave,20000000.0,56671993.0,181025343.0
Lee Daniels' The Butler,Wein.,116600000.0,60000000.0,2013,45.0,"Aug 16, 2013",Lee Daniels' The Butler,30000000.0,116632095.0,177025498.0
Identity Thief,Uni.,134500000.0,39500000.0,2013,32.0,"Feb 8, 2013",Identity Thief,35000000.0,134506920.0,175361578.0
Anchorman 2: The Legend Continues,Par.,125200000.0,46300000.0,2013,92.0,"Dec 18, 2013",Anchorman 2: The Legend Continues,50000000.0,127352707.0,172185754.0
Olympus Has Fallen,FD,98900000.0,71300000.0,2013,9.0,"Mar 22, 2013",Olympus Has Fallen,70000000.0,98927592.0,172878928.0
Insidious Chapter 2,FD,83600000.0,78300000.0,2013,53.0,"Sep 13, 2013",Insidious Chapter 2,5000000.0,83586447.0,161921515.0
Lone Survivor,Uni.,125100000.0,29700000.0,2013,84.0,"Dec 25, 2013",Lone Survivor,40000000.0,125095601.0,149804632.0
Jackass Presents: Bad Grandpa,Par.,102000000.0,49800000.0,2013,3.0,"Oct 25, 2013",Jackass Presents: Bad Grandpa,15000000.0,102003019.0,160903019.0
47 Ronin,Uni.,38400000.0,113400000.0,2013,12.0,"Dec 25, 2013",47 Ronin,175000000.0,38362475.0,151716815.0
Red 2,LG/S,53300000.0,94800000.0,2013,28.0,"Jul 19, 2013",RED 2,84000000.0,53262560.0,141507355.0
Mama,Uni.,71600000.0,74800000.0,2013,9.0,"Jan 18, 2013",Mama,15000000.0,71628180.0,148095566.0
Escape Plan,LG/S,25100000.0,112200000.0,2013,37.0,"Oct 18, 2013",Escape Plan,70000000.0,25135965.0,103735965.0
Last Vegas,CBS,63900000.0,70500000.0,2013,46.0,"Jan 28, 2013",Last Vegas,28000000.0,63914167.0,112914167.0
2 Guns,Uni.,75600000.0,56300000.0,2013,39.0,"Aug 2, 2013",2 Guns,61000000.0,75612460.0,132493015.0
Walking with Dinosaurs,Fox,36100000.0,90500000.0,2013,93.0,"Dec 20, 2013",Walking with Dinosaurs,80000000.0,36076121.0,123368842.0
This is the End,Sony,101500000.0,24600000.0,2013,91.0,"Jun 12, 2013",This is the End,32000000.0,101470202.0,126539117.0
Ender's Game,LG/S,61700000.0,63800000.0,2013,36.0,"Nov 1, 2013",Ender's Game,110000000.0,61737191.0,127983283.0
Prisoners,WB,61000000.0,61100000.0,2013,48.0,"Sep 20, 2013",Prisoners,46000000.0,61002302.0,113402302.0
Saving Mr. Banks,BV,83300000.0,34600000.0,2013,37.0,"Dec 13, 2013",Saving Mr. Banks,35000000.0,83299761.0,114962525.0
Warm Bodies,LG/S,66400000.0,50600000.0,2013,70.0,"Feb 1, 2013",Warm Bodies,30000000.0,66380662.0,115121608.0
Jurassic Park 3D,Uni.,45400000.0,71100000.0,2013,,,,,,
Personal Tailor,CL,376000.0,115800000.0,2013,,,,,,
Free Birds,Rela.,55800000.0,54600000.0,2013,16.0,"Nov 1, 2013",Free Birds,55000000.0,55750480.0,110387072.0
Gangster Squad,WB,46000000.0,59200000.0,2013,4.0,"Jan 11, 2013",Gangster Squad,60000000.0,46000903.0,104100903.0
Philomena,Wein.,37700000.0,62400000.0,2013,65.0,"Nov 22, 2013",Philomena,12000000.0,37709979.0,98963392.0
Instructions Not Included,LGF,44500000.0,54600000.0,2013,,,,,,
Riddick,Uni.,42000000.0,56300000.0,2013,66.0,"Sep 6, 2013",Riddick,38000000.0,42025135.0,94763758.0
Safe Haven,Rela.,71300000.0,26200000.0,2013,41.0,"Feb 14, 2013",Safe Haven,28000000.0,71399120.0,94050951.0
Evil Dead (2013),TriS,54200000.0,43300000.0,2013,,,,,,
Blue Jasmine,SPC,33400000.0,64099999.0,2013,90.0,"Jul 26, 2013",Blue Jasmine,18000000.0,33404871.0,102912961.0
The Mortal Instruments: City of Bones,SGem,31200000.0,64200000.0,2013,26.0,"Aug 21, 2013",The Mortal Instruments: City of Bones,60000000.0,31165421.0,75965567.0
The Internship,Fox,44700000.0,48800000.0,2013,63.0,"Jun 7, 2013",The Internship,58000000.0,44672764.0,93672764.0
Rush (2013),Uni.,26900000.0,63300000.0,2013,,,,,,
The Purge,Uni.,64500000.0,24900000.0,2013,67.0,"Jun 7, 2013",The Purge,3000000.0,64473115.0,91266581.0
Dhoom 3,Yash,8000000.0,80000000.0,2013,60.0,"Dec 20, 2013",Dhoom 3,24000000.0,8031955.0,11723620.0
About Time,Uni.,15300000.0,71800000.0,2013,95.0,"Nov 1, 2013",About Time,12000000.0,15323921.0,89309178.0
Pain and Gain,Par.,49900000.0,36300000.0,2013,,,,,,
Carrie (2013),SGem,35300000.0,49500000.0,2013,,,,,,
The Family (2013),Rela.,36900000.0,41500000.0,2013,,,,,,
Scary Movie 5,W/Dim.,32000000.0,46400000.0,2013,,,,,,
R.I.P.D.,Uni.,33600000.0,44700000.0,2013,55.0,"Jul 19, 2013",R.I.P.D.,130000000.0,33618855.0,79076678.0
Tiny Times,CL,23500.0,77700000.0,2013,,,,,,
The Book Thief,Fox,21500000.0,55100000.0,2013,41.0,"Nov 8, 2013",The Book Thief,19000000.0,21488481.0,76086711.0
Escape From Planet Earth,Wein.,57000000.0,17600000.0,2013,28.0,"Feb 15, 2013",Escape From Planet Earth,40000000.0,57012977.0,74156610.0
August: Osage County,Wein.,37700000.0,36500000.0,2013,15.0,"Dec 25, 2013",August: Osage County,25000000.0,37738810.0,50738810.0
The Best Man Holiday,Uni.,70500000.0,2300000.0,2013,73.0,"Nov 15, 2013",The Best Man Holiday,17000000.0,70525195.0,72835710.0
Young Detective Dee: Rise of the Sea Dragon,WAMCR,87800.0,72200000.0,2013,,,,,,
The Counselor,Fox,17000000.0,54000000.0,2013,58.0,"Oct 25, 2013",The Counselor,25000000.0,16973715.0,71009334.0
The Call,TriS,51900000.0,16700000.0,2013,14.0,"Mar 15, 2013",The Call,12800000.0,51872378.0,69821476.0
One Direction: This is Us,TriS,28900000.0,39700000.0,2013,88.0,"Aug 30, 2013",One Direction: This is Us,10000000.0,28873374.0,68541786.0
The Grandmaster,Wein.,6600000.0,57500000.0,2013,,,,,,
Side Effects (2013),ORF,32200000.0,31200000.0,2013,,,,,,
The Host (2013),ORF,26600000.0,36700000.0,2013,,,,,,
Runner Runner,Fox,19300000.0,43400000.0,2013,53.0,"Oct 4, 2013",Runner Runner,30000000.0,19316646.0,60512680.0
From Up on Poppy Hill,GK,1000000.0,60000000.0,2013,,,,,,
Kick-Ass 2,Uni.,28800000.0,32000000.0,2013,65.0,"Aug 16, 2013",Kick-Ass 2,28000000.0,28795985.0,63129909.0
A Haunted House,ORF,40000000.0,20100000.0,2013,12.0,"Jan 11, 2013",A Haunted House,2500000.0,40041683.0,59922558.0
Beautiful Creatures (2013),WB,19500000.0,40600000.0,2013,,,,,,
Quartet,Wein.,18400000.0,41100000.0,2013,90.0,"Jan 11, 2013",Quartet,11000000.0,18388357.0,56178935.0
Dallas Buyers Club,Focus,27300000.0,27900000.0,2013,73.0,"Nov 1, 2013",Dallas Buyers Club,5000000.0,27298285.0,60611845.0
The Face Reader,PM&E,516000.0,54100000.0,2013,,,,,,
Tyler Perry's A Madea Christmas,LGF,52500000.0,853000.0,2013,93.0,"Dec 13, 2013",Tyler Perry's A Madea Christmas,25000000.0,52543354.0,52543354.0
Tyler Perry's Temptation: Confessions of a Marriage Counselor,LGF,52000000.0,1200000.0,2013,,,,,,
Delivery Man,BV,30700000.0,19300000.0,2013,21.0,"Nov 22, 2013",Delivery Man,22000000.0,30659817.0,70536870.0
The Berlin File,CJ,665000.0,48300000.0,2013,,,,,,
The Last Stand,LGF,12100000.0,36300000.0,2013,74.0,"Jan 18, 2013",The Last Stand,30000000.0,12050299.0,48330757.0
21 and Over,Rela.,25700000.0,22400000.0,2013,70.0,"Mar 1, 2013",21 and Over,13000000.0,25682380.0,42195766.0
Her (2013),WB,25600000.0,21800000.0,2013,,,,,,
Tiny Times 2,CL,43800.0,47200000.0,2013,,,,,,
Texas Chainsaw 3D,LGF,34300000.0,12900000.0,2013,55.0,"Jan 4, 2013",Texas Chainsaw 3D,20000000.0,34341945.0,47666013.0
The Big Wedding,LGF,21800000.0,24700000.0,2013,87.0,"Apr 26, 2013",The Big Wedding,32500000.0,21819348.0,48425971.0
Parker,FD,17600000.0,28600000.0,2013,18.0,"Jan 25, 2013",Parker,35000000.0,17616641.0,48543388.0
The World's End,Focus,26000000.0,20100000.0,2013,76.0,"Aug 23, 2013",The World's End,20000000.0,26004851.0,47508505.0
Grudge Match,WB,29800000.0,15100000.0,2013,77.0,"Dec 25, 2013",Grudge Match,40000000.0,29807260.0,69807260.0
Homefront,ORF,20200000.0,22900000.0,2013,29.0,"Nov 27, 2013",Homefront,22000000.0,20158492.0,51695362.0
Snitch,LG/S,42900000.0,14977272.0,2013,26.0,"Feb 22, 2013",Snitch,15000000.0,42930462.0,57907734.0
Jobs,ORF,16100000.0,19800000.0,2013,11.0,"Aug 16, 2013",Jobs,18000000.0,16131410.0,43402515.0
The Place Beyond the Pines,Focus,21400000.0,14100000.0,2013,67.0,"Mar 29, 2013",The Place Beyond the Pines,15000000.0,21403519.0,47011449.0
Inside Llewyn Davis,CBS,13200000.0,19700000.0,2013,94.0,"Dec 6, 2013",Inside Llewyn Davis,11000000.0,13248209.0,32943247.0
Mud,RAtt.,21600000.0,11000000.0,2013,98.0,"Apr 26, 2013",Mud,10000000.0,21590086.0,31556959.0
Movie 43,Rela.,8800000.0,23600000.0,2013,39.0,"Jan 25, 2013",Movie 43,10000000.0,8840453.0,31164747.0
Kevin Hart: Let Me Explain,LG/S,32200000.0,74000.0,2013,14.0,"Jul 3, 2013",Kevin Hart: Let Me Explain,2500000.0,32244051.0,32327255.0
Spring Breakers,A24,14100000.0,17600000.0,2013,3.0,"Mar 15, 2013",Spring Breakers,5000000.0,14124286.0,31149251.0
New World (2013),WGUSA,458000.0,31200000.0,2013,,,,,,
Don Jon,Rela.,24500000.0,6000000.0,2013,18.0,"Sep 27, 2013",Don Jon,5500000.0,24477704.0,41268579.0
I Give It a Year,Magn.,34700.0,28200000.0,2013,,,,,,
Nebraska,Par.,17700000.0,10000000.0,2013,91.0,"Nov 15, 2013",Nebraska,12000000.0,17654912.0,24761360.0
The Incredible Burt Wonderstone,WB (NL),22500000.0,4900000.0,2013,7.0,"Mar 15, 2013",The Incredible Burt Wonderstone,32000000.0,22537881.0,27392609.0
Mandela: Long Walk to Freedom,Wein.,8300000.0,19000000.0,2013,35.0,"Nov 29, 2013",Mandela: Long Walk to Freedom,35000000.0,8323085.0,29890402.0
Khumba,MNE,1000.0,27200000.0,2013,54.0,"Dec 6, 2013",Khumba,15000000.0,0.0,20898221.0
Dark Skies,W/Dim.,17400000.0,9000000.0,2013,97.0,"Feb 22, 2013",Dark Skies,3500000.0,17418667.0,27704111.0
Enough Said,FoxS,17600000.0,7700000.0,2013,88.0,"Sep 18, 2013",Enough Said,8000000.0,17550872.0,25621449.0
Trance,FoxS,2300000.0,21900000.0,2013,71.0,"Apr 5, 2013",Trance,16000000.0,2322593.0,22594052.0
"The Way, Way Back",FoxS,21500000.0,1700000.0,2013,83.0,"Jul 5, 2013",The Way Way Back,5000000.0,21502690.0,26853810.0
Kon-Tiki,Wein.,1500000.0,21300000.0,2013,,,,,,
Baggage Claim,FoxS,21600000.0,887000.0,2013,38.0,"Sep 27, 2013",Baggage Claim,8500000.0,21569509.0,22885836.0
Diana,EOne,335000.0,21400000.0,2013,,,,,,
The Great Beauty,Jan.,2900000.0,18500000.0,2013,,,,,,
22 Bullets,Cdgm.,,21300000.0,2013,,,,,,
The Sapphires,Wein.,2500000.0,18000000.0,2013,3.0,"Mar 22, 2013",The Sapphires,9000000.0,2450867.0,20395040.0
Broken City,Fox,19700000.0,14778881.0,2013,11.0,"Jan 18, 2013",Broken City,35000000.0,19701164.0,34480045.0
The Company You Keep,SPC,5100000.0,14500000.0,2013,,,,,,
The Bling Ring,A24,5800000.0,13300000.0,2013,,,,,,
You're Next,LGF,18500000.0,8393171.0,2013,17.0,"Aug 23, 2013",You're Next,1000000.0,18494006.0,26887177.0
Dead Man Down,FD,10900000.0,7200000.0,2013,78.0,"Mar 8, 2013",Dead Man Down,30000000.0,10895295.0,19599974.0
Admission,Focus,18000000.0,726349.0,2013,76.0,"Mar 22, 2013",Admission,13000000.0,18007317.0,18733666.0
Fruitvale Station,Wein.,16100000.0,1300000.0,2013,38.0,"Jul 12, 2013",Fruitvale Station,900000.0,16098998.0,17549645.0
Battle of the Year,SGem,8900000.0,7700000.0,2013,51.0,"Sep 20, 2013",Battle of the Year,20000000.0,8888355.0,16723377.0
Out of the Furnace,Rela.,11300000.0,4300000.0,2013,41.0,"Dec 4, 2013",Out of the Furnace,22000000.0,11330849.0,15434375.0
Billy and Buddy,Distrib.,900.0,15200000.0,2013,,,,,,
The Last Exorcism Part II,CBS,15200000.0,10269404.0,2013,90.0,"Mar 1, 2013",The Last Exorcism Part II,4000000.0,15179303.0,25448707.0
Machete Kills,ORF,8000000.0,7000000.0,2013,58.0,"Oct 11, 2013",Machete Kills,20000000.0,8008161.0,18273009.0
Journey to the South Pacific,Imax,7600000.0,6500000.0,2013,,,,,,
Paranoia,Rela.,7400000.0,6400000.0,2013,19.0,"Aug 16, 2013",Paranoia,40000000.0,7388654.0,16340767.0
All Is Lost,RAtt.,6300000.0,7400000.0,2013,43.0,"Oct 18, 2013",All is Lost,8500000.0,6263670.0,10386814.0
Puella Magi Madoka Magica the Movie: Rebellion,Elev.,376000.0,12600000.0,2013,,,,,,
Stoker,FoxS,1700000.0,10400000.0,2013,29.0,"Mar 1, 2013",Stoker,12000000.0,1703125.0,12034913.0
In the House,Cohen,390000.0,11500000.0,2013,,,,,,
I'm So Excited,SPC,1400000.0,10400000.0,2013,,,,,,
Haute Cuisine,Wein.,218000.0,11200000.0,2013,,,,,,
Before Midnight,SPC,8100000.0,3100000.0,2013,99.0,"May 24, 2013",Before Midnight,3000000.0,8110621.0,23251930.0
Only God Forgives,RTWC,779000.0,9900000.0,2013,8.0,"Jul 19, 2013",Only God Forgives,4800000.0,775849.0,4494560.0
The Past,SPC,1300000.0,9300000.0,2013,,,,,,
Love is All You Need,SPC,1600000.0,8400000.0,2013,,,,,,
Bullet to the Head,WB,9500000.0,13108140.0,2013,42.0,"Feb 1, 2013",Bullet to the Head,55000000.0,9489829.0,22597969.0
Tyler Perry Presents Peeples,LGF,9200000.0,130000.0,2013,,,,,,
Jerusalem,NGE,8000000.0,1300000.0,2013,,,,,,
The Fifth Estate,BV,3300000.0,5300000.0,2013,50.0,"Oct 18, 2013",The Fifth Estate,26000000.0,3254172.0,6154172.0
Upside Down,MNE,105000.0,8000000.0,2013,4.0,"Mar 15, 2013",Upside Down,50000000.0,102118.0,26387039.0
Metallica Through the Never,PH,3400000.0,4600000.0,2013,37.0,"Sep 27, 2013",Metallica Through the Never,18000000.0,3419967.0,9082906.0
Pulling Strings,LGF,5800000.0,2000000.0,2013,,,,,,
Black Nativity,FoxS,7000000.0,436000.0,2013,63.0,"Nov 27, 2013",Black Nativity,17500000.0,7018188.0,7285135.0
Blue Is the Warmest Color,IFC,2200000.0,5200000.0,2013,,,,,,
Unfinished Song,Wein.,1700000.0,5300000.0,2013,,,,,,
The Angels' Share,IFC,347000.0,6700000.0,2013,,,,,,
The Spectacular Now,A24,6900000.0,63980.0,2013,22.0,"Aug 2, 2013",The Spectacular Now,2500000.0,6852971.0,6916951.0
The Sweeney,EOne,26700.0,6300000.0,2013,53.0,"Mar 1, 2013",The Sweeney,4500000.0,26345.0,8000366.0
Believe,ORF,6200000.0,,2013,,,,,,
Matru Ki Bijlee Ka Mandola,FIP,,6000000.0,2013,,,,,,
Closed Circuit,Focus,5800000.0,,2013,,,,,,
Populaire,Wein.,179000.0,5300000.0,2013,,,,,,
Broken Circle Breakdown,Trib.,175000.0,5300000.0,2013,,,,,,
Fists of Legend,CJ,134000.0,5300000.0,2013,,,,,,
Chennai Express,UTV,5300000.0,,2013,,,,,,
20 Feet from Stardom,RTWC,4900000.0,946216.0,2013,37.0,"Jun 14, 2013",20 Feet From Stardom,1000000.0,4946250.0,5892466.0
Oldboy (2013),FD,2200000.0,2700000.0,2013,,,,,,
Commitment,WGUSA,76500.0,4500000.0,2013,,,,,,
White Elephant,Strand,8900.0,4400000.0,2013,,,,,,
Much Ado About Nothing (2013),RAtt.,4300000.0,,2013,,,,,,
Frances Ha,IFC,4099999.0,7195371.0,2013,14.0,"May 17, 2013",Frances Ha,3000000.0,4067398.0,11262769.0
You Will Be My Son,Cohen,285000.0,3600000.0,2013,,,,,,
Yeh Jawaani Hai Deewani,Eros,3800000.0,47000000.0,2013,54.0,"May 31, 2013",Yeh Jawaani Hai Deewani,8300000.0,3827466.0,50827466.0
Pieta,Drft.,22100.0,3600000.0,2013,,,,,,
Mental,Da.,17700.0,3600000.0,2013,,,,,,
The To-Do List,CBS,3500000.0,74600.0,2013,,,,,,
Mr. Nobody,Magn.,3600.0,3500000.0,2013,43.0,"Nov 1, 2013",Mr. Nobody,46500000.0,3622.0,22254.0
Emperor,RAtt.,3300000.0,,2013,,,,,,
Stand Up Guys,LGF,3300000.0,,2013,,,,,,
In a World,RAtt.,3000000.0,,2013,,,,,,
Ram-Leela,Eros,2700000.0,,2013,,,,,,
Capital,Cohen,102000.0,2400000.0,2013,,,,,,
The East,FoxS,2300000.0,99700.0,2013,99.0,"May 31, 2013",The East,6500000.0,2274649.0,3027956.0
I'm In Love With a Church Girl,HTR,2400000.0,,2013,,,,,,
No (2013),SPC,2300000.0,,2013,,,,,,
Renoir,Gold.,2300000.0,,2013,,,,,,
The Christmas Candle,ELS,2300000.0,301829.0,2013,45.0,"Nov 15, 2013",The Christmas Candle,7000000.0,1632000.0,1933829.0
Reality (2013),Osci.,72600.0,2200000.0,2013,,,,,,
Krrish 3,Eros,2200000.0,,2013,,,,,,
Austenland,SPC,2200000.0,,2013,,,,,,
The Sorcerer and the White Snake,Magn.,18800.0,2100000.0,2013,,,,,,
The Snitch Cartel,PI,,2100000.0,2013,,,,,,
The Iceman (2013),MNE,2000000.0,,2013,,,,,,
All the Boys Love Mandy Lane,RTWC,,1900000.0,2013,83.0,"Oct 11, 2013",All the Boys Love Mandy Lane,750000.0,0.0,1960521.0
Fill the Void,SPC,1800000.0,,2013,,,,,,
Starbuck (U.S. only),E1,340000.0,1300000.0,2013,,,,,,
Bhaag Milkha Bhaag,Relbig.,1600000.0,,2013,,,,,,
Therese,MPI,102000.0,1500000.0,2013,,,,,,
Stories We Tell,RAtt.,1600000.0,,2013,,,,,,
Lovelace,RTWC,357000.0,1200000.0,2013,,,,,,
Race 2,UTV,1600000.0,,2013,,,,,,
Disconnect,LD,1400000.0,,2013,,,,,,
Girl Most Likely,RAtt.,1400000.0,,2013,,,,,,
Wadjda (U.S. only),SPC,1300000.0,,2013,,,,,,
The Kings of Summer,CBS,1300000.0,,2013,,,,,,
The Invisible Woman,SPC,1200000.0,,2013,,,,,,
Violeta Went to Heaven,KL,21500.0,1200000.0,2013,,,,,,
Romeo and Juliet (2013),Rela.,1200000.0,,2013,,,,,,
Still Mine,Gold.,1200000.0,,2013,,,,,,
The Wall (2013),MBox,38700.0,1100000.0,2013,,,,,,
Kai Po Che,UTV,1100000.0,,2013,,,,,,
What Maisie Knew,MNE,1100000.0,,2013,,,,,,
Thanks for Sharing,RAtt.,1100000.0,,2013,,,,,,
Ain't Them Bodies Saints,IFC,397000.0,635000.0,2013,64.0,"Aug 16, 2013",Ain't Them Bodies Saints,5000000.0,391611.0,1075009.0
Kill Your Darlings,SPC,1000000.0,,2013,,,,,,
Short Term 12,Cdgm.,1000000.0,,2013,,,,,,
Ginger & Rosa,A24,1000000.0,,2013,,,,,,
Lore,MBox,970000.0,,2013,,,,,,
Raanjhana,Eros,903000.0,,2013,,,,,,
6 Souls,RTWC,,852000.0,2013,,,,,,
Generation Iron,TVC,850000.0,,2013,,,,,,
The Monk,ATO,13500.0,794000.0,2013,,,,,,
Satyagraha,UTV,739000.0,,2013,,,,,,
Hannah Arendt,Zeit.,717000.0,,2013,,,,,,
Besharam,Relbig.,680000.0,,2013,,,,,,
Salinger,Wein.,584000.0,67000.0,2013,,,,,,
The Hunt,Magn.,613000.0,,2013,,,,,,
Walking the Camino: Six Ways to Santiago,FEF,613000.0,,2013,,,,,,
To The Wonder,Magn.,588000.0,,2013,,,,,,
Lootera,Eros,582000.0,,2013,,,,,,
Museum Hours,CGld,561000.0,,2013,,,,,,
The Reluctant Fundamentalist,IFC,553000.0,0.0,2013,42.0,"Apr 26, 2013",The Reluctant Fundamentalist,15000000.0,528731.0,528731.0
You Ain't Seen Nothin' Yet,KL,18900.0,488000.0,2013,,,,,,
The Inevitable Defeat of Mister and Pete,LGF,495000.0,,2013,,,,,,
Act of Killing,Drft.,487000.0,,2013,,,,,,
Sound City,Vari.,423000.0,,2013,,,,,,
Shadow Dancer,Magn.,101000.0,319000.0,2013,,,,,,
A Hijacking,Magn.,414000.0,,2013,,,,,,
Grand Masti,Eros,414000.0,,2013,,,,,,
Phata Poster Nikla Hero,Eros,411000.0,,2013,,,,,,
The Armstrong Lie,SPC,383000.0,,2013,,,,,,
Tai Chi Hero,WGUSA,35100.0,347000.0,2013,,,,,,
At Any Price,SPC,381000.0,,2013,,,,,,
Shootout at Wadala,Eros,370000.0,,2013,,,,,,
Gori Tere Pyaar Mein,Relbig.,342000.0,,2013,,,,,,
Adore,EXCL,319000.0,,2013,,,,,,
A Bottle in the Gaza Sea,FM,5900.0,306000.0,2013,,,,,,
Go Goa Gone,Eros,298000.0,,2013,,,,,,
Blancanieves,Cohen,280000.0,,2013,,,,,,
Himmatwala,UTV,271000.0,,2013,,,,,,
Great Expectations (2013),MSF,259000.0,,2013,,,,,,
The Silence,MBox,100000.0,132000.0,2013,,,,,,
Singh Saab The Great,Eros,226000.0,,2013,,,,,,
ABCD (Any Body Can Dance),UTV,222000.0,9915136.0,2013,11.0,"Feb 8, 2013",ABCD (Any Body Can Dance),1900000.0,222098.0,10137234.0
Arthur Newman,Cdgm.,208000.0,,2013,,,,,,
Ghanchakkar,UTV,203000.0,,2013,,,,,,
Midnight's Children,P/108,190000.0,,2013,,,,,,
R... Rajkumar,Eros,167000.0,,2013,,,,,,
We Steal Secrets: The Story of Wikileaks,FCW,166000.0,,2013,,,,,,
The Patience Stone,SPC,149000.0,,2013,,,,,,
Rangeelay,Eros,148000.0,,2013,,,,,,
Drug War,Vari.,128000.0,,2013,,,,,,
Beyond the Hills,IFC,125000.0,,2013,,,,,,
Storm Surfers 3D,XL,117000.0,,2013,,,,,,
Yossi,Strand,117000.0,,2013,,,,,,
Spinning Plates,TFA,112000.0,,2013,,,,,,
Ek Thi Daayan,Eros,112000.0,,2013,,,,,,
The English Teacher,Cdgm.,105000.0,,2013,,,,,,
Man of Tai Chi,RTWC,100000.0,,2013,,,,,,
Passion,EOne,92200.0,,2013,,,,,,
Byzantium,IFC,89200.0,,2013,,,,,,
The Rooftop,WGUSA,85800.0,,2013,,,,,,
We Are What We Are,EOne,81400.0,,2013,,,,,,
Stuck in Love,MNE,81100.0,,2013,,,,,,
More Than Honey,KL,79800.0,,2013,,,,,,
Caesar Must Die,AF,76900.0,,2013,,,,,,
Leviathan (2013),CGld,76200.0,,2013,,,,,,
No One Lives,Anch.,74900.0,,2013,,,,,,
War Witch,Trib.,70500.0,,2013,,,,,,
The Pervert's Guide to Ideology,Zeit.,68000.0,,2013,,,,,,
My Lucky Star,CL,64400.0,,2013,,,,,,
Becoming Traviata,Distrib.,62700.0,,2013,,,,,,
Sightseers,IFC,61800.0,,2013,,,,,,
The Canyons,IFC,56800.0,2704.0,2013,84.0,"Aug 2, 2013",The Canyons,250000.0,59671.0,62375.0
Table No. 21,Eros,46700.0,,2013,,,,,,
Wish You Were Here (2013),EOne,46300.0,,2013,,,,,,
A Glimpse Inside the Mind of Charles Swan III,A24,45400.0,,2013,,,,,,
The We and the I,P/108,42200.0,,2013,,,,,,
Killing Season,MNE,39900.0,,2013,,,,,,
Post Tenebras Lux,Strand,39200.0,,2013,,,,,,
Rising From Ashes,FRun,38600.0,,2013,,,,,,
Berberian Sound Studio,IFC,38500.0,,2013,,,,,,
Ip Man: The Final Fight,WGUSA,37900.0,,2013,,,,,,
Redemption (2013),RAtt.,36900.0,,2013,,,,,,
Camille Claudel 1915,KL,35300.0,,2013,,,,,,
Bastards,IFC,24500.0,,2013,,,,,,
Paradise: Love,Strand,24300.0,,2013,,,,,,
Our Children,Distrib.,23200.0,,2013,,,,,,
V/H/S/2,Magn.,21800.0,,2013,,,,,,
The Look of Love,IFC,21300.0,,2013,,,,,,
The Painting (2013),GK,21000.0,,2013,,,,,,
Terraferma,Cohen,20000.0,,2013,,,,,,
Love and Honor (2013),IFC,19700.0,,2013,,,,,,
Nostalghia,KL,18800.0,,2013,,,,,,
Casting By,SD,18200.0,,2013,,,,,,
Violet & Daisy,Cdgm.,17200.0,,2013,,,,,,
Jayne Mansfield's Car,Anch.,14800.0,,2013,,,,,,
A Wedding Invitation,CJ,14400.0,,2013,,,,,,
Red Obsession,A23,13200.0,,2013,,,,,,
The Selfish Giant,IFC,12200.0,,2013,,,,,,
Charlie Countryman,MNE,11700.0,,2013,,,,,,
Just Like a Woman,Cohen,11400.0,,2013,,,,,,
So Young,CL,11200.0,,2013,,,,,,
In the Name Of,FM,9900.0,,2013,,,,,,
InchAllah (U.S. only),EOne,9800.0,,2013,,,,,,
Welcome to the Punch,IFC,9700.0,,2013,,,,,,
Clandestine Childhood,IFC,9000.0,,2013,,,,,,
Argento's Dracula 3D,IFC,8100.0,,2013,,,,,,
Finding Mr. Right,CL,6900.0,,2013,,,,,,
Paradise: Hope,Strand,6700.0,,2013,,,,,,
Paradise: Faith,Strand,6500.0,,2013,,,,,,
The Guillotines,WGUSA,5300.0,,2013,,,,,,
The Stroller Strategy,Rialto,3500.0,,2013,,,,,,
What Richard Did,Trib.,2700.0,,2013,,,,,,
Caught in the Web,Vita.,1100.0,,2013,,,,,,
I Spit on Your Grave 2,Anch.,800.0,,2013,,,,,,
Into the White,Magn.,700.0,,2013,,,,,,
Storage 24,Magn.,100.0,,2013,,,,,,
Transformers: Age of Extinction,Par.,245400000.0,858600000.0,2014,37.0,"Jun 27, 2014",Transformers: Age of Extinction,210000000.0,245439076.0,1104039076.0
The Hobbit: The Battle of the Five Armies,WB (NL),255100000.0,700900000.0,2014,22.0,"Dec 17, 2014",The Hobbit: The Battle of the Five Armies,250000000.0,255119788.0,945577621.0
Guardians of the Galaxy,BV,333200000.0,440200000.0,2014,14.0,"Aug 1, 2014",Guardians of the Galaxy,170000000.0,333172112.0,770867516.0
Maleficent,BV,241400000.0,517100000.0,2014,84.0,"May 30, 2014",Maleficent,180000000.0,241407328.0,758536735.0
The Hunger Games: Mockingjay - Part 1,LGF,337100000.0,418200000.0,2014,62.0,"Nov 21, 2014",The Hunger Games: Mockingjay - Part 1,125000000.0,337135885.0,766575131.0
X-Men: Days of Future Past,Fox,233900000.0,513900000.0,2014,55.0,"May 23, 2014",X-Men: Days of Future Past,200000000.0,233921534.0,747862775.0
Captain America: The Winter Soldier,BV,259800000.0,454500000.0,2014,16.0,"Apr 4, 2014",Captain America: The Winter Soldier,170000000.0,259746958.0,714401889.0
Dawn of the Planet of the Apes,Fox,208500000.0,502100000.0,2014,17.0,"Jul 11, 2014",Dawn of the Planet of the Apes,170000000.0,208545589.0,710644566.0
The Amazing Spider-Man 2,Sony,202900000.0,506100000.0,2014,56.0,"May 2, 2014",The Amazing Spider-Man 2,200000000.0,202853933.0,708996336.0
Interstellar,Par.,188000000.0,489400000.0,2014,32.0,"Nov 5, 2014",Interstellar,165000000.0,188017894.0,666379375.0
Big Hero 6,BV,222500000.0,435300000.0,2014,29.0,"Nov 7, 2014",Big Hero 6,165000000.0,222527828.0,652127828.0
How to Train Your Dragon 2,Fox,177000000.0,444500000.0,2014,99.0,"Jun 13, 2014",How to Train Your Dragon 2,145000000.0,177002924.0,614586270.0
American Sniper,WB,350100000.0,197300000.0,2014,57.0,"Dec 25, 2014",American Sniper,58000000.0,350126372.0,547326372.0
Godzilla (2014),WB,200700000.0,328400000.0,2014,,,,,,
Rio 2,Fox,131500000.0,368600000.0,2014,49.0,"Apr 11, 2014",Rio 2,130000000.0,131538435.0,492846291.0
Teenage Mutant Ninja Turtles (2014),Par.,191200000.0,302100000.0,2014,,,,,,
The LEGO Movie,WB,257800000.0,211400000.0,2014,44.0,"Feb 7, 2014",The Lego Movie,60000000.0,257784718.0,457729388.0
Lucy,Uni.,126700000.0,336700000.0,2014,83.0,"Jul 25, 2014",Lucy,40000000.0,126573960.0,457507776.0
Penguins of Madagascar,Fox,83400000.0,289700000.0,2014,37.0,"Nov 26, 2014",Penguins of Madagascar,132000000.0,83350911.0,366942531.0
Edge of Tomorrow,WB,100200000.0,270300000.0,2014,95.0,"Jun 6, 2014",Edge of Tomorrow,178000000.0,100206256.0,370541256.0
Gone Girl,Fox,167800000.0,201600000.0,2014,36.0,"Oct 3, 2014",Gone Girl,61000000.0,167767189.0,368567189.0
Night at the Museum: Secret of the Tomb,Fox,113700000.0,249500000.0,2014,60.0,"Dec 19, 2014",Night at the Museum: Secret of the Tomb,127000000.0,113746621.0,353756621.0
Noah,Par.,101200000.0,261399999.0,2014,51.0,"Mar 28, 2014",Noah,130000000.0,101200044.0,352831065.0
The Maze Runner,Fox,102400000.0,245900000.0,2014,60.0,"Sep 19, 2014",The Maze Runner,34000000.0,102427862.0,348319861.0
300: Rise of An Empire,WB,106600000.0,231000000.0,2014,26.0,"Mar 7, 2014",300: Rise of an Empire,110000000.0,106580051.0,330780051.0
22 Jump Street,Sony,191700000.0,139600000.0,2014,85.0,"Jun 13, 2014",22 Jump Street,50000000.0,191719337.0,331333876.0
The Fault in our Stars,Fox,124900000.0,182300000.0,2014,43.0,"Jun 6, 2014",The Fault in Our Stars,12000000.0,124872350.0,307166834.0
Divergent,LG/S,150900000.0,137900000.0,2014,95.0,"Mar 21, 2014",Divergent,85000000.0,150947895.0,276014965.0
Mr. Peabody & Sherman,Fox,111500000.0,164200000.0,2014,1.0,"Mar 7, 2014",Mr. Peabody & Sherman,145000000.0,111506430.0,269806430.0
Neighbors,Uni.,150200000.0,120500000.0,2014,64.0,"May 9, 2014",Neighbors,18000000.0,150086800.0,270944428.0
Exodus: Gods and Kings,Fox,65000000.0,203200000.0,2014,16.0,"Dec 12, 2014",Exodus: Gods and Kings,140000000.0,65014513.0,268314513.0
Annabelle,WB (NL),84300000.0,172800000.0,2014,84.0,"Oct 3, 2014",Annabelle,6500000.0,84273813.0,256862920.0
Hercules (2014),Par.,72700000.0,172100000.0,2014,,,,,,
RoboCop (2014),Sony,58600000.0,184100000.0,2014,,,,,,
The Imitation Game,Wein.,91100000.0,142400000.0,2014,6.0,"Nov 28, 2014",The Imitation Game,15000000.0,91125143.0,227740463.0
Non-Stop,Uni.,92200000.0,130600000.0,2014,2.0,"Feb 28, 2014",Non-Stop,50000000.0,91742160.0,222383055.0
Dracula Untold,Uni.,56300000.0,160800000.0,2014,21.0,"Oct 10, 2014",Dracula Untold,70000000.0,55991880.0,220241723.0
The Expendables 3,LGF,39300000.0,175300000.0,2014,96.0,"Aug 15, 2014",The Expendables 3,100000000.0,39322544.0,209461378.0
Into the Woods,BV,128000000.0,85100000.0,2014,77.0,"Dec 25, 2014",Into the Woods,56200000.0,128002372.0,213116401.0
Fury (2014),Sony,85800000.0,126000000.0,2014,,,,,,
Journey to the West,Magn.,18100.0,205600000.0,2014,,,,,,
Need for Speed,BV,43600000.0,159700000.0,2014,70.0,"Mar 14, 2014",Need for Speed,66000000.0,43568507.0,194169619.0
The Other Woman (2014),Fox,83900000.0,112800000.0,2014,,,,,,
The Equalizer,Sony,101500000.0,90800000.0,2014,96.0,"Sep 26, 2014",The Equalizer,55000000.0,101530738.0,192903624.0
Breakup Buddies,CL,778000.0,188200000.0,2014,,,,,,
The Grand Budapest Hotel,FoxS,59300000.0,115500000.0,2014,27.0,"Mar 7, 2014",The Grand Budapest Hotel,31000000.0,59076019.0,163981261.0
Dumb and Dumber To,Uni.,86200000.0,83600000.0,2014,1.0,"Nov 14, 2014",Dumb and Dumber To,40000000.0,86208010.0,156553592.0
Unbroken,Uni.,115600000.0,47800000.0,2014,82.0,"Dec 25, 2014",Unbroken,65000000.0,115637895.0,163527824.0
Into The Storm,WB (NL),47600000.0,114100000.0,2014,40.0,"Aug 8, 2014",Into the Storm,50000000.0,47602194.0,150429371.0
The Monuments Men,Sony,78000000.0,77000000.0,2014,14.0,"Feb 7, 2014",The Monuments Men,70000000.0,78031620.0,158702748.0
Ride Along,Uni.,134900000.0,19500000.0,2014,67.0,"Jan 17, 2014",Ride Along,25000000.0,134202565.0,153733800.0
Planes: Fire & Rescue,BV,59200000.0,92200000.0,2014,,,,,,
Let's Be Cops,Fox,82400000.0,55800000.0,2014,,,,,,
Jack Ryan: Shadow Recruit,Par.,50600000.0,84900000.0,2014,97.0,"Jan 17, 2014",Jack Ryan: Shadow Recruit,60000000.0,50577412.0,131377412.0
Annie (2014),Sony,85900000.0,47900000.0,2014,,,,,,
Blended,WB,46300000.0,81700000.0,2014,90.0,"May 23, 2014",Blended,45000000.0,46290741.0,127990741.0
Sex Tape,Sony,38500000.0,87500000.0,2014,54.0,"Jul 18, 2014",Sex Tape,40000000.0,38543473.0,126069509.0
The Theory of Everything,Focus,35900000.0,87800000.0,2014,35.0,"Nov 7, 2014",The Theory of Everything,15000000.0,35893537.0,123327692.0
The Nut Job,ORF,64300000.0,56600000.0,2014,72.0,"Jan 17, 2014",The Nut Job,30000000.0,64251538.0,122529966.0
The Wind Rises,BV,5200000.0,112700000.0,2014,,,,,,
Pompeii,TriS,23200000.0,94600000.0,2014,97.0,"Feb 21, 2014",Pompeii,80000000.0,23169033.0,108469033.0
The Admiral: Roaring Currents,CJ,2600000.0,109600000.0,2014,,,,,,
The Purge: Anarchy,Uni.,72000000.0,40000000.0,2014,71.0,"Jul 18, 2014",The Purge: Anarchy,9000000.0,71562550.0,111534881.0
The Boxtrolls,Focus,50800000.0,58400000.0,2014,94.0,"Sep 26, 2014",The Boxtrolls,60000000.0,50837305.0,111946251.0
Horrible Bosses 2,WB,54400000.0,53200000.0,2014,31.0,"Nov 26, 2014",Horrible Bosses 2,40000000.0,54445357.0,105945357.0
Ouija,Uni.,50900000.0,52700000.0,2014,60.0,"Oct 24, 2014",Ouija,5000000.0,50856010.0,103300632.0
Birdman,FoxS,42300000.0,60900000.0,2014,,,,,,
Transcendence,WB,23000000.0,80000000.0,2014,2.0,"Apr 18, 2014",Transcendence,100000000.0,23022309.0,103039258.0
"Alexander and the Terrible, Horrible, No Good, Very Bad Day",BV,67000000.0,34400000.0,2014,44.0,"Oct 10, 2014","Alexander and the Terrible, Horrible, No Good, Very Bad Day",28000000.0,66954149.0,101379287.0
Heaven is for Real,TriS,91400000.0,9900000.0,2014,46.0,"Apr 16, 2014",Heaven is for Real,12000000.0,91386097.0,100916299.0
Tammy,WB (NL),84500000.0,16000000.0,2014,3.0,"Jul 2, 2014",Tammy,20000000.0,84525432.0,96407655.0
P.K.,UTV,10600000.0,89800000.0,2014,,,,,,
The Book of Life (2014),Fox,50200000.0,49600000.0,2014,,,,,,
Paranormal Activity: The Marked Ones,Par.,32500000.0,58400000.0,2014,70.0,"Jan 3, 2014",Paranormal Activity: The Marked Ones,5000000.0,32462372.0,90904854.0
The Hundred-Foot Journey,BV,54200000.0,34600000.0,2014,13.0,"Aug 8, 2014",The Hundred-Foot Journey,22000000.0,54235441.0,94270488.0
John Wick,LG/S,43000000.0,45700000.0,2014,6.0,"Oct 24, 2014",John Wick,30000000.0,43037835.0,76235001.0
Deliver Us From Evil,SGem,30600000.0,57400000.0,2014,34.0,"Jul 2, 2014",Deliver Us from Evil,30000000.0,30577122.0,87956618.0
A Million Ways to Die in the West,Uni.,43100000.0,44100000.0,2014,48.0,"May 30, 2014",A Million Ways to Die in The West,40000000.0,42720965.0,86778557.0
Snowpiercer,RTWC,4600000.0,82200000.0,2014,27.0,"Jun 27, 2014",Snowpiercer,40000000.0,4563029.0,88069880.0
Step Up All In,LG/S,14900000.0,71300000.0,2014,,,,,,
The Judge,WB,47100000.0,37300000.0,2014,41.0,"Oct 10, 2014",The Judge,50000000.0,47119388.0,76119388.0
Muppets Most Wanted,BV,51200000.0,29200000.0,2014,20.0,"Mar 21, 2014",Muppets Most Wanted,55000000.0,51178893.0,79312301.0
If I Stay,WB (NL),50500000.0,28400000.0,2014,73.0,"Aug 22, 2014",If I Stay,11000000.0,50474843.0,78356170.0
"I, Frankenstein",LGF,19100000.0,52100000.0,2014,14.0,"Jan 24, 2014","I, Frankenstein",65000000.0,19075290.0,74575290.0
The Attorney,WGUSA,557000.0,70000000.0,2014,,,,,,
Think Like a Man Too,SGem,65200000.0,5000000.0,2014,36.0,"Jun 20, 2014",Think Like a Man Too,24000000.0,65028687.0,70027933.0
Brick Mansions,Rela.,20400000.0,48500000.0,2014,69.0,"Apr 25, 2014",Brick Mansions,28000000.0,20396829.0,73421224.0
Stalingrad (2014),Sony,1000000.0,67099999.0,2014,,,,,,
Son of God,Fox,59700000.0,8100000.0,2014,11.0,"Feb 28, 2014",Son of God,22000000.0,59700064.0,70949793.0
Jersey Boys,WB,47000000.0,20600000.0,2014,43.0,"Jun 20, 2014",Jersey Boys,40000000.0,47047013.0,65282732.0
The Giver,Wein.,45100000.0,21900000.0,2014,2.0,"Aug 15, 2014",The Giver,25000000.0,45090374.0,66540205.0
Selma,Par.,52100000.0,14700000.0,2014,,,,,,
God's Not Dead,Free,60800000.0,3900000.0,2014,,,,,,
Thunder and the House of Magic!,Shout!,4100.0,64200000.0,2014,68.0,"Sep 5, 2014",Thunder and the House of Magic,34000000.0,4091.0,62582520.0
Begin Again,Wein.,16200000.0,47300000.0,2014,91.0,"Jun 27, 2014",Begin Again,8000000.0,16170632.0,68838736.0
The Legend of Hercules,LG/S,18800000.0,42400000.0,2014,42.0,"Jan 10, 2014",The Legend of Hercules,70000000.0,18848538.0,58953319.0
Evangelion: 3.0 You Can (Not) Redo,Elev.,175000.0,60300000.0,2014,,,,,,
Dolphin Tale 2,WB,42000000.0,15800000.0,2014,12.0,"Sep 12, 2014",Dolphin Tale 2,36000000.0,42024533.0,57824533.0
St. Vincent,Wein.,44100000.0,10700000.0,2014,61.0,"Oct 10, 2014",St. Vincent,13000000.0,44137712.0,54837234.0
No Good Deed (2014),SGem,52500000.0,1800000.0,2014,,,,,,
A Walk Among the Tombstones,Uni.,26300000.0,26900000.0,2014,67.0,"Sep 19, 2014",A Walk Among the Tombstones,28000000.0,26017685.0,62108587.0
3 Days to Kill,Rela.,30700000.0,21900000.0,2014,64.0,"Feb 21, 2014",3 Days to Kill,28000000.0,30697999.0,38959900.0
Wild (2014),FoxS,37900000.0,14600000.0,2014,,,,,,
Magic in the Moonlight,SPC,10500000.0,40500000.0,2014,,,,,,
Dragon Ball Z: Battle of Gods,SV,2600000.0,47800000.0,2014,,,,,,
About Last Night (2014),SGem,48600000.0,365000.0,2014,,,,,,
Whiplash,SPC,13100000.0,35900000.0,2014,43.0,"Oct 10, 2014",Whiplash,3300000.0,13092006.0,38969037.0
Chef,ORF,31400000.0,14500000.0,2014,,,,,,
Earth to Echo,Rela.,38900000.0,6400000.0,2014,62.0,"Jul 2, 2014",Earth to Echo,13000000.0,38934842.0,42174545.0
Boyhood,IFC,25400000.0,19100000.0,2014,85.0,"Jul 11, 2014",Boyhood,4000000.0,25379975.0,57273049.0
Oculus,Rela.,27700000.0,16300000.0,2014,72.0,"Apr 11, 2014",Oculus,5000000.0,27695246.0,44115496.0
Bang Bang,FIP,2500000.0,39500000.0,2014,,,,,,
As Above/So Below,Uni.,21300000.0,20600000.0,2014,,,,,,
This is Where I Leave You,WB,34300000.0,7000000.0,2014,57.0,"Sep 19, 2014",This is Where I Leave You,20000000.0,34296320.0,41296320.0
That Awkward Moment,Focus,26100000.0,14400000.0,2014,78.0,"Jan 31, 2014",That Awkward Moment,8000000.0,26068955.0,53068955.0
Frank Miller's Sin City: A Dame to Kill For,W/Dim.,13800000.0,25600000.0,2014,,,,,,
The Gambler,Par.,33700000.0,5600000.0,2014,25.0,"Dec 10, 2014",The Gambler,25000000.0,33680992.0,38718031.0
Million Dollar Arm,BV,36500000.0,2800000.0,2014,17.0,"May 16, 2014",Million Dollar Arm,25000000.0,36447959.0,39217912.0
Nightcrawler,ORF,32400000.0,6300000.0,2014,34.0,"Oct 31, 2014",Nightcrawler,8500000.0,32381218.0,50334418.0
Devil's Due,Fox,15800000.0,21100000.0,2014,14.0,"Jan 17, 2014",Devil's Due,7000000.0,15821461.0,36146087.0
A Most Wanted Man,RAtt.,17200000.0,19000000.0,2014,76.0,"Jul 25, 2014",A Most Wanted Man,15000000.0,17237855.0,36068890.0
The Best of Me,Rela.,26800000.0,9200000.0,2014,42.0,"Oct 17, 2014",The Best of Me,26000000.0,26766213.0,41059418.0
Endless Love (2014),Uni.,23400000.0,11300000.0,2014,,,,,,
Get On Up,Uni.,30700000.0,2700000.0,2014,35.0,"Aug 1, 2014",Get on Up,30000000.0,30569935.0,33339868.0
The November Man,Rela.,25000000.0,7500000.0,2014,61.0,"Aug 27, 2014",The November Man,15000000.0,25018119.0,34820335.0
The Pirates,WGUSA,416000.0,32100000.0,2014,,,,,,
Winter's Tale,WB,12600000.0,18500000.0,2014,,,,,,
When the Game Stands Tall,TriS,30100000.0,10949.0,2014,50.0,"Aug 22, 2014",When the Game Stands Tall,15000000.0,30127963.0,30138912.0
Draft Day,LG/S,28800000.0,620000.0,2014,36.0,"Apr 11, 2014",Draft Day,25000000.0,28842237.0,29847480.0
Big Eyes,Wein.,14500000.0,14800000.0,2014,23.0,"Dec 25, 2014",Big Eyes,10000000.0,14482031.0,27317872.0
The Divine Move,CJ,137000.0,27800000.0,2014,,,,,,
Top Five,Par.,25300000.0,800000.0,2014,80.0,"Dec 12, 2014",Top Five,12000000.0,25317379.0,26001741.0
Iceman (2014),WGUSA,7700.0,26000000.0,2014,,,,,,
And So It Goes,CE,15200000.0,10200000.0,2014,14.0,"Jul 25, 2014",And So It Goes,18000000.0,15160801.0,17920013.0
On the Other Side of the Tracks,Wein.,9600.0,25100000.0,2014,,,,,,
The Players,Wein.,10900.0,24600000.0,2014,,,,,,
The Tale of The Princess Kaguya,GK,703000.0,23500000.0,2014,,,,,,
A Haunted House 2,ORF,17300000.0,6600000.0,2014,89.0,"Apr 18, 2014",A Haunted House 2,4000000.0,17329487.0,21206861.0
The Railway Man,Wein.,4400000.0,17900000.0,2014,33.0,"Apr 11, 2014",The Railway Man,18000000.0,4438438.0,23910210.0
Mr. Turner,SPC,4000000.0,18200000.0,2014,18.0,"Dec 19, 2014",Mr. Turner,14000000.0,3958546.0,25187026.0
The Suspect (2014),WGUSA,219000.0,21400000.0,2014,,,,,,
Bears,BV,17800000.0,3500000.0,2014,,,,,,
Yves Saint Laurent,Wein.,724000.0,20300000.0,2014,,,,,,
Labor Day,Par.,13400000.0,6900000.0,2014,19.0,"Jan 31, 2014",Labor Day,18000000.0,13371528.0,14189810.0
"Like Father, Like Son (2014)",IFC,335000.0,19600000.0,2014,,,,,,
Left Behind (2014),Free,14000000.0,5700000.0,2014,,,,,,
Legends of Oz: Dorothy's Return,CE,8500000.0,10200000.0,2014,,,,,,
The Drop,FoxS,10700000.0,7900000.0,2014,16.0,"Sep 12, 2014",The Drop,12600000.0,10724389.0,19054534.0
The Quiet Ones,LGF,8500000.0,9300000.0,2014,,,,,,
Sabotage (2014),ORF,10500000.0,7000000.0,2014,,,,,,
Addicted,LGF,17400000.0,108472.0,2014,96.0,"Oct 10, 2014",Addicted,5000000.0,17390770.0,17499242.0
Road to Ninja - Naruto the Movie,Elev.,43200.0,17300000.0,2014,,,,,,
Calvary,FoxS,3600000.0,13300000.0,2014,,,,,,
The Pyramid,Fox,2800000.0,14100000.0,2014,,,,,,
Tyler Perry's The Single Moms Club,LGF,16000000.0,364000.0,2014,,,,,,
Beyond Outrage,Magn.,3900.0,16200000.0,2014,,,,,,
Before I Go To Sleep,CE,3200000.0,12200000.0,2014,49.0,"Oct 31, 2014",Before I Go to Sleep,22000000.0,3242457.0,19563579.0
Vampire Academy,Wein.,7800000.0,7600000.0,2014,,,,,,
Inherent Vice,WB,8100000.0,6600000.0,2014,56.0,"Dec 12, 2014",Inherent Vice,20000000.0,8110975.0,14772346.0
Island of Lemurs: Madagascar (IMAX),WB,11300000.0,2800000.0,2014,,,,,,
The Two Faces of January,Magn.,507000.0,13000000.0,2014,,,,,,
Fading Gigolo,MNE,3800000.0,9600000.0,2014,,,,,,
Foxcatcher,SPC,12100000.0,,2014,,,,,,
A Most Violent Year,A24,5700000.0,6300000.0,2014,68.0,"Dec 31, 2014",A Most Violent Year,20000000.0,5749134.0,8846875.0
The Interview (2014),Sony,6100000.0,5200000.0,2014,,,,,,
One Chance,Wein.,101000.0,10800000.0,2014,,,,,,
Bicycling with Moliere,Strand,59900.0,10700000.0,2014,,,,,,
Belle,FoxS,10700000.0,,2014,,,,,,
Wetlands,Strand,59500.0,10500000.0,2014,,,,,,
Moms' Night Out,TriS,10400000.0,,2014,,,,,,
The Babadook,IFC,964000.0,9300000.0,2014,41.0,"Nov 28, 2014",The Babadook,2000000.0,950792.0,7482387.0
Nymphomaniac: Volume I,Magn.,786000.0,9500000.0,2014,,,,,,
Gladiators of Rome,VPD,8200.0,10100000.0,2014,,,,,,
Mood Indigo,Drft.,303000.0,9500000.0,2014,,,,,,
Alan Partridge: The Movie,Magn.,153000.0,9600000.0,2014,,,,,,
Venus in Fur,IFC,374000.0,8000000.0,2014,,,,,,
Filth,Magn.,34400.0,8300000.0,2014,,,,,,
What If (2014),CBS,3500000.0,4400000.0,2014,,,,,,
Finding Fanny,FIP,616000.0,7100000.0,2014,,,,,,
Pride (2014),CBS,1400000.0,6100000.0,2014,,,,,,
Chinese Puzzle,Cohen,339000.0,7100000.0,2014,,,,,,
A Long Way Down,Magn.,13300.0,7200000.0,2014,,,,,,
Jessabelle,LGF,,7000000.0,2014,,,,,,
"Two Days, One Night",IFC,1400000.0,5400000.0,2014,,,,,,
A Letter to Momo,GK,71700.0,6700000.0,2014,,,,,,
Cantinflas,LGF,6400000.0,,2014,,,,,,
Le Chef,Cohen,343000.0,5900000.0,2014,,,,,,
Mas Negro Que La Noche,LGF,870000.0,5200000.0,2014,,,,,,
French Gigolo (Cliente),IFC,3000.0,6000000.0,2014,,,,,,
The Trip to Italy,IFC,2900000.0,3000000.0,2014,,,,,,
The Immigrant,Wein.,2000000.0,3800000.0,2014,72.0,"May 16, 2014",The Immigrant,16000000.0,2013456.0,7585011.0
Wish I Was Here,Focus,3600000.0,1900000.0,2014,61.0,"Jul 18, 2014",Wish I Was Here,6000000.0,3591299.0,6591365.0
Under the Skin (2014),A24,2600000.0,2800000.0,2014,,,,,,
The Skeleton Twins,RAtt.,5300000.0,512883.0,2014,36.0,"Sep 12, 2014",The Skeleton Twins,1000000.0,5284309.0,5797192.0
The French Minister,IFC,12000.0,5100000.0,2014,,,,,,
Ernest & Celestine,GK,262000.0,4800000.0,2014,,,,,,
Tracks (2014),Wein.,510000.0,4400000.0,2014,,,,,,
The Love Punch,KE,267000.0,4500000.0,2014,,,,,,
Dear White People,RAtt.,4400000.0,999617.0,2014,51.0,"Oct 17, 2014",Dear White People,1250000.0,4404154.0,5403771.0
The Lunchbox,SPC,4200000.0,8000000.0,2014,42.0,"Feb 28, 2014",The Lunchbox,1700000.0,4231500.0,12231500.0
My Old Lady,Cohen,4000000.0,,2014,,,,,,
Diplomacy,Zeit.,231000.0,3700000.0,2014,,,,,,
Horns,RTWC,174000.0,3700000.0,2014,,,,,,
Ida,MBox,3800000.0,11471295.0,2014,3.0,"May 2, 2014",Ida,2600000.0,3827060.0,15298355.0
14 Blades,RTWC,,3800000.0,2014,,,,,,
Ragnarok,Magn.,1400.0,3700000.0,2014,,,,,,
Veronica Mars,WB,3300000.0,195000.0,2014,63.0,"Mar 14, 2014",Veronica Mars,6000000.0,3322127.0,3485383.0
Mommy,RAtt.,3500000.0,,2014,,,,,,
Jack and the Cuckoo-Clock Heart,Shout!,,3400000.0,2014,,,,,,
The Grand Seduction,EOne,3400000.0,,2014,,,,,,
Enemy,A24,1000000.0,2400000.0,2014,,,,,,
Words and Pictures,RAtt.,2200000.0,1200000.0,2014,,,,,,
The Protector 2,Magn.,2500.0,3300000.0,2014,,,,,,
The Rover,A24,1100000.0,2100000.0,2014,47.0,"Jun 13, 2014",The Rover,8500000.0,1109199.0,3180252.0
The Mystery of Happiness,Strand,8500.0,3200000.0,2014,,,,,,
Rosewater,ORF,3100000.0,56776.0,2014,74.0,"Nov 14, 2014",Rosewater,10000000.0,3128941.0,3185717.0
Obvious Child,A24,3100000.0,201454.0,2014,41.0,"Jun 6, 2014",Obvious Child,1000000.0,3122616.0,3324070.0
The German Doctor,Gold.,418000.0,2600000.0,2014,,,,,,
Citizenfour,RTWC,2800000.0,202000.0,2014,,,,,,
A Coffee in Berlin,MBox,150000.0,2600000.0,2014,,,,,,
The Good Lie,WB,2700000.0,,2014,,,,,,
The Raid 2,SPC,2600000.0,,2014,,,,,,
Living is Easy with Eyes Closed,Outs,11600.0,2600000.0,2014,,,,,,
A Five Star Life,MBox,307000.0,2200000.0,2014,,,,,,
Kick,UTV,2500000.0,,2014,,,,,,
Kill the Messenger,Focus,2500000.0,4205859.0,2014,51.0,"Oct 10, 2014",Kill the Messenger,5000000.0,2450846.0,6656705.0
The Homesman,Saban,2400000.0,5787582.0,2014,70.0,"Nov 14, 2014",The Homesman,16000000.0,2429989.0,8217571.0
Blood Ties (2014),RAtt.,42500.0,2400000.0,2014,,,,,,
The Guest (2014),PH,333000.0,2000000.0,2014,,,,,,
Life of Riley,KL,11600.0,2300000.0,2014,,,,,,
Ode to My Father,CJ,2300000.0,,2014,,,,,,
Love is Strange,SPC,2300000.0,,2014,,,,,,
Marius,KL,9800.0,2200000.0,2014,,,,,,
"Men, Women & Children",Par.,706000.0,1500000.0,2014,,,,,,
2 States,UTV,2200000.0,,2014,,,,,,
Nymphomaniac: Volume II,Magn.,327000.0,1900000.0,2014,,,,,,
Le Week-End,MBox,2200000.0,,2014,,,,,,
Gloria (2014),RAtt.,2100000.0,,2014,,,,,,
"20,000 Days on Earth",Drft.,280000.0,1800000.0,2014,,,,,,
Only Lovers Left Alive,SPC,1900000.0,,2014,,,,,,
Tusk,A24,1800000.0,65571.0,2014,28.0,"Sep 19, 2014",Tusk,3000000.0,1821983.0,1887554.0
Awake: The Life of Yogananda,CF&SR,1500000.0,,2014,,,,,,
Fed Up,RTWC,1500000.0,,2014,,,,,,
Finding Vivian Maier,IFC,1500000.0,,2014,,,,,,
Make Your Move,HTR,125000.0,1300000.0,2014,,,,,,
Bright Days Ahead,Trib.,21800.0,1400000.0,2014,,,,,,
Locke,A24,1400000.0,717744.0,2014,37.0,"Apr 25, 2014",Locke,2000000.0,1370646.0,2088390.0
Force Majeure,Magn.,1400000.0,,2014,,,,,,
Postman Pat: The Movie,Shout!,1500.0,1300000.0,2014,,,,,,
Just a Sigh,Distrib.,75500.0,1200000.0,2014,,,,,,
Jai Ho,Eros,1300000.0,,2014,,,,,,
For a Woman,FM,32299.0,1200000.0,2014,,,,,,
Singham Returns,Eros,1200000.0,,2014,,,,,,
Why Don't You Play in Hell,Drft.,28500.0,1200000.0,2014,,,,,,
The Remaining,Triu,1200000.0,,2014,,,,,,
The Way He Looks,Strand,101000.0,1100000.0,2014,,,,,,
Ilo Ilo,FM,56800.0,1100000.0,2014,,,,,,
Hector And The Search For Happiness,Rela.,1100000.0,,2014,,,,,,
Leviathan (2014),SPC,1100000.0,,2014,,,,,,
The Captive,A24,1100000.0,,2014,,,,,,
Laggies,A24,1100000.0,,2014,,,,,,
Jackpot,DR,800.0,1100000.0,2014,,,,,,
Lila Lila,Crnth,,1100000.0,2014,,,,,,
Haider,UTV,1000000.0,,2014,,,,,,
Third Person,SPC,1000000.0,,2014,,,,,,
Borgman,Drft.,57500.0,952000.0,2014,,,,,,
The Disappearance of Eleanor Rigby,Wein.,588000.0,397000.0,2014,,,,,,
Shaadi Ke Side Effects,Eros,921000.0,,2014,,,,,,
Song of the Sea,GK,858000.0,,2014,,,,,,
Kochadaiiyaan,Eros,817000.0,,2014,,,,,,
Age of Uprising: The Legend of Michael Kohlhaas (U.S. only),MBox,3300.0,797000.0,2014,,,,,,
The Zero Theorem,Ampl.,258000.0,513000.0,2014,,,,,,
Palo Alto,Trib.,768000.0,388577.0,2014,58.0,"May 9, 2014",Palo Alto,1000000.0,767732.0,1156309.0
Ek Villain,Eros,731000.0,,2014,,,,,,
Khoobsurat,UTV,711000.0,,2014,,,,,,
Holiday (2014),Relbig.,707000.0,,2014,,,,,,
Hasee Toh Phasee,Relbig.,646000.0,,2014,,,,,,
Frank,Magn.,645000.0,,2014,,,,,,
Mary Kom,Eros,621000.0,,2014,,,,,,
The Signal (2014),Focus,601000.0,,2014,,,,,,
Back in Time (Congcong Nanian),CL,569000.0,,2014,,,,,,
Highway (2014),UTV,529000.0,,2014,,,,,,
Dom Hemingway,FoxS,524000.0,1333947.0,2014,52.0,"Apr 2, 2014",Dom Hemingway,7000000.0,523511.0,1857458.0
The One I Love,RTWC,513000.0,,2014,,,,,,
Archipelago,KL,7800.0,492000.0,2014,,,,,,
A Girl Walks Home Alone at Night,KL,492000.0,,2014,,,,,,
The Congress,Drft.,138000.0,318000.0,2014,,,,,,
In Secret,RAtt.,444000.0,,2014,,,,,,
Bjork - Biophilia Live,CP,128000.0,306000.0,2014,,,,,,
But Always (Yi Sheng Yi Shi),CL,431000.0,,2014,,,,,,
Beijing Love Story,CL,428000.0,,2014,,,,,,
Goodbye to Language,KL,390000.0,,2014,,,,,,
Humpty Sharma Ki Dulhania,Relbig.,380000.0,,2014,,,,,,
Women Who Flirt (Sajiao Nvren),CL,375000.0,,2014,,,,,,
Joe (2014),RAtt.,373000.0,,2014,,,,,,
Omar,AF,356000.0,,2014,,,,,,
The Face of Love,IFC,350000.0,773808.0,2014,29.0,"Mar 7, 2014",The Face of Love,4000000.0,385069.0,1158877.0
Jimi: All Is By My Side,XL,341000.0,586163.0,2014,66.0,"Sep 26, 2014",Jimi: All is By My Side,5000000.0,340911.0,927074.0
I Origins,FoxS,336000.0,515927.0,2014,70.0,"Jul 18, 2014",I Origins,1000000.0,336472.0,852399.0
The Last Sentence,MBox,62500.0,265000.0,2014,,,,,,
On My Way,Cohen,317000.0,,2014,,,,,,
Happy Ending,Eros,314000.0,,2014,,,,,,
I Am Eleven,Proud,310000.0,,2014,,,,,,
7 Boxes,BGP,38100.0,267000.0,2014,,,,,,
The Dance of Reality,Abk.,294000.0,,2014,,,,,,
Elsa & Fred (2014),MNE,286000.0,,2014,,,,,,
Main Tera Hero,Eros,275000.0,,2014,,,,,,
Night Moves,Cdgm.,272000.0,,2014,,,,,,
Love on the Cloud (Wei Ai),CL,272000.0,,2014,,,,,,
Life of Crime,RAtt.,265000.0,,2014,,,,,,
The Green Prince,MBox,258000.0,,2014,,,,,,
Action Jackson (2014),Eros,257000.0,,2014,,,,,,
The Blue Room,IFC,255000.0,,2014,,,,,,
Tazza: The Hidden Card,CJ,252000.0,,2014,,,,,,
James Cameron's Deepsea Challenge 3D,DLA,236000.0,,2014,,,,,,
Gabrielle (2014),EOne,5500.0,222000.0,2014,,,,,,
The Breakup Guru,CL,209000.0,,2014,,,,,,
Bethlehem,AF,202000.0,,2014,,,,,,
The Double (2014),Magn.,200000.0,,2014,,,,,,
Listen Up Philip,Trib.,200000.0,,2014,,,,,,
We Are The Best!,Magn.,181000.0,,2014,,,,,,
That Demon Within,CL,172000.0,,2014,,,,,,
God's Pocket,IFC,170000.0,,2014,,,,,,
Unrelated,KL,4500.0,154000.0,2014,,,,,,
The Polar Express (2014 re-issue),WB,139000.0,,2014,,,,,,
May in the Summer,Cohen,22000.0,112000.0,2014,,,,,,
The Jewish Cardinal,FM,134000.0,,2014,,,,,,
Zero Motivation,Zeit.,116000.0,,2014,,,,,,
Life's a Breeze,Magn.,3500.0,99700.0,2014,,,,,,
The Golden Era,CL,103000.0,,2014,,,,,,
God Help the Girl,Ampl.,103000.0,,2014,,,,,,
The Best Offer,IFC,100000.0,,2014,,,,,,
Child's Pose,Zeit.,97200.0,,2014,,,,,,
Cuban Fury,EOne,92400.0,,2014,,,,,,
Girl on a Bicycle,Mont.,91400.0,,2014,,,,,,
Breathe In,Cohen,89700.0,,2014,,,,,,
Life After Beth,A24,88300.0,,2014,,,,,,
Advanced Style,B360,87900.0,,2014,,,,,,
Better Living Through Chemistry,Gold.,75100.0,,2014,,,,,,
For No Good Reason,SPC,67400.0,,2014,,,,,,
The Notebook (2014),SPC,66600.0,,2014,,,,,,
Heropanti,UTV,63600.0,,2014,,,,,,
No Tears for the Dead,CJ,63100.0,,2014,,,,,,
Young and Beautiful,IFC,61100.0,,2014,,,,,,
Siddharth,Zeit.,60500.0,,2014,,,,,,
Walk of Shame,FCW,59200.0,,2014,,,,,,
The Conformist (2014 re-release),KL,58700.0,,2014,,,,,,
Rudderless,Gold.,58300.0,511218.0,2014,78.0,"Oct 17, 2014",Rudderless,5000000.0,56001.0,567219.0
The Rocket (2014),KL,56800.0,,2014,,,,,,
In Bloom,BWP,56100.0,,2014,,,,,,
Starred Up,Trib.,54900.0,,2014,,,,,,
Half of a Yellow Sun,Mont.,54500.0,,2014,,,,,,
Hateship Loveship,IFC,54000.0,,2014,,,,,,
"1,000 Times Good Night",FM,53900.0,,2014,,,,,,
The Missing Picture,Strand,52200.0,,2014,,,,,,
Decoding Annie Parker,EOne,48400.0,,2014,,,,,,
Alphaville (2013 re-release),Rialto,47700.0,,2014,,,,,,
Return to The Hiding Place,SEA,45400.0,,2014,,,,,,
Policeman,Crnth,11300.0,27000.0,2014,,,,,,
White Bird in a Blizzard,Magn.,33800.0,,2014,,,,,,
The Hero of Color City,Magn.,32200.0,,2014,,,,,,
Bird People,IFC,32100.0,,2014,,,,,,
Closed Curtain,Vari.,28100.0,,2014,,,,,,
Lilting,Strand,27100.0,,2014,,,,,,
Adult World,IFC,25400.0,,2014,,,,,,
A Tale of Winter (Conte d'hiver),BWP,23300.0,,2014,,,,,,
The Decent One,KL,21300.0,,2014,,,,,,
Guardian Angel,RME,19500.0,,2014,,,,,,
Tasting Menu,Magn.,18700.0,,2014,,,,,,
Two Night Stand,EOne,18600.0,852481.0,2014,60.0,"Sep 26, 2014",Two Night Stand,1600000.0,15600.0,868081.0
Burning Bush,KL,16700.0,,2014,,,,,,
Horses of God,KL,14800.0,,2014,,,,,,
13 Sins,RTWC,13800.0,38418.0,2014,51.0,"Apr 18, 2014",13 Sins,4000000.0,9134.0,47552.0
Camp X-Ray,IFC,13300.0,91216.0,2014,92.0,"Oct 17, 2014",Camp X-Ray,1000000.0,9837.0,101053.0
Special ID,WGUSA,12700.0,,2014,,,,,,
Wolves,KE,12100.0,94953.0,2014,51.0,"Nov 14, 2014",Wolves,18000000.0,0.0,94953.0
Falcon Rising,Free,11800.0,0.0,2014,54.0,"Sep 4, 2014",Falcon Rising,4500000.0,11774.0,11774.0
You're Not You,EOne,11500.0,,2014,,,,,,
The Amazing Catfish,Strand,11300.0,,2014,,,,,,
Stray Dogs,CGld,10400.0,,2014,,,,,,
Canopy,Mont.,8500.0,,2014,,,,,,
Love is in the Air,FCW,8400.0,,2014,,,,,,
Empty Hours,Strand,8200.0,,2014,,,,,,
Rigor Mortis,WGUSA,7900.0,,2014,,,,,,
The Little Bedroom,CLS,7400.0,,2014,,,,,,
Plot for Peace,,7100.0,,2014,,,,,,
Very Good Girls,WGUSA,6900.0,,2014,,,,,,
Pioneer,Magn.,6900.0,,2014,,,,,,
Life of a King,MNE,6500.0,,2014,,,,,,
The Strange Little Cat,KS,5900.0,,2014,,,,,,
"2 Autumns, 3 Winters",FM,5800.0,,2014,,,,,,
The Devil's Hand,RAtt.,5700.0,,2014,,,,,,
Anna,VE,4300.0,1200000.0,2014,64.0,"Jun 6, 2014",Anna,4357373.0,0.0,1200000.0
Open Windows,Cdgm.,1800.0,,2014,,,,,,
Mr. Pip,Free,1700.0,,2014,,,,,,
Star Wars: The Force Awakens,BV,936700000.0,1131.6,2015,,,,,,
Jurassic World,Uni.,652300000.0,1019.4,2015,34.0,"Jun 12, 2015",Jurassic World,215000000.0,652270625.0,1648854864.0
Furious 7,Uni.,353000000.0,1163.0,2015,67.0,"Apr 3, 2015",Furious 7,190000000.0,353007020.0,1518722794.0
Avengers: Age of Ultron,BV,459000000.0,946400000.0,2015,4.0,"May 1, 2015",Avengers: Age of Ultron,330600000.0,459005868.0,1403013963.0
Minions,Uni.,336000000.0,823400000.0,2015,73.0,"Jul 10, 2015",Minions,74000000.0,336045770.0,1160336173.0
Spectre,Sony,200100000.0,680600000.0,2015,10.0,"Nov 6, 2015",Spectre,300000000.0,200074175.0,879620923.0
Inside Out,BV,356500000.0,501100000.0,2015,98.0,"Jun 19, 2015",Inside Out,175000000.0,356461711.0,854235992.0
Mission: Impossible - Rogue Nation,Par.,195000000.0,487700000.0,2015,,,,,,
The Hunger Games: Mockingjay - Part 2,LGF,281700000.0,371700000.0,2015,39.0,"Nov 20, 2015",The Hunger Games: Mockingjay - Part 2,160000000.0,281723902.0,648986787.0
The Martian,Fox,228400000.0,401700000.0,2015,46.0,"Oct 2, 2015",The Martian,108000000.0,228433663.0,655271443.0
Fifty Shades of Grey,Uni.,166200000.0,404800000.0,2015,78.0,"Feb 13, 2015",Fifty Shades of Grey,40000000.0,166167230.0,570998101.0
Cinderella (2015),BV,201200000.0,342400000.0,2015,,,,,,
The Revenant,Fox,183600000.0,349300000.0,2015,27.0,"Dec 25, 2015",The Revenant,135000000.0,183637894.0,532938302.0
Ant-Man,BV,180200000.0,339100000.0,2015,43.0,"Jul 17, 2015",Ant-Man,130000000.0,180202163.0,518858449.0
Hotel Transylvania 2,Sony,169700000.0,305100000.0,2015,42.0,"Sep 25, 2015",Hotel Transylvania 2,80000000.0,169700110.0,469500298.0
San Andreas,WB (NL),155200000.0,318800000.0,2015,19.0,"May 29, 2015",San Andreas,110000000.0,155190832.0,456258539.0
Terminator: Genisys,Par.,89800000.0,350800000.0,2015,49.0,"Jul 1, 2015",Terminator: Genisys,155000000.0,89760956.0,432150894.0
Kingsman: The Secret Service,Fox,128300000.0,286100000.0,2015,29.0,"Feb 13, 2015",Kingsman: The Secret Service,94000000.0,128261724.0,404561724.0
Home (2015),Fox,177400000.0,208600000.0,2015,,,,,,
Mad Max: Fury Road,WB,153600000.0,224800000.0,2015,75.0,"May 15, 2015",Mad Max: Fury Road,150000000.0,153636354.0,370098020.0
The Good Dinosaur,BV,123100000.0,209100000.0,2015,73.0,"Nov 25, 2015",The Good Dinosaur,187500000.0,123087120.0,333771037.0
Taken 3,Fox,89300000.0,237200000.0,2015,18.0,"Jan 9, 2015",Taken 3,48000000.0,89256424.0,327656424.0
The SpongeBob Movie: Sponge Out of Water,Par.,163000000.0,162200000.0,2015,74.0,"Feb 6, 2015",The SpongeBob Movie: Sponge Out of Water,74000000.0,162994032.0,311013181.0
Maze Runner: The Scorch Trials,Fox,81700000.0,230600000.0,2015,38.0,"Sep 18, 2015",Maze Runner: The Scorch Trials,61000000.0,81697192.0,310566162.0
The Divergent Series: Insurgent,LG/S,130199999.0,167100000.0,2015,22.0,"Mar 20, 2015",The Divergent Series: Insurgent,110000000.0,130179072.0,295075882.0
Pitch Perfect 2,Uni.,184300000.0,103200000.0,2015,14.0,"May 15, 2015",Pitch Perfect 2,29000000.0,184296230.0,287625468.0
Paddington,W/Dim.,76300000.0,191800000.0,2015,5.0,"Jan 16, 2015",Paddington,55000000.0,76223578.0,258789097.0
Mojin: The Lost Legend,WGUSA,1200000.0,258100000.0,2015,,,,,,
Lost in Hong Kong,WGUSA,1300000.0,255000000.0,2015,,,,,,
The Peanuts Movie,Fox,130199999.0,116100000.0,2015,7.0,"Nov 6, 2015",The Peanuts Movie,99000000.0,130178411.0,250091610.0
Pixels,Sony,78700000.0,166100000.0,2015,59.0,"Jul 24, 2015",Pixels,90000000.0,78765986.0,244041804.0
Daddy's Home,Par.,150400000.0,92400000.0,2015,,,,,,
Spy,Fox,110800000.0,124800000.0,2015,83.0,"Jun 5, 2015",Spy!,65000000.0,110825712.0,232585748.0
Alvin and the Chipmunks: The Road Chip,Fox,85900000.0,148900000.0,2015,56.0,"Dec 18, 2015",Alvin and the Chipmunks: The Road Chip,90000000.0,85886987.0,249517956.0
Goodbye Mr. Loser,CL,1300000.0,226800000.0,2015,,,,,,
Ted 2,Uni.,81500000.0,135200000.0,2015,55.0,"Jun 26, 2015",Ted 2,68000000.0,81476385.0,217214143.0
Tomorrowland,BV,93400000.0,115700000.0,2015,23.0,"May 22, 2015",Tomorrowland,170000000.0,93436322.0,206627518.0
Everest (2015),Uni.,43500000.0,159900000.0,2015,,,,,,
Straight Outta Compton,Uni.,161200000.0,40400000.0,2015,35.0,"Aug 14, 2015",Straight Outta Compton,28000000.0,161197785.0,202182981.0
The Intern,WB,75800000.0,118800000.0,2015,6.0,"Sep 25, 2015",The Intern,40000000.0,75764672.0,197115710.0
Jupiter Ascending,WB,47400000.0,136600000.0,2015,91.0,"Feb 6, 2015",Jupiter Ascending,179000000.0,47482519.0,181982519.0
Creed,WB (NL),109800000.0,63800000.0,2015,91.0,"Nov 25, 2015",Creed,37000000.0,109767581.0,173567581.0
Fantastic Four,Fox,56100000.0,111900000.0,2015,98.0,"Aug 7, 2015",Fantastic Four,120000000.0,56117548.0,167849187.0
Bridge of Spies,BV,72300000.0,93200000.0,2015,10.0,"Oct 16, 2015",Bridge of Spies,40000000.0,72313754.0,162498338.0
Focus (2015),WB,53900000.0,105200000.0,2015,,,,,,
The Hateful Eight,Wein.,54100000.0,101600000.0,2015,33.0,"Dec 25, 2015",The Hateful Eight,62000000.0,54117416.0,147864886.0
Goosebumps,Sony,80100000.0,70100000.0,2015,58.0,"Oct 16, 2015",Goosebumps,58000000.0,80069458.0,158905324.0
The Last Witch Hunter,LG/S,27400000.0,119600000.0,2015,96.0,"Oct 23, 2015",The Last Witch Hunter,80000000.0,27367660.0,130818912.0
The Taking of Tiger Mountain,WGUSA,229000.0,141400000.0,2015,,,,,,
Trainwreck,Uni.,110200000.0,30600000.0,2015,36.0,"Jul 17, 2015",Trainwreck,35000000.0,110212700.0,141123897.0
Mr. Six,CL,1400000.0,137800000.0,2015,,,,,,
Point Break (2015),WB,28800000.0,104900000.0,2015,,,,,,
The Big Short,Par.,70300000.0,63200000.0,2015,42.0,"Dec 11, 2015",The Big Short,28000000.0,70259870.0,133162752.0
Pan,WB,35100000.0,93300000.0,2015,93.0,"Oct 9, 2015",Pan,150000000.0,35088320.0,151525973.0
Wolf Totem,Sony,211000.0,125600000.0,2015,,,,,,
Magic Mike XXL,WB,66000000.0,56500000.0,2015,66.0,"Jul 1, 2015",Magic Mike XXL,14500000.0,66013057.0,123660597.0
Dragon Blade,LGP,74100.0,121500000.0,2015,,,,,,
Seventh Son,Uni.,17200000.0,97000000.0,2015,24.0,"Feb 6, 2015",Seventh Son,95000000.0,17725785.0,108874967.0
Insidious Chapter 3,Focus,52200000.0,60800000.0,2015,51.0,"Jun 5, 2015",Insidious Chapter 3,10000000.0,52218558.0,120453155.0
Get Hard,WB,90400000.0,21400000.0,2015,97.0,"Mar 27, 2015",Get Hard,40000000.0,90411453.0,106511453.0
The Man From U.N.C.L.E.,WB,45400000.0,64400000.0,2015,55.0,"Aug 14, 2015",The Man From U.N.C.L.E.,75000000.0,45445109.0,104949584.0
Paul Blart: Mall Cop 2,Sony,71000000.0,36600000.0,2015,60.0,"Apr 17, 2015",Paul Blart: Mall Cop 2,38000000.0,71091594.0,107650646.0
Shaun the Sheep Movie,LGF,19400000.0,86800000.0,2015,,,,,,
Sisters,Uni.,87000000.0,18000000.0,2015,57.0,"Dec 18, 2015",Sisters,30000000.0,87044645.0,106030660.0
Vacation,WB (NL),58900000.0,46000000.0,2015,28.0,"Jul 29, 2015",Vacation,31000000.0,58884188.0,102306500.0
Chappie,Sony,31600000.0,70500000.0,2015,11.0,"Mar 6, 2015",Chappie,49000000.0,31569268.0,105002056.0
Joy,Fox,56500000.0,44700000.0,2015,88.0,"Dec 25, 2015",Joy,60000000.0,56451232.0,101134059.0
Black Mass,WB,62600000.0,37200000.0,2015,59.0,"Sep 18, 2015",Black Mass,53000000.0,62575678.0,98837872.0
Devil and Angel (E Gun Tian Shi),CL,131000.0,98500000.0,2015,,,,,,
The Visit,Uni.,65200000.0,33200000.0,2015,56.0,"Sep 11, 2015",The Visit,5000000.0,65206105.0,98677816.0
Spotlight,ORF,45100000.0,53200000.0,2015,34.0,"Nov 6, 2015",Spotlight,20000000.0,45055776.0,92088460.0
Poltergeist (2015),Fox,47400000.0,48000000.0,2015,,,,,,
In the Heart of the Sea,WB,25000000.0,68900000.0,2015,1.0,"Dec 11, 2015",In the Heart of the Sea,100000000.0,25020758.0,89693309.0
Southpaw,Wein.,52400000.0,39500000.0,2015,92.0,"Jul 24, 2015",Southpaw,30000000.0,52421953.0,94156456.0
The Second Best Exotic Marigold Hotel,FoxS,33100000.0,52900000.0,2015,73.0,"Mar 6, 2015",The Second Best Exotic Marigold Hotel,10000000.0,33078266.0,90384306.0
Paper Towns,Fox,32000000.0,53500000.0,2015,68.0,"Jul 24, 2015",Paper Towns,12000000.0,32000304.0,85450484.0
Sicario,LGF,46900000.0,38000000.0,2015,100.0,"Sep 18, 2015",Sicario,30000000.0,46889293.0,84393749.0
Hitman: Agent 47,Fox,22500000.0,59900000.0,2015,8.0,"Aug 21, 2015",Hitman: Agent 47,35000000.0,22467450.0,82182803.0
The Wedding Ringer,SGem,64500000.0,15300000.0,2015,73.0,"Jan 16, 2015",The Wedding Ringer,23000000.0,64460211.0,80171596.0
Paranormal Activity: The Ghost Dimension,Par.,18300000.0,60600000.0,2015,7.0,"Oct 23, 2015",Paranormal Activity: The Ghost Dimension,10000000.0,18297124.0,77959374.0
Crimson Peak,Uni.,31100000.0,43600000.0,2015,33.0,"Oct 16, 2015",Crimson Peak,55000000.0,31090320.0,74966854.0
The Transporter Refueled,EC,16000000.0,56600000.0,2015,34.0,"Sep 4, 2015",The Transporter Refueled,22000000.0,16029670.0,69698495.0
Run All Night,WB,26500000.0,45200000.0,2015,70.0,"Mar 13, 2015",Run All Night,50000000.0,26461644.0,66961644.0
War Room,TriS,67800000.0,6185122.0,2015,66.0,"Aug 28, 2015",War Room,3000000.0,67790117.0,73975239.0
The Age of Adaline,LGF,42600000.0,23000000.0,2015,8.0,"Apr 24, 2015",The Age of Adaline,30000000.0,42629776.0,68984536.0
The Danish Girl,Focus,11100000.0,53100000.0,2015,,,,,,
Unfriended,Uni.,32500000.0,31600000.0,2015,14.0,"Apr 17, 2015",Unfriended,1000000.0,32789645.0,64364198.0
The Longest Ride,Fox,37400000.0,25500000.0,2015,61.0,"Apr 10, 2015",The Longest Ride,34000000.0,37446117.0,63802928.0
Brooklyn,FoxS,38300000.0,23800000.0,2015,79.0,"Nov 4, 2015",Brooklyn,11000000.0,38322743.0,62076141.0
Dragon Ball Z: Resurrection 'F',FUN,8000000.0,53800000.0,2015,,,,,,
Woman in Gold,Wein.,33299999.0,28300000.0,2015,81.0,"Apr 1, 2015",Woman in Gold,11000000.0,33307793.0,58586407.0
Krampus,Uni.,42700000.0,18800000.0,2015,28.0,"Dec 4, 2015",Krampus,15000000.0,42725475.0,61788393.0
The Walk,TriS,10100000.0,51000000.0,2015,33.0,"Sep 30, 2015",The Walk,35000000.0,10161183.0,61492104.0
The Perfect Guy,SGem,57000000.0,3200000.0,2015,78.0,"Sep 11, 2015",The Perfect Guy,18000000.0,57027435.0,60278166.0
The Gift (2015),STX,43800000.0,15200000.0,2015,,,,,,
No Escape,Wein.,27300000.0,27100000.0,2015,74.0,"Aug 26, 2015",No Escape,5000000.0,27288872.0,42844516.0
Sinister 2,Focus,27700000.0,25100000.0,2015,91.0,"Aug 21, 2015",Sinister 2,10000000.0,27740955.0,54104225.0
Prem Ratan Dhan Payo,FIP,4400000.0,48200000.0,2015,,,,,,
The Boy Next Door,Uni.,35400000.0,17000000.0,2015,81.0,"Jan 23, 2015",The Boy Next Door,4000000.0,36006065.0,53401938.0
The Night Before,Sony,43000000.0,9300000.0,2015,6.0,"Nov 20, 2015",The Night Before,25000000.0,43035725.0,52427346.0
Hot Pursuit,WB (NL),34600000.0,17100000.0,2015,79.0,"May 8, 2015",Hot Pursuit,35000000.0,34580201.0,45671512.0
The 100-Year Old Man Who Climbed Out the Window and Disappeared,MBox,944000.0,50200000.0,2015,,,,,,
The Himalayas,CJ,697000.0,49800000.0,2015,,,,,,
Surprise - Journey To The West,AR,,49600000.0,2015,,,,,,
Entourage,WB,32400000.0,16900000.0,2015,30.0,"Jun 3, 2015",Entourage,30000000.0,32363404.0,46438538.0
The Woman in Black 2: Angel of Death,Rela.,26500000.0,22400000.0,2015,,,,,,
Concussion (2015),Sony,34500000.0,14100000.0,2015,,,,,,
Mortdecai,LGF,7700000.0,39600000.0,2015,48.0,"Jan 23, 2015",Mortdecai,60000000.0,7696134.0,30396134.0
Coming Home (2015),SPC,378000.0,46400000.0,2015,,,,,,
"McFarland, USA",BV,44500000.0,1200000.0,2015,80.0,"Feb 20, 2015","McFarland, USA",17000000.0,44480275.0,45707924.0
Max (2015),WB,42700000.0,1300000.0,2015,,,,,,
Still Alice,SPC,18800000.0,25100000.0,2015,92.0,"Jan 16, 2015",Still Alice,5000000.0,18656400.0,41699612.0
The DUFF,LGF,34000000.0,9500000.0,2015,33.0,"Feb 20, 2015",The DUFF,8500000.0,34030343.0,43528634.0
Legend,Uni.,1900000.0,41100000.0,2015,10.0,"Nov 20, 2015",Legend,25000000.0,1872994.0,42425450.0
The Gallows,WB (NL),22800000.0,20200000.0,2015,80.0,"Jul 10, 2015",The Gallows,100000.0,22764410.0,41656474.0
Love the Coopers,LGF,26300000.0,16100000.0,2015,98.0,"Nov 13, 2015",Love the Coopers,18000000.0,26302731.0,42227490.0
The Lady in the Van,SPC,10000000.0,31400000.0,2015,,,,,,
Ricki and the Flash,TriS,26800000.0,14500000.0,2015,95.0,"Aug 7, 2015",Ricki and the Flash,18000000.0,26839498.0,41166033.0
Carol,Wein.,12700000.0,27600000.0,2015,60.0,"Nov 20, 2015",Carol,11800000.0,12711491.0,42843521.0
The Lazarus Effect,Rela.,25800000.0,12600000.0,2015,76.0,"Feb 27, 2015",The Lazarus Effect,5000000.0,25801570.0,38359310.0
The Water Diviner,WB,4200000.0,34000000.0,2015,4.0,"Apr 24, 2015",The Water Diviner,22500000.0,4200117.0,31054727.0
A Walk in the Woods,BG,29500000.0,8000000.0,2015,75.0,"Sep 2, 2015",A Walk in the Woods,8000000.0,29499394.0,37119358.0
Ex Machina,A24,25400000.0,11400000.0,2015,72.0,"Apr 10, 2015",Ex Machina,13000000.0,25440971.0,38358392.0
Burnt,Wein.,13700000.0,23000000.0,2015,27.0,"Oct 30, 2015",Burnt,20000000.0,13651946.0,36773510.0
Room,A24,14700000.0,20700000.0,2015,80.0,"Oct 16, 2015",Room,13000000.0,14677674.0,36262783.0
The Secret in their Eyes (2015),STX,20200000.0,14700000.0,2015,,,,,,
Steve Jobs,Uni.,17800000.0,16700000.0,2015,60.0,"Oct 9, 2015",Steve Jobs,30000000.0,17766658.0,35579007.0
Victor Frankenstein,Fox,5800000.0,28500000.0,2015,24.0,"Nov 25, 2015",Victor Frankenstein,40000000.0,5775076.0,31124367.0
Project Almanac,Par.,22300000.0,10900000.0,2015,84.0,"Jan 30, 2015",Project Almanac,12000000.0,22348241.0,32909437.0
Self/Less,Focus,12300000.0,18200000.0,2015,48.0,"Jul 10, 2015",Self/Less,26000000.0,12279691.0,33667319.0
Far from the Madding Crowd,FoxS,12200000.0,18000000.0,2015,,,,,,
Mr. Holmes,RAtt.,17700000.0,11600000.0,2015,,,,,,
Love & Mercy,RAtt.,12600000.0,16100000.0,2015,,,,,,
Irrational Man,SPC,4000000.0,23400000.0,2015,,,,,,
American Ultra,LGF,14400000.0,12700000.0,2015,72.0,"Aug 21, 2015",American Ultra,28000000.0,14439985.0,30295028.0
Wild Tales,SPC,3100000.0,23900000.0,2015,,,,,,
Aloha,Sony,21100000.0,5200000.0,2015,3.0,"May 29, 2015",Aloha,37000000.0,21052030.0,25387091.0
"Love, Rosie",TFA,20400.0,25600000.0,2015,,,,,,
The 33,WB,12200000.0,12700000.0,2015,78.0,"Nov 13, 2015",The 33,25000000.0,12227722.0,28400715.0
Capture the Flag,Par.,6700.0,24600000.0,2015,,,,,,
The Gunman,ORF,10700000.0,13500000.0,2015,15.0,"Mar 20, 2015",The Gunman,40000000.0,10664749.0,18594227.0
Go Away Mr. Tumor,CL,287000.0,21500000.0,2015,,,,,,
Black or White,Rela.,21600000.0,399832.0,2015,80.0,"Jan 30, 2015",Black or White,9000000.0,21571189.0,21971021.0
Blackhat,Uni.,8000000.0,11600000.0,2015,47.0,"Jan 16, 2015",Blackhat,70000000.0,8005980.0,19665004.0
Dope,ORF,17500000.0,480000.0,2015,11.0,"Jun 19, 2015",Dope,7000000.0,17506470.0,18190831.0
Brothers: Blood Against Blood,FIP,614000.0,17200000.0,2015,,,,,,
While We're Young,A24,7600000.0,9700000.0,2015,45.0,"Mar 27, 2015",While We're Young,10000000.0,7582065.0,17503828.0
Monkey Kingdom,BV,16399999.0,711000.0,2015,,,,,,
Macbeth (2015),Wein.,1100000.0,15200000.0,2015,,,,,,
Scouts Guide to the Zombie Apocalypse,Par.,3700000.0,12400000.0,2015,25.0,"Oct 30, 2015",Scouts Guide to the Zombie Apocalypse,15000000.0,3703046.0,15554855.0
Suffragette,Focus,4700000.0,11300000.0,2015,16.0,"Oct 23, 2015",Suffragette,14000000.0,4702420.0,34044909.0
It Follows,RTWC,14700000.0,8576678.0,2015,94.0,"Mar 13, 2015",It Follows,2000000.0,14674077.0,23250755.0
Unfinished Business,Fox,10200000.0,4200000.0,2015,32.0,"Mar 6, 2015",Unfinished Business,35000000.0,10219501.0,13214051.0
Do You Believe?,PFR,13000000.0,1400000.0,2015,60.0,"Mar 20, 2015",Do You Believe?,2300000.0,12985600.0,14304931.0
Woodlawn,PFR,14400000.0,9606.0,2015,81.0,"Oct 16, 2015",Woodlawn,13000000.0,14394097.0,14403703.0
Strange Magic,BV,12400000.0,1200000.0,2015,,,,,,
Hot Tub Time Machine 2,Par.,12300000.0,767000.0,2015,7.0,"Feb 20, 2015",Hot Tub Time Machine 2,14000000.0,12314651.0,12826644.0
Child 44,LG/S,1200000.0,11700000.0,2015,2.0,"Apr 17, 2015",Child 44,50000000.0,1224330.0,8004221.0
We Are Your Friends,WB,3600000.0,7500000.0,2015,20.0,"Aug 28, 2015",We Are Your Friends,2000000.0,3591417.0,10153415.0
Danny Collins,BST,5600000.0,5200000.0,2015,59.0,"Mar 20, 2015",Danny Collins,10000000.0,5637066.0,8465845.0
Kung Fu Killer,WGUSA,130000.0,10000000.0,2015,,,,,,
A Little Chaos,FCW,558000.0,9500000.0,2015,,,,,,
The Loft,ORF,6000000.0,4099999.0,2015,,,,,,
The Young & Prodigious T.S. Spivet,Wein.,174000.0,9300000.0,2015,,,,,,
Shanghai,Wein.,46400.0,9200000.0,2015,5.0,"Oct 2, 2015",Shanghai,50000000.0,46425.0,15505922.0
Un Gallo con Muchos Huevos,LGF,9100000.0,,2015,,,,,,
Me and Earl and the Dying Girl,FoxS,6800000.0,2300000.0,2015,100.0,"Jun 12, 2015",Me and Earl and the Dying Girl,8000000.0,6758416.0,9266180.0
Amy,A24,8400000.0,,2015,,,,,,
Shaandaar,FIP,522000.0,7800000.0,2015,,,,,,
Trumbo (2015),BST,7900000.0,378000.0,2015,,,,,,
Bajrangi Bhaijaan,Eros,8199999.0,113600346.0,2015,86.0,"Jul 17, 2015",Bajrangi Bhaijaan,13000000.0,8178001.0,121778347.0
I'll See You In My Dreams,BST,7400000.0,,2015,,,,,,
The Green Inferno,BH Tilt,7200000.0,5739129.0,2015,31.0,"Sep 25, 2015",The Green Inferno,1000000.0,7192291.0,12931420.0
Grandma (2015),SPC,7000000.0,107000.0,2015,,,,,,
Our Brand Is Crisis (2015),WB,7000000.0,,2015,,,,,,
Baahubali: The Beginning,BSC,6700000.0,19998665.0,2015,21.0,"Jul 10, 2015",Baahubali: The Beginning,40000000.0,6738000.0,26736665.0
Bajirao Mastani,Eros,6600000.0,,2015,,,,,,
Little Boy,ORF,6500000.0,11283338.0,2015,65.0,"Apr 24, 2015",Little Boy,20000000.0,6485961.0,17769299.0
What We Do in the Shadows,U/P,3500000.0,2800000.0,2015,,,,,,
Anomalisa,Par.,3800000.0,1900000.0,2015,6.0,"Dec 30, 2015",Anomalisa,8000000.0,3759286.0,5706168.0
Pawn Sacrifice,BST,2400000.0,3100000.0,2015,,,,,,
Serena,Magn.,176000.0,4900000.0,2015,,,,,,
Mr. X,FIP,45000.0,5000000.0,2015,,,,,,
Dilwale,UTV,4900000.0,,2015,,,,,,
Back to the Future Day,UHE,1700000.0,3200000.0,2015,,,,,,
Trash,FCW,17500.0,4800000.0,2015,46.0,"Oct 9, 2015",Trash,12000000.0,17484.0,6553186.0
True Story,FoxS,4700000.0,,2015,,,,,,
"Buen Dia, Ramon",FIP,154000.0,4500000.0,2015,,,,,,
Hamari Adhuri Kahani,FIP,235000.0,4200000.0,2015,,,,,,
45 Years,IFC,4200000.0,,2015,,,,,,
Escobar: Paradise Lost,RTWC,196000.0,3600000.0,2015,12.0,"Jun 26, 2015",Escobar: Paradise Lost,17000000.0,195792.0,3917679.0
Spare Parts,LGF,3600000.0,,2015,,,,,,
Learning to Drive,BG,3400000.0,,2015,,,,,,
By the Sea,Uni.,538000.0,2800000.0,2015,97.0,"Nov 13, 2015",By the Sea,20000000.0,538460.0,3727746.0
Sleeping with Other People,IFC,819000.0,2400000.0,2015,,,,,,
Phoenix (2015),IFC,3200000.0,,2015,,,,,,
Jimmy's Hall,SPC,561000.0,2600000.0,2015,,,,,,
Dil Dhadakne Do,Eros,3100000.0,,2015,,,,,,
Ladrones,LGF,3100000.0,,2015,,,,,,
Remember (Canada Release),EOne,547000.0,2500000.0,2015,,,,,,
Tanu Weds Manu Returns,Eros,3000000.0,,2015,,,,,,
Rock The Kasbah,ORF,3000000.0,365488.0,2015,28.0,"Oct 23, 2015",Rock the Kasbah,15000000.0,3020665.0,3386153.0
The End of the Tour,A24,3000000.0,,2015,,,,,,
Captive (2015),Par.,2600000.0,218000.0,2015,,,,,,
He Named Me Malala,FoxS,2700000.0,97100.0,2015,,,,,,
Youth,FoxS,2700000.0,21298277.0,2015,99.0,"Dec 4, 2015",Youth,13000000.0,2703296.0,24001573.0
Chi-Raq,RAtt.,2700000.0,,2015,,,,,,
Truth,SPC,2500000.0,,2015,,,,,,
Mistress America,FoxS,2500000.0,,2015,,,,,,
Jem and the Holograms,Uni.,2200000.0,149000.0,2015,53.0,"Oct 23, 2015",Jem and the Holograms,5000000.0,2184640.0,2368937.0
Beloved Sisters,MBox,54000.0,2200000.0,2015,,,,,,
The Riot Club,IFC,7700.0,2100000.0,2015,,,,,,
Tamasha,UTV,2100000.0,,2015,,,,,,
Cake,CLF,2000000.0,,2015,,,,,,
Assassination (2015),WGUSA,1900000.0,,2015,,,,,,
Clouds of Sils Maria,IFC,1900000.0,,2015,,,,,,
Testament of Youth,SPC,1800000.0,4824419.0,2015,82.0,"Jun 5, 2015",Testament of Youth,10000000.0,1822250.0,6646669.0
Piku,Yash,1800000.0,,2015,,,,,,
The Vatican Tapes,LGF,1800000.0,13144421.0,2015,3.0,"Jul 24, 2015",The Vatican Tapes,13000000.0,1784763.0,14929184.0
Son of Saul,SPC,1800000.0,,2015,,,,,,
Janis: Little Girl Blue,FR,410000.0,1200000.0,2015,,,,,,
'71,RAtt.,1300000.0,355000.0,2015,,,,,,
The Diary of a Teenage Girl,SPC,1500000.0,802957.0,2015,35.0,"Aug 7, 2015",The Diary of a Teenage Girl,2000000.0,1477002.0,2279959.0
I (2015),AaF,1400000.0,,2015,,,,,,
Infinitely Polar Bear,SPC,1400000.0,,2015,,,,,,
99 Homes,BG,1400000.0,,2015,,,,,,
Welcome Back,Eros,1400000.0,,2015,,,,,,
The Salt of the Earth,SPC,1300000.0,,2015,,,,,,
Maps to the Stars,FCW,351000.0,988000.0,2015,,,,,,
Iris (2015),Magn.,1300000.0,,2015,,,,,,
The Wolfpack,Magn.,1300000.0,,2015,,,,,,
Veteran,CJ,1200000.0,,2015,,,,,,
Goodnight Mommy,RTWC,1200000.0,,2015,,,,,,
Black Sea,Focus,1200000.0,,2015,,,,,,
Miss You Already,RAtt.,1200000.0,,2015,,,,,,
Where Hope Grows,RAtt.,1200000.0,,2015,,,,,,
Cartel Land,Orch.,704000.0,422000.0,2015,,,,,,
Timbuktu,Cohen,1100000.0,,2015,,,,,,
Dior and I,Orch.,1000000.0,,2015,,,,,,
5 Flights Up,FCW,1000000.0,,2015,,,,,,
Big Stone Gap,PH,1000000.0,,2015,,,,,,
Gett: The Trial of Viviane Amsalem,MBox,988000.0,,2015,,,,,,
Boruto: Naruto the Movie,Elev.,920000.0,,2015,,,,,,
Singh is Bling,Eros,919000.0,,2015,,,,,,
ABCD (Any Body Can Dance) 2,UTV,892000.0,,2015,,,,,,
Mustang,Cohen,845000.0,4707120.0,2015,21.0,"Nov 20, 2015",Mustang,1400000.0,845464.0,5552584.0
Labyrinth of Lies,SPC,794000.0,,2015,,,,,,
The D Train,IFC,673000.0,102000.0,2015,34.0,"May 8, 2015",The D Train,3000000.0,669688.0,772366.0
Seymour: An Introduction,IFC,744000.0,,2015,,,,,,
Tangerine,Magn.,702000.0,,2015,,,,,,
Red Army,SPC,695000.0,,2015,,,,,,
The Stanford Prison Experiment,IFC,661000.0,,2015,,,,,,
The Assassin,WGUSA,633000.0,,2015,,,,,,
"Kumiko, The Treasure Hunter",Ampl.,623000.0,,2015,,,,,,
Welcome to Me,Alc,609000.0,,2015,,,,,,
Black Panthers: Vanguard of the Revolution,PBS,517000.0,67200.0,2015,,,,,,
Detective Byomkesh Bakshy,Yash,579000.0,,2015,,,,,,
Freeheld,LGF,573000.0,1186027.0,2015,51.0,"Oct 2, 2015",Freeheld,7000000.0,546201.0,1732228.0
When Marnie Was There,GK,561000.0,,2015,,,,,,
Gabbar is Back,Eros,535000.0,,2015,,,,,,
The Last - Naruto the Movie,Elev.,524000.0,,2015,,,,,,
Peggy Guggenheim Art Addict,SD,498000.0,,2015,,,,,,
Phantom (2015),UTV,490000.0,,2015,,,,,,
Somewhere Only We Know,CL,482000.0,,2015,,,,,,
Let's Get Married,CL,463000.0,,2015,,,,,,
Bombay Velvet,FIP,451000.0,,2015,,,,,,
Attack on Titan: Part 1,FUN,450000.0,,2015,,,,,,
The Third Man (2015 re-release),Rialto,449000.0,,2015,,,,,,
Saint Laurent,SPC,429000.0,,2015,,,,,,
Listen to Me Marlon,SHO,426000.0,,2015,,,,,,
Heart of a Dog,Abr.,421000.0,,2015,,,,,,
The Witness (Wo shi zheng ren),CL,418000.0,,2015,,,,,,
Unbranded,Grav.,410000.0,,2015,,,,,,
The Second Mother,Osci.,377000.0,,2015,,,,,,
Kahlil Gibran's The Prophet (Gathr),Gathr,370000.0,,2015,,,,,,
Katti Batti,UTV,365000.0,,2015,,,,,,
Kahlil Gibran's The Prophet,GK,355000.0,,2015,,,,,,
Effie Gray,AF,353000.0,,2015,,,,,,
Noble,Asp.,347000.0,,2015,,,,,,
Northern Limit Line,WGUSA,338000.0,,2015,,,,,,
Shamitabh,Eros,325000.0,,2015,,,,,,
Jafar Panahi's Taxi,KL,322000.0,,2015,,,,,,
Good Kill,IFC,316000.0,,2015,,,,,,
Running Man (2015),CL,311000.0,,2015,,,,,,
Attack on Titan: Part 2,FUN,306000.0,,2015,,,,,,
Theeb,FM,283000.0,,2015,,,,,,
White God,Magn.,282000.0,,2015,,,,,,
A Borrowed Identity,Strand,282000.0,,2015,,,,,,
In the Name of my Daughter,Cohen,278000.0,,2015,,,,,,
Hitchcock/Truffaut,Cohen,260000.0,,2015,,,,,,
Love (2015),Alc,249000.0,,2015,,,,,,
Tevar,Eros,236000.0,,2015,,,,,,
20 Once Again,CJ,235000.0,,2015,,,,,,
Slow West,A24,229000.0,,2015,,,,,,
A Royal Night Out,ADC,228000.0,,2015,,,,,,
A Pigeon Sat on a Branch Reflecting on Existence,Magn.,223000.0,,2015,,,,,,
Pyaar Ka Punchnama 2,Rel.,223000.0,,2015,,,,,,
Fall in Love Like a Star,CL,213000.0,,2015,,,,,,
Dark Places,A24,209000.0,,2015,,,,,,
Heneral Luna,Abr.,206000.0,,2015,,,,,,
Gemma Bovery,MBox,192000.0,,2015,,,,,,
The Connection,Drft.,191000.0,,2015,,,,,,
Love and Lost (Shi Gu),CL,189000.0,,2015,,,,,,
Stonewall (2015),RAtt.,188000.0,,2015,,,,,,
Maggie,RAtt.,187000.0,840648.0,2015,47.0,"May 8, 2015",Maggie,4500000.0,187112.0,1027760.0
Detective K: Secret of the Lost Island,CJ,185000.0,,2015,,,,,,
The Priests,CJ,185000.0,,2015,,,,,,
The Farewell Party,Gold.,173000.0,,2015,,,,,,
A Brilliant Young Mind,Gold.,172000.0,,2015,,,,,,
Time Out of Mind,IFC,167000.0,,2015,,,,,,
Snow Girl and the Dark Crystal,WGUSA,165000.0,,2015,,,,,,
C'Est Si Bon,CJ,164000.0,,2015,,,,,,
The Last Women Standing,CL,163000.0,,2015,,,,,,
5 to 7,IFC,163000.0,,2015,,,,,,
After The Ball,Free,162000.0,,2015,,,,,,
Human Capital,FM,159000.0,,2015,,,,,,
Experimenter,Magn.,156000.0,,2015,,,,,,
Desert Dancer,Rela.,155000.0,441064.0,2015,38.0,"Apr 10, 2015",Desert Dancer,4000000.0,155271.0,596335.0
Samba,BG,152000.0,,2015,,,,,,
The Tribe,Drft.,151000.0,,2015,,,,,,
Forever Young (2015),CL,150000.0,,2015,,,,,,
The New Girlfriend,Cohen,147000.0,,2015,,,,,,
Tangerines,Gold.,145000.0,,2015,,,,,,
Manglehorn,IFC,143000.0,665169.0,2015,41.0,"Jun 19, 2015",Manglehorn,4000000.0,132270.0,797439.0
Ingrid Bergman: In Her Own Words,Rialto,138000.0,,2015,,,,,,
Twenty (2015),CJ,136000.0,,2015,,,,,,
La Sapienza,KL,135000.0,,2015,,,,,,
Mississippi Grind,A24,131000.0,,2015,,,,,,
A Journey Through Time with Anthony,CL,127000.0,,2015,,,,,,
Boulevard,SM,126000.0,,2015,,,,,,
Z for Zachariah,RAtt.,121000.0,,2015,,,,,,
Do I Sound Gay?,IFC,119000.0,,2015,,,,,,
Love Live! The School Idol Movie,AZ,116000.0,,2015,,,,,,
She's Funny That Way,LGP,112000.0,,2015,,,,,,
Memories of the Sword,WGUSA,111000.0,,2015,,,,,,
The Look of Silence,Drft.,109000.0,,2015,,,,,,
The Beauty Inside,WGUSA,108000.0,,2015,,,,,,
The Chronicles of Evil,CJ,105000.0,,2015,,,,,,
Every Secret Thing,SM,104000.0,,2015,,,,,,
Ghost in the Shell: The New Movie,FUN,101000.0,,2015,,,,,,
Black Souls (Anime Nere),Alc,101000.0,,2015,,,,,,
A Poem Is a Naked Person (2015 re-issue),Jan.,96600.0,,2015,,,,,,
Saving Mr. Wu,UEP,92700.0,,2015,,,,,,
The Tales of Hoffmann (2015 re-issue),Rialto,91900.0,,2015,,,,,,
Christmas Eve,Ampl.,91300.0,,2015,,,,,,
Queen of Earth,IFC,91200.0,,2015,,,,,,
Hero (2015),Eros,88700.0,,2015,,,,,,
Sunshine Superman,Magn.,88100.0,,2015,,,,,,
Heaven Knows What,RTWC,80700.0,,2015,,,,,,
Nasty Baby,Orch.,79800.0,,2015,,,,,,
The Wonders,Osci.,73400.0,,2015,,,,,,
Predestination,VE,68400.0,,2015,,,,,,
People Places Things,TFA,67000.0,,2015,,,,,,
Eden,BG,65500.0,,2015,,,,,,
The Duke of Burgundy,IFC,64500.0,,2015,,,,,,
The Office,CL,63700.0,,2015,,,,,,
Flowers,MBox,61600.0,,2015,,,,,,
Only You,CL,61600.0,,2015,,,,,,
Girlhood (2015),Strand,60800.0,,2015,,,,,,
Jauja,CGld,60200.0,,2015,,,,,,
Gueros,KL,60100.0,,2015,,,,,,
I Smile Back,BG,58700.0,,2015,,,,,,
The Ark of Mr. Chow,CL,54100.0,,2015,,,,,,
Love Thy Nature,ITL,41100.0,11800.0,2015,,,,,,
The Advocate: A Missing Body,CJ,50200.0,,2015,,,,,,
Heist (2015),LGP,50100.0,,2015,,,,,,
Difret,TA,49700.0,,2015,,,,,,
Appropriate Behavior,Grav.,46900.0,,2015,,,,,,
Beyond the Reach,RAtt.,45900.0,,2015,,,,,,
The Salvation,IFC,44900.0,,2015,,,,,,
Madame Bovary,Alc,44200.0,,2015,,,,,,
Charlie's Country,MR,42900.0,,2015,,,,,,
Pearl Button,KL,42200.0,,2015,,,,,,
Queen and Country,BBC,41300.0,,2015,,,,,,
The Phone,CJ,40500.0,,2015,,,,,,
What Our Fathers Did: A Nazi Legacy,Osci.,40100.0,,2015,,,,,,
Lila & Eve,Gold.,38300.0,,2015,,,,,,
Before We Go,RTWC,37200.0,446787.0,2015,52.0,"Sep 4, 2015",Before We Go,3000000.0,37151.0,483938.0
The Mafia Only Kills in Summer,Distrib.,37100.0,,2015,,,,,,
Knock Knock,LGP,36300.0,6292180.0,2015,62.0,"Oct 9, 2015",Knock Knock,2000000.0,36336.0,6328516.0
Kindergarten Teacher,KL,36200.0,,2015,,,,,,
Welcome to Leith,FRun,36000.0,,2015,,,,,,
Wild City,WGUSA,34900.0,,2015,,,,,,
The Forbidden Room,KL,34400.0,,2015,,,,,,
Song One,TFA,32299.0,404838.0,2015,87.0,"Jan 23, 2015",Song One,6000000.0,32251.0,437089.0
Love Forecast,CJ,32200.0,,2015,,,,,,
"Out 1, noli me tangere",CFilms,31500.0,,2015,,,,,,
"3 1/2 Minutes, 10 Bullets",Part.,30400.0,,2015,,,,,,
Paulette,Cohen,29500.0,,2015,,,,,,
The Cut,Strand,28100.0,,2015,,,,,,
The Keeping Room,Drft.,27200.0,,2015,,,,,,
Big Game,EC,24600.0,,2015,,,,,,
Kill Me Three Times,Magn.,24300.0,,2015,,,,,,
"Hippocrates, Diary of a French Doctor",Distrib.,23100.0,,2015,,,,,,
Court,Zeit.,22900.0,,2015,,,,,,
Salut D'Amour,CJ,22500.0,,2015,,,,,,
Mediterranea,IFC,22100.0,,2015,,,,,,
Noma - My Perfect Storm,Magn.,21100.0,,2015,,,,,,
The Little Death,Magn.,18200.0,,2015,,,,,,
Gangnam 1970,CJ,18000.0,,2015,,,,,,
Strangerland,Alc,17500.0,143625.0,2015,27.0,"Jul 10, 2015",Strangerland,10000000.0,17472.0,161097.0
Eastern Boys,FRun,16800.0,,2015,,,,,,
Extraction,LGP,16800.0,,2015,,,,,,
Eva,Wein.,16700.0,,2015,,,,,,
The World of Kanako,Drft.,16600.0,,2015,,,,,,
Zombeavers,Free,14900.0,,2015,,,,,,
The Hallow,IFC,13900.0,,2015,,,,,,
Amour Fou,FM,13700.0,,2015,,,,,,
Arabian Nights: Volume 1 - The Restless One,KL,12300.0,,2015,,,,,,
Of Horses and Men,MBox,11900.0,,2015,,,,,,
Marie's Story,FM,11700.0,,2015,,,,,,
1001 Grams,KL,11000.0,,2015,,,,,,
Empire of Lust,CJ,10700.0,,2015,,,,,,
The Forecaster,FOR,10200.0,,2015,,,,,,
Still Life (2015),Trib.,9500.0,,2015,,,,,,
Every Thing Will be Fine,IFC,9200.0,,2015,,,,,,
The Lesson,FM,9000.0,,2015,,,,,,
An Eye for Beauty,MR,9000.0,,2015,,,,,,
Northern Soul,Free,8900.0,,2015,,,,,,
The Girl in the Book,Free,8200.0,,2015,,,,,,
Steak (R)evolution,KL,8000.0,,2015,,,,,,
On the Way to School,Distrib.,7400.0,,2015,,,,,,
Hungry Hearts,IFC,6900.0,,2015,,,,,,
Steve McQueen: The Man & Le Mans,FR,6800.0,,2015,,,,,,
Arabian Nights: Volume 2 - The Desolate One,KL,6400.0,,2015,,,,,,
Alleluia,MBox,6300.0,,2015,,,,,,
Barely Lethal,A24,6100.0,,2015,,,,,,
Chic!,Distrib.,5600.0,,2015,,,,,,
Far from Men,Trib.,5300.0,,2015,,,,,,
The Dead Lands,Magn.,5200.0,,2015,,,,,,
Jenny's Wedding,IFC,4700.0,,2015,,,,,,
Against the Sun,TAFC,4600.0,,2015,,,,,,
Ashby,TFA,4600.0,,2015,,,,,,
Arabian Nights: Volume 3 - The Enchanted One,KL,4500.0,,2015,,,,,,
The Summer of Sangaile,Strand,4500.0,,2015,,,,,,
Club Life,Orch.,4400.0,,2015,,,,,,
Back to the Jurassic,CJ,4400.0,,2015,,,,,,
In the Basement,Strand,3600.0,,2015,,,,,,
Fidelio: Alice's Odyssey,FRun,3600.0,,2015,,,,,,
That Sugar Film,Gold.,3500.0,,2015,,,,,,
Xenia,Strand,3200.0,,2015,,,,,,
The Iron Ministry,Icar.,3200.0,,2015,,,,,,
The Lady in the Car with Glasses and a Gun,Magn.,2200.0,,2015,,,,,,
Stations of the Cross,FM,1500.0,,2015,,,,,,
Skin Trade,Magn.,1200.0,0.0,2015,19.0,"May 8, 2015",Skin Trade,9000000.0,1242.0,1242.0
Thanks to My Friends,Distrib.,900.0,,2015,,,,,,
REC 4: Apocalypse,Magn.,800.0,,2015,,,,,,
It's All So Quiet (Boven is het stil),BWP,700.0,,2015,,,,,,
Tough Being Loved By Jerks,KL,700.0,,2015,,,,,,
The Chambermaid,FM,300.0,,2015,,,,,,
Captain America: Civil War,BV,408100000.0,745200000.0,2016,17.0,"May 6, 2016",Captain America: Civil War,250000000.0,408084349.0,1140069413.0
Rogue One: A Star Wars Story,BV,532200000.0,523900000.0,2016,45.0,"Dec 16, 2016",Rogue One: A Star Wars Story,200000000.0,532177324.0,1049102856.0
Finding Dory,BV,486300000.0,542300000.0,2016,46.0,"Jun 17, 2016",Finding Dory,200000000.0,486295561.0,1021215193.0
Zootopia,BV,341300000.0,682500000.0,2016,57.0,"Mar 4, 2016",Zootopia,150000000.0,341268248.0,1019429616.0
The Jungle Book (2016),BV,364000000.0,602500000.0,2016,,,,,,
The Secret Life of Pets,Uni.,368400000.0,507100000.0,2016,26.0,"Jul 8, 2016",The Secret Life of Pets,75000000.0,368384330.0,886750534.0
Batman v Superman: Dawn of Justice,WB,330400000.0,543300000.0,2016,18.0,"Mar 25, 2016",Batman v Superman: Dawn of Justice,250000000.0,330360194.0,867500281.0
Fantastic Beasts and Where To Find Them,WB,234000000.0,580000000.0,2016,85.0,"Nov 18, 2016",Fantastic Beasts and Where to Find Them,180000000.0,234037575.0,802402853.0
Deadpool,Fox,363100000.0,420000000.0,2016,56.0,"Feb 12, 2016",Deadpool,58000000.0,363070709.0,801025593.0
Suicide Squad,WB,325100000.0,421700000.0,2016,100.0,"Aug 5, 2016",Suicide Squad,175000000.0,325100054.0,746059887.0
Doctor Strange,BV,232600000.0,445100000.0,2016,28.0,"Nov 4, 2016",Doctor Strange,165000000.0,232641920.0,676404566.0
Moana,BV,248800000.0,394600000.0,2016,62.0,"Nov 23, 2016",Moana,150000000.0,248757044.0,637517365.0
Sing,Uni.,270400000.0,363800000.0,2016,29.0,"Dec 21, 2016",Sing,75000000.0,270329045.0,634454789.0
The Mermaid (Mei ren yu),Sony,3200000.0,550600000.0,2016,,,,,,
X-Men: Apocalypse,Fox,155400000.0,388500000.0,2016,93.0,"May 27, 2016",X-Men: Apocalypse,178000000.0,155442489.0,542537546.0
Kung Fu Panda 3,Fox,143500000.0,377600000.0,2016,11.0,"Jan 29, 2016",Kung Fu Panda 3,140000000.0,143528619.0,517599142.0
La La Land,LG/S,151100000.0,295000000.0,2016,92.0,"Dec 9, 2016",La La Land,20000000.0,151101803.0,426351163.0
Warcraft,Uni.,47400000.0,386300000.0,2016,46.0,"Jun 10, 2016",Warcraft,160000000.0,47225655.0,425522281.0
Jason Bourne,Uni.,162400000.0,253100000.0,2016,86.0,"Jul 29, 2016",Jason Bourne,120000000.0,162192920.0,416168316.0
Ice Age: Collision Course,Fox,64099999.0,344500000.0,2016,52.0,"Jul 22, 2016",Ice Age: Collision Course,105000000.0,64063008.0,402156682.0
Independence Day: Resurgence,Fox,103100000.0,286500000.0,2016,33.0,"Jun 24, 2016",Independence Day: Resurgence,165000000.0,103144286.0,384169424.0
Monster Hunt,FR,32800.0,385300000.0,2016,,,,,,
The Legend of Tarzan,WB,126600000.0,230100000.0,2016,88.0,"Jul 1, 2016",The Legend of Tarzan,180000000.0,126643061.0,348902025.0
The Angry Birds Movie,Sony,107500000.0,244800000.0,2016,77.0,"May 20, 2016",The Angry Birds Movie,73000000.0,107509366.0,352327887.0
Trolls,Fox,153700000.0,193200000.0,2016,73.0,"Nov 4, 2016",Trolls,125000000.0,153707064.0,344150134.0
Star Trek Beyond,Par.,158800000.0,184600000.0,2016,79.0,"Jul 22, 2016",Star Trek Beyond,185000000.0,158848340.0,335802233.0
Now You See Me 2,LG/S,65099999.0,269800000.0,2016,66.0,"Jun 10, 2016",Now You See Me 2,90000000.0,65075540.0,328325007.0
The Conjuring 2,WB (NL),102500000.0,217900000.0,2016,,,,,,
Passengers (2016),Sony,100000000.0,203100000.0,2016,,,,,,
Dangal,UTV,12400000.0,290500000.0,2016,56.0,"Dec 21, 2016",Dangal,9500000.0,12391761.0,294654618.0
Alice Through the Looking Glass,BV,77000000.0,222400000.0,2016,26.0,"May 27, 2016",Alice Through the Looking Glass,170000000.0,77042381.0,276928112.0
Miss Peregrine's Home for Peculiar Children,Fox,87200000.0,209200000.0,2016,,,,,,
Teenage Mutant Ninja Turtles: Out of the Shadows,Par.,82100000.0,163600000.0,2016,32.0,"Jun 3, 2016",Teenage Mutant Ninja Turtles: Out of the Shadows,135000000.0,82051601.0,245328374.0
Assassin's Creed,Fox,54600000.0,186300000.0,2016,,,,,,
Sully,WB,125100000.0,115700000.0,2016,50.0,"Sep 9, 2016",Sully,60000000.0,125070033.0,238524556.0
Hidden Figures,Fox,169600000.0,66300000.0,2016,64.0,"Dec 25, 2016",Hidden Figures,25000000.0,169607287.0,231771716.0
Ghostbusters (2016),Sony,128400000.0,100800000.0,2016,,,,,,
Inferno,Sony,34300000.0,185700000.0,2016,64.0,"Oct 28, 2016",Inferno,75000000.0,34343574.0,219519367.0
Central Intelligence,WB (NL),127400000.0,89500000.0,2016,91.0,"Jun 17, 2016",Central Intelligence,50000000.0,127440871.0,217194805.0
Bridget Jones's Baby,Uni.,24300000.0,187700000.0,2016,,,,,,
Me Before You,WB (NL),56200000.0,152100000.0,2016,20.0,"Jun 3, 2016",Me Before You,20000000.0,56245075.0,208265198.0
London Has Fallen,Focus,62500000.0,143200000.0,2016,80.0,"Mar 4, 2016",London Has Fallen,60000000.0,62524260.0,195194085.0
Arrival,Par.,100500000.0,102800000.0,2016,34.0,"Nov 11, 2016",Arrival,47000000.0,100546139.0,203127894.0
The Monkey King 2 in 3D,CL,710000.0,193000000.0,2016,,,,,,
Bad Moms,STX,113300000.0,70700000.0,2016,99.0,"Jul 29, 2016",Bad Moms,20000000.0,113257297.0,180998716.0
Storks,WB,72700000.0,110700000.0,2016,15.0,"Sep 23, 2016",Storks,70000000.0,72679278.0,183353431.0
The BFG,BV,55500000.0,127900000.0,2016,17.0,"Jul 1, 2016",The BFG,140000000.0,55483770.0,199646680.0
The Divergent Series: Allegiant,LG/S,66200000.0,113100000.0,2016,34.0,"Mar 18, 2016",The Divergent Series: Allegiant,110000000.0,66184051.0,172022517.0
Hacksaw Ridge,LGF,67200000.0,108100000.0,2016,17.0,"Nov 4, 2016",Hacksaw Ridge,40000000.0,67209615.0,168904682.0
The Girl on the Train (2016),Uni.,75400000.0,97800000.0,2016,,,,,,
Operation Mekong,WGUSA,800000.0,172300000.0,2016,,,,,,
The Huntsman: Winter's War,Uni.,48400000.0,116600000.0,2016,,,,,,
The Magnificent Seven (2016),Sony,93400000.0,68900000.0,2016,,,,,,
Jack Reacher: Never Go Back,Par.,58700000.0,103400000.0,2016,85.0,"Oct 21, 2016",Jack Reacher: Never Go Back,60000000.0,58697076.0,159946489.0
Don't Breathe,SGem,89200000.0,67900000.0,2016,,,,,,
Ip Man 3,WGUSA,2700000.0,154200000.0,2016,,,,,,
The Accountant,WB,86300000.0,68900000.0,2016,100.0,"Oct 14, 2016",The Accountant,40000000.0,86260045.0,152962083.0
Gods of Egypt,LG/S,31200000.0,119500000.0,2016,18.0,"Feb 26, 2016",Gods of Egypt,140000000.0,31153464.0,138836756.0
Lights Out,WB (NL),67300000.0,81600000.0,2016,55.0,"Jul 22, 2016",Lights Out,5000000.0,67268835.0,148806510.0
Pete's Dragon (2016),BV,76200000.0,67500000.0,2016,,,,,,
Sausage Party,Sony,97700000.0,43000000.0,2016,28.0,"Aug 12, 2016",Sausage Party,19000000.0,97670358.0,141344255.0
Lion,Wein.,51700000.0,88600000.0,2016,60.0,"Nov 25, 2016",Lion,12000000.0,51739495.0,149570720.0
Detective Chinatown (Tang ren jie tan an),CL,474000.0,125400000.0,2016,,,,,,
Mechanic: Resurrection,LG/S,21200000.0,104500000.0,2016,94.0,"Aug 26, 2016",Mechanic: Resurrection,40000000.0,21218403.0,109738840.0
Ride Along 2,Uni.,91200000.0,33400000.0,2016,95.0,"Jan 15, 2016",Ride Along 2,40000000.0,90862685.0,124827316.0
Deepwater Horizon,LG/S,61400000.0,60400000.0,2016,47.0,"Sep 30, 2016",Deepwater Horizon,156000000.0,61433527.0,122603824.0
Allied,Par.,40100000.0,79400000.0,2016,47.0,"Nov 23, 2016",Allied,106000000.0,40098064.0,119266661.0
The Shallows,Sony,55100000.0,64000000.0,2016,54.0,"Jun 24, 2016",The Shallows,13000000.0,55121623.0,118763442.0
The Purge: Election Year,Uni.,79200000.0,39400000.0,2016,42.0,"Jul 1, 2016",The Purge: Election Year,10000000.0,79042440.0,118514727.0
Why Him?,Fox,60300000.0,57800000.0,2016,62.0,"Dec 23, 2016",Why Him?,38000000.0,60323786.0,117425156.0
Finding Mr. Right 2,CL,,114700000.0,2016,,,,,,
Office Christmas Party,Par.,54800000.0,59700000.0,2016,81.0,"Dec 9, 2016",Office Christmas Party,45000000.0,54767494.0,91323299.0
How to Be Single,WB (NL),46800000.0,65500000.0,2016,98.0,"Feb 12, 2016",How to be Single,37000000.0,46843513.0,100003780.0
10 Cloverfield Lane,Par.,72100000.0,38100000.0,2016,54.0,"Mar 11, 2016",10 Cloverfield Lane,5000000.0,72082999.0,108286422.0
The 5th Wave,Sony,34900000.0,75000000.0,2016,69.0,"Jan 22, 2016",The 5th Wave,38000000.0,34912982.0,111336398.0
Neighbors 2: Sorority Rising,Uni.,55500000.0,52600000.0,2016,56.0,"May 20, 2016",Neighbors 2: Sorority Rising,35000000.0,55340730.0,108757621.0
Cold War 2,WGUSA,561000.0,102600000.0,2016,,,,,,
The Little Prince,EOne,1300000.0,96200000.0,2016,19.0,"Feb 12, 2016",The Little Prince,77500000.0,1311213.0,102028919.0
Dirty Grandpa,LGF,35600000.0,58500000.0,2016,62.0,"Jan 22, 2016",Dirty Grandpa,11500000.0,35593113.0,105078449.0
Ben-Hur (2016),Par.,26400000.0,67700000.0,2016,,,,,,
Money Monster,TriS,41000000.0,52300000.0,2016,98.0,"May 13, 2016",Money Monster,27000000.0,41012075.0,93466095.0
My Big Fat Greek Wedding 2,Uni.,59700000.0,29200000.0,2016,77.0,"Mar 25, 2016",My Big Fat Greek Wedding 2,18000000.0,59689605.0,92096558.0
Collateral Beauty,WB (NL),31000000.0,57500000.0,2016,13.0,"Dec 16, 2016",Collateral Beauty,36000000.0,31016021.0,85309093.0
Train to Busan,WGUSA,2100000.0,85400000.0,2016,,,,,,
Sultan,Yash,6200000.0,81100000.0,2016,100.0,"Jul 6, 2016",Sultan,11000000.0,5599781.0,72989781.0
War Dogs,WB,43000000.0,43200000.0,2016,45.0,"Aug 19, 2016",War Dogs,50000000.0,43034523.0,86234503.0
Nerve,LGF,38600000.0,46700000.0,2016,43.0,"Jul 27, 2016",Nerve,20000000.0,38583626.0,70652284.0
Ouija: Origin of Evil,Uni.,35100000.0,46600000.0,2016,75.0,"Oct 21, 2016",Ouija: Origin of Evil,9000000.0,35144505.0,81831866.0
Manchester by the Sea,RAtt.,47700000.0,31300000.0,2016,30.0,"Nov 18, 2016",Manchester by the Sea,8500000.0,47695371.0,77733867.0
The Boss,Uni.,63300000.0,15600000.0,2016,17.0,"Apr 8, 2016",The Boss,29000000.0,63077560.0,78652207.0
Shin Godzilla,FUN,1900000.0,76000000.0,2016,,,,,,
Mike and Dave Need Wedding Dates,Fox,46000000.0,31100000.0,2016,73.0,"Jul 8, 2016",Mike and Dave Need Wedding Dates,33000000.0,46009673.0,75898100.0
Boo! A Madea Halloween,LGF,73200000.0,1600000.0,2016,,,,,,
Miracles from Heaven,TriS,61700000.0,12200000.0,2016,50.0,"Mar 16, 2016",Miracles from Heaven,13000000.0,61705123.0,73798736.0
I Am Not Madame Bovary,WGUSA,437000.0,70400000.0,2016,,,,,,
Kubo and the Two Strings,Focus,48000000.0,21900000.0,2016,22.0,"Aug 19, 2016",Kubo and the Two Strings,55000000.0,48023088.0,77548122.0
13 Hours: The Secret Soldiers of Benghazi,Par.,52900000.0,16600000.0,2016,30.0,"Jan 15, 2016",13 Hours: The Secret Soldiers of Benghazi,50000000.0,52853219.0,69411370.0
Moonlight (2016),A24,27900000.0,37200000.0,2016,,,,,,
Fences,Par.,57700000.0,6700000.0,2016,37.0,"Dec 16, 2016",Fences,24000000.0,57682904.0,64282881.0
The Boy (2016),STX,35800000.0,28400000.0,2016,,,,,,
"Hail, Caesar!",Uni.,30500000.0,33100000.0,2016,22.0,"Feb 5, 2016","Hail, Caesar!",22000000.0,30080225.0,64160680.0
The Nice Guys,WB,36300000.0,26500000.0,2016,56.0,"May 20, 2016",The Nice Guys,50000000.0,36261763.0,59596747.0
L.O.R.D: Legend of Ravaging Dynasties,AR,350000.0,57700000.0,2016,,,,,,
Nine Lives (2016),EC,19700000.0,38100000.0,2016,,,,,,
Zoolander 2,Par.,28800000.0,27900000.0,2016,64.0,"Feb 12, 2016",Zoolander 2,50000000.0,28848693.0,55348693.0
Barbershop: The Next Cut,WB (NL),54000000.0,1000000.0,2016,22.0,"Apr 15, 2016",Barbershop: The Next Cut,20000000.0,54030051.0,54404202.0
The Finest Hours,BV,27600000.0,24500000.0,2016,36.0,"Jan 29, 2016",The Finest Hours,70000000.0,27569558.0,49252761.0
Master,CJ,597000.0,51000000.0,2016,,,,,,
Patriots Day,LGF,31900000.0,18700000.0,2016,69.0,"Dec 21, 2016",Patriots Day,40000000.0,31886361.0,52837989.0
Florence Foster Jenkins,Par.,27400000.0,21500000.0,2016,22.0,"Aug 12, 2016",Florence Foster Jenkins,29000000.0,27383770.0,56000339.0
Mother's Day,ORF,32500000.0,15900000.0,2016,,,,,,
Luck-Key,JBG,467000.0,47700000.0,2016,,,,,,
Yo-kai Watch: The Movie,Elev.,257000.0,47600000.0,2016,,,,,,
A Monster Calls,Focus,3700000.0,43600000.0,2016,,,,,,
Eddie the Eagle,Fox,15800000.0,30400000.0,2016,86.0,"Feb 26, 2016",Eddie the Eagle,23000000.0,15789389.0,45060480.0
Risen,Sony,36900000.0,9200000.0,2016,48.0,"Feb 19, 2016",Risen,20000000.0,36880033.0,46255763.0
Blair Witch,LGF,20800000.0,24400000.0,2016,1.0,"Sep 16, 2016",Blair Witch,10000000.0,20777061.0,38985577.0
Cafe Society,LGF,11100000.0,32700000.0,2016,,,,,,
Almost Christmas,Uni.,42200000.0,422000.0,2016,81.0,"Nov 11, 2016",Almost Christmas,17000000.0,42065185.0,42493506.0
The Witch,A24,25100000.0,15300000.0,2016,94.0,"Feb 19, 2016",The Witch,3500000.0,25138705.0,40454520.0
The Wild Life (2016),LG/S,8000000.0,31500000.0,2016,,,,,,
Criminal (2016),LG/S,14700000.0,24100000.0,2016,,,,,,
Absolutely Fabulous: The Movie,FoxS,4800000.0,33100000.0,2016,,,,,,
Hell or High Water,LGF,27000000.0,10900000.0,2016,77.0,"Aug 12, 2016",Hell or High Water,12000000.0,27007844.0,37584304.0
The Forest,Focus,26600000.0,11000000.0,2016,92.0,"Jan 8, 2016",The Forest,10000000.0,26594261.0,40749230.0
Snowden,ORF,21600000.0,15700000.0,2016,79.0,"Sep 16, 2016",Snowden,50000000.0,21587519.0,35380918.0
Billy Lynn's Long Halftime Walk,TriS,1700000.0,29200000.0,2016,,,,,,
When the Bough Breaks,SGem,29700000.0,911000.0,2016,85.0,"Sep 9, 2016",When the Bough Breaks,10000000.0,29747603.0,30768449.0
Nocturnal Animals,Focus,10700000.0,19600000.0,2016,3.0,"Nov 18, 2016",Nocturnal Animals,22500000.0,10663357.0,32398681.0
Keeping Up with the Joneses,Fox,14900000.0,15000000.0,2016,,,,,,
Ae Dil Hai Mushkil,FIP,4300000.0,24100000.0,2016,,,,,,
Fan,Yash,2300000.0,25900000.0,2016,,,,,,
M.S. Dhoni: The Untold Story,FIP,1800000.0,26000000.0,2016,,,,,,
The Light Between Oceans,BV,12500000.0,13400000.0,2016,34.0,"Sep 2, 2016",The Light Between Oceans,20000000.0,12545979.0,22281732.0
The Brothers Grimsby,Sony,6900000.0,18300000.0,2016,39.0,"Mar 11, 2016",The Brothers Grimsby,35000000.0,6864016.0,28720470.0
Race (2016),Focus,19200000.0,5900000.0,2016,,,,,,
Free State of Jones,STX,20800000.0,4200000.0,2016,81.0,"Jun 24, 2016",Free State of Jones,50000000.0,20810036.0,23237252.0
A Beautiful Planet,Imax,15500000.0,9400000.0,2016,,,,,,
God's Not Dead 2,PFR,20800000.0,3700000.0,2016,,,,,,
Silence (2016),Par.,7100000.0,16600000.0,2016,,,,,,
Middle School: The Worst Years of My Life,LGF,20000000.0,3300000.0,2016,39.0,"Oct 7, 2016",Middle School: The Worst Years of My Life,8500000.0,20007149.0,23311293.0
Triple 9,ORF,12600000.0,10500000.0,2016,33.0,"Feb 26, 2016",Triple 9,20000000.0,12639297.0,25943792.0
Whiskey Tango Foxtrot,Par.,23100000.0,2267413.0,2016,6.0,"Mar 4, 2016",Whiskey Tango Foxtrot,35000000.0,23083334.0,25350747.0
Captain Fantastic,BST,5900000.0,16900000.0,2016,,,,,,
Live By Night,WB,10400000.0,12300000.0,2016,17.0,"Dec 25, 2016",Live by Night,65000000.0,10378555.0,21774432.0
Julieta,SPC,1500000.0,21000000.0,2016,,,,,,
Solace,LGP,,22400000.0,2016,,,,,,
Fifty Shades of Black,ORF,11700000.0,10500000.0,2016,15.0,"Jan 29, 2016",Fifty Shades of Black,5000000.0,11686940.0,22113075.0
Keanu,WB (NL),20600000.0,96288.0,2016,70.0,"Apr 29, 2016",Keanu,15000000.0,20591853.0,20688141.0
El Clan,FIP,201000.0,20200000.0,2016,,,,,,
The Edge of Seventeen,STX,14400000.0,4400000.0,2016,86.0,"Nov 18, 2016",The Edge of Seventeen,9000000.0,14431633.0,19096003.0
The Choice,LGF,18700000.0,,2016,,,,,,
Eye in the Sky,BST,18700000.0,16698206.0,2016,75.0,"Mar 11, 2016",Eye in the Sky,13000000.0,18704596.0,35402802.0
Bad Santa 2,BG,17800000.0,,2016,,,,,,
Regression,W/Dim.,55000.0,17600000.0,2016,,,,,,
Neerja,FIP,1600000.0,16000000.0,2016,,,,,,
Masterminds (2016),Rela.,17400000.0,,2016,,,,,,
Norm of the North,LGF,17100000.0,13473161.0,2016,9.0,"Jan 15, 2016",Norm of the North,18000000.0,17062499.0,30535660.0
Hardcore Henry,STX,9300000.0,7600000.0,2016,100.0,"Apr 8, 2016",Hardcore Henry,2000000.0,9252038.0,17187434.0
Pride and Prejudice and Zombies,SGem,10900000.0,5500000.0,2016,74.0,"Feb 5, 2016",Pride and Prejudice and Zombies,28000000.0,10907291.0,16638300.0
The Infiltrator,BG,15400000.0,5281296.0,2016,32.0,"Jul 13, 2016",The Infiltrator,47500000.0,15436808.0,20718104.0
Kapoor & Sons - Since 1921,FIP,2600000.0,12800000.0,2016,,,,,,
The Take (2016),HTR,50300.0,14800000.0,2016,,,,,,
Sword Master,WGUSA,75500.0,14600000.0,2016,,,,,,
"Hello, My Name is Doris",RAtt.,14400000.0,217704.0,2016,22.0,"Mar 11, 2016","Hello, My Name is Doris",1000000.0,14444999.0,14662703.0
The Other Side of the Door,Fox,3000000.0,11300000.0,2016,49.0,"Mar 4, 2016",The Other Side of the Door,5000000.0,3000342.0,12905107.0
Love & Friendship,RAtt.,14000000.0,,2016,,,,,,
Jackie,FoxS,14000000.0,22628118.0,2016,87.0,"Dec 2, 2016",Jackie,9000000.0,13960394.0,36588512.0
Sing Street,Wein.,3200000.0,10400000.0,2016,,,,,,
Shut In,EC,6900000.0,6200000.0,2016,50.0,"Nov 11, 2016",Shut In,10000000.0,6900335.0,11360665.0
Loving,Focus,7800000.0,5200000.0,2016,92.0,"Nov 4, 2016",Loving,9000000.0,7710234.0,12898064.0
The Beatles: Eight Days a Week - The Touring Years,Abr.,2900000.0,9400000.0,2016,,,,,,
The Man Who Knew Infinity,IFC,3900000.0,8400000.0,2016,67.0,"Apr 29, 2016",The Man Who Knew Infinity,10000000.0,3877922.0,12382122.0
No Manches Frida,PNT,11500000.0,,2016,,,,,,
The Darkness,BH Tilt,10800000.0,144719.0,2016,98.0,"May 13, 2016",The Darkness,4000000.0,10753574.0,10898293.0
Our Kind of Traitor,RAtt.,3200000.0,7600000.0,2016,,,,,,
The Perfect Match,LGF,9700000.0,745000.0,2016,22.0,"Mar 11, 2016",The Perfect Match,5000000.0,9669521.0,10182050.0
Queen of Katwe,BV,8900000.0,1500000.0,2016,6.0,"Sep 23, 2016",Queen of Katwe,15000000.0,8874389.0,10055481.0
Miss Sloane,EC,3500000.0,5600000.0,2016,36.0,"Nov 25, 2016",Miss Sloane,18000000.0,3500605.0,7719630.0
Ratchet & Clank,Focus,8800000.0,,2016,,,,,,
Morgan,Fox,3900000.0,4900000.0,2016,5.0,"Sep 2, 2016",Morgan,8000000.0,3915251.0,7298786.0
The Lobster (US Release),A24,8700000.0,,2016,,,,,,
My King (Mon roi),FM,54100.0,7900000.0,2016,,,,,,
Pele: Birth of a Legend,IFC,57000.0,7800000.0,2016,,,,,,
A Bigger Splash,FoxS,2000000.0,5500000.0,2016,,,,,,
Southside with You,RAtt.,6300000.0,208000.0,2016,,,,,,
The Young Messiah,Focus,6500000.0,843884.0,2016,17.0,"Mar 11, 2016",The Young Messiah,16800000.0,6469813.0,7313697.0
Incarnate,BH Tilt,4800000.0,1500000.0,2016,39.0,"Dec 2, 2016",Incarnate,5000000.0,4799774.0,9371036.0
Max Steel,ORF,3800000.0,2500000.0,2016,68.0,"Oct 14, 2016",Max Steel,10000000.0,3818664.0,4563080.0
Midnight Special,WB,3700000.0,2500000.0,2016,35.0,"Mar 18, 2016",Midnight Special,18000000.0,3712282.0,7680250.0
The Duelist,Sony,13500.0,6100000.0,2016,,,,,,
The Autopsy of Jane Doe,IFC,10500.0,6000000.0,2016,,,,,,
My Best Friend's Wedding (2016),Sony,78600.0,5600000.0,2016,,,,,,
Genius,RAtt.,1400000.0,4300000.0,2016,10.0,"Jun 10, 2016",Genius,17000000.0,1361045.0,7265283.0
20th Century Women,A24,5700000.0,,2016,,,,,,
Hunt for the Wilderpeople,Orch.,5200000.0,18640062.0,2016,25.0,"Jun 24, 2016",Hunt for the Wilderpeople,2500000.0,5205471.0,23845533.0
Bleed for This,ORF,5100000.0,1520020.0,2016,65.0,"Nov 18, 2016",Bleed for This,16000000.0,5083906.0,6603926.0
Hands of Stone,Wein.,4700000.0,319183.0,2016,74.0,"Aug 26, 2016",Hands of Stone,20000000.0,4712792.0,5031975.0
Men & Chicken,Drft.,30200.0,4600000.0,2016,,,,,,
The Meddler,SPC,4300000.0,1259723.0,2016,58.0,"Apr 22, 2016",The Meddler,3200000.0,4267219.0,5526942.0
A Hologram for the King,RAtt.,4200000.0,7633516.0,2016,47.0,"Apr 22, 2016",A Hologram for the King,35000000.0,4212494.0,11846010.0
Swiss Army Man,A24,4200000.0,1626657.0,2016,10.0,"Jun 24, 2016",Swiss Army Man,3000000.0,4210454.0,5837111.0
Denial,BST,4099999.0,5190492.0,2016,66.0,"Sep 30, 2016",Denial,10000000.0,4073448.0,9263940.0
Indignation,RAtt.,3400000.0,523000.0,2016,,,,,,
Kabali,CineGalaxy,3900000.0,,2016,,,,,,
Rules Don't Apply,Fox,3700000.0,233000.0,2016,,,,,,
Where to Invade Next,Drft.,3800000.0,,2016,,,,,,
Batman: The Killing Joke,Fathom,3800000.0,,2016,,,,,,
Naam Hai Akira,FIP,219000.0,3500000.0,2016,,,,,,
A Man Called Ove,MBox,3500000.0,,2016,,,,,,
Miles Ahead,SPC,2600000.0,850000.0,2016,,,,,,
Everybody Wants Some!!,Par.,3400000.0,2036848.0,2016,69.0,"Mar 30, 2016",Everybody Wants Some,10000000.0,3400278.0,5437126.0
Maggie's Plan,SPC,3400000.0,,2016,,,,,,
The Program (2016),EOne,13100.0,3300000.0,2016,,,,,,
Green Room,A24,3200000.0,587132.0,2016,46.0,"Apr 15, 2016",Green Room,5000000.0,3220371.0,3807503.0
The Eagle Huntress,SPC,3200000.0,,2016,,,,,,
Compadres,PNT,3100000.0,4317271.0,2016,21.0,"Apr 22, 2016",Compadres,3000000.0,3127773.0,7445044.0
Desierto,STX,2000000.0,1000000.0,2016,,,,,,
Anthropoid,BST,3000000.0,,2016,,,,,,
Hillsong - Let Hope Rise,PFR,2400000.0,255000.0,2016,,,,,,
El Jeremias,Sony,650000.0,1900000.0,2016,,,,,,
The Disappointments Room,Rela.,2400000.0,1080294.0,2016,30.0,"Sep 9, 2016",The Disappointments Room,15000000.0,2423467.0,3503761.0
Dear Zindagi,Relbig.,2400000.0,,2016,,,,,,
Elle,SPC,2300000.0,,2016,,,,,,
Paterson,BST,2200000.0,8586113.0,2016,54.0,"Dec 28, 2016",Paterson,5000000.0,2141423.0,10727536.0
Equals,A24,33300.0,2100000.0,2016,,,,,,
I'm Not Ashamed,PFR,2100000.0,,2016,,,,,,
The Dressmaker,BG,2000000.0,22019502.0,2016,57.0,"Sep 23, 2016",The Dressmaker,11900000.0,2022115.0,24041617.0
The Handmaiden,Magn.,2000000.0,,2016,,,,,,
Demolition,FoxS,2000000.0,,2016,,,,,,
American Honey,A24,663000.0,1200000.0,2016,15.0,"Sep 30, 2016",American Honey,3500000.0,663247.0,2611750.0
Busco Novio Para Mi Mujer,PNT,1700000.0,,2016,,,,,,
A Perfect Day,IFC,14000.0,1700000.0,2016,,,,,,
Weiner,IFC,1700000.0,,2016,,,,,,
Rustom,Zee,1100000.0,571000.0,2016,,,,,,
I Saw the Light,SPC,1600000.0,,2016,,,,,,
Jane Got a Gun,Wein.,1500000.0,2257552.0,2016,12.0,"Jan 29, 2016",Jane Got a Gun,25000000.0,1513793.0,3771345.0
Toni Erdmann,SPC,1500000.0,,2016,,,,,,
The Neon Demon,BG,1300000.0,2226679.0,2016,68.0,"Jun 24, 2016",The Neon Demon,7500000.0,1333124.0,3559803.0
Embrace of the Serpent,Osci.,1300000.0,,2016,,,,,,
Housefull 3,Eros,1300000.0,,2016,,,,,,
Mohenjo Daro,UTV,1300000.0,,2016,,,,,,
Lazer Team,Ampl.,1200000.0,,2016,,,,,,
The Music of Strangers,Orch.,1200000.0,,2016,,,,,,
Dough,Men.,1100000.0,,2016,,,,,,
Ma ma,Osci.,47300.0,1100000.0,2016,,,,,,
Wazir,Relbig.,1100000.0,,2016,,,,,,
Papa: Hemingway in Cuba,YFG,1100000.0,,2016,,,,,,
Certain Women,IFC,1100000.0,,2016,,,,,,
The Innocents,MBox,1100000.0,,2016,,,,,,
Elvis & Nixon,BST,1100000.0,,2016,,,,,,
Operation Chromite,CJ,1000000.0,48173812.0,2016,15.0,"Aug 5, 2016",Operation Chromite,12700000.0,1022720.0,49196532.0
Baar Baar Dekho,Eros,982000.0,,2016,,,,,,
Dark Horse (2016),SPC,941000.0,,2016,,,,,,
Neruda,Orch.,939000.0,,2016,,,,,,
Gentleman,Gaatri,898000.0,,2016,,,,,,
Ki & Ka,Eros,858000.0,,2016,,,,,,
Dishoom,Eros,813000.0,,2016,,,,,,
The Wailing (Goksung),WGUSA,787000.0,,2016,,,,,,
Chongqing Hot Pot,CL,780000.0,,2016,,,,,,
The Polar Express (2016 re-issue),WB,765000.0,,2016,,,,,,
Little Men (2016),Magn.,703000.0,,2016,,,,,,
Chaar Sahibzaade: Rise of Band Singh Bahadur,Eros,701000.0,,2016,,,,,,
Born to be Blue (US Release),IFC,678000.0,,2016,,,,,,
City of Gold,IFC,641000.0,,2016,,,,,,
Remember (US Release),A24,638000.0,,2016,,,,,,
Embrace: The Documentary,Gathr,629000.0,,2016,,,,,,
Tickled,Magn.,614000.0,,2016,,,,,,
"Lo and Behold, Reveries of the Connected World",Magn.,595000.0,,2016,,,,,,
A Tale of Love and Darkness,FCW,572000.0,,2016,,,,,,
Tunnel,WGUSA,569000.0,,2016,,,,,,
Knight of Cups,BG,566000.0,,2016,,,,,,
Harry & Snowman,FR,561000.0,,2016,,,,,,
Viral,W/Dim.,,552000.0,2016,,,,,,
American Pastoral,LGF,544000.0,,2016,,,,,,
The Age of Shadows,CJ,542000.0,,2016,,,,,,
Fitoor,UTV,529000.0,,2016,,,,,,
The First Monday in May,Magn.,527000.0,,2016,,,,,,
Marguerite,Cohen,497000.0,,2016,,,,,,
The Boy and the Beast,FUN,491000.0,,2016,,,,,,
Wiener-Dog,IFC,477000.0,,2016,,,,,,
Our Little Sister,SPC,468000.0,,2016,,,,,,
Only Yesterday (2016 re-release),GK,453000.0,,2016,,,,,,
Baaghi,UTV,438000.0,,2016,,,,,,
Land of Mine,SPC,435000.0,,2016,,,,,,
Things To Come,IFC,388000.0,,2016,,,,,,
The Lobster (Canada Release),Mon,377000.0,,2016,,,,,,
Mr. Donkey,CL,356000.0,,2016,,,,,,
Happy Bhaag Jayegi,Eros,352000.0,,2016,,,,,,
High-Rise,Magn.,346000.0,,2016,,,,,,
Te3n,Rel.,332000.0,,2016,,,,,,
Francofonia,MBox,307000.0,,2016,,,,,,
Mia Madre,MBox,303000.0,,2016,,,,,,
April and the Extraordinary World,GK,295000.0,,2016,,,,,,
Ixcanul,KL,295000.0,,2016,,,,,,
The People vs. Fritz Bauer,Cohen,288000.0,,2016,,,,,,
Aquarius,Vita.,286000.0,,2016,,,,,,
Kingsglaive: Final Fantasy: XV,VE,270000.0,,2016,,,,,,
My Golden Days,Magn.,269000.0,,2016,,,,,,
The Family Fang,SM,263000.0,,2016,,,,,,
Dheepan,IFC,262000.0,7455562.0,2016,12.0,"May 6, 2016",Dheepan,9000000.0,248795.0,7704357.0
"Life, Animated",Orch.,255000.0,,2016,,,,,,
Oasis: Supersonic,A24,243000.0,,2016,,,,,,
The Invitation,Drft.,232000.0,123098.0,2016,74.0,"Apr 8, 2016",The Invitation,1000000.0,231738.0,354836.0
Miss Hokusai,GK,223000.0,,2016,,,,,,
Kaptaan,UTV,204000.0,,2016,,,,,,
League of Gods,Sony,182000.0,,2016,,,,,,
Viva,Magn.,178000.0,,2016,,,,,,
The Wave,Magn.,177000.0,,2016,,,,,,
Asura: The City of Madness,CJ,176000.0,,2016,,,,,,
Louder than Bombs,Orch.,164000.0,,2016,,,,,,
Howards End (2016 Restoration),Cohen,160000.0,,2016,,,,,,
Sunset Song,Magn.,160000.0,,2016,,,,,,
Born to be Blue,EOne,152000.0,,2016,,,,,,
Seasons,MBox,150000.0,,2016,,,,,,
Rams (Hrútar),Cohen,149000.0,,2016,,,,,,
Tumbledown,SM,135000.0,,2016,,,,,,
The Brand New Testament,MBox,128000.0,,2016,,,,,,
Spirits' Homecoming,PM&E,126000.0,,2016,,,,,,
Sweet Bean,KL,125000.0,,2016,,,,,,
A War,Magn.,123000.0,,2016,,,,,,
Fire at Sea,KL,121000.0,,2016,,,,,,
Hockney,FM,121000.0,,2016,,,,,,
Three,WGUSA,120000.0,,2016,,,,,,
Tale of Tales,IFC,119000.0,,2016,,,,,,
The Measure of a Man,KL,112000.0,,2016,,,,,,
Aferim!,BWP,108000.0,,2016,,,,,,
Until Forever (Por Siempre),CZ,105000.0,,2016,,,,,,
Under the Sun (2016),Icar.,105000.0,,2016,,,,,,
Our Last Tango,Strand,100000.0,,2016,,,,,,
Rock On 2,Eros,98900.0,,2016,,,,,,
Seondal: The Man Who Sells the River,CJ,97500.0,,2016,,,,,,
So Young 2: Never Gone,CL,96400.0,,2016,,,,,,
"New York, New York (2016)",CL,92400.0,,2016,,,,,,
Fireworks Wednesday,Ghop,90500.0,,2016,,,,,,
No One's Life Is Easy: So I Married an Anti-Fan,CL,89300.0,,2016,,,,,,
"My Love, Don't Cross that River",FM,88000.0,,2016,,,,,,
Author: The JT LeRoy Story,Magn.,86000.0,,2016,,,,,,
Mountains May Depart,KL,82900.0,,2016,,,,,,
Cock and Bull,CL,82800.0,,2016,,,,,,
A Street Cat Named Bob,Cleopatra,82700.0,17299990.0,2016,31.0,"Nov 18, 2016",A Street Cat Named Bob,8000000.0,82703.0,17382693.0
Les cowboys,Cohen,80800.0,,2016,,,,,,
Saala Khadoos,UTV,76900.0,,2016,,,,,,
The Monster (2016),A24,12500.0,62200.0,2016,,,,,,
Dancer,IFC,71900.0,,2016,,,,,,
Sweet 20,CJ,71800.0,,2016,,,,,,
The Dark Horse,BG,67500.0,,2016,,,,,,
Phantom Detective,CJ,67100.0,,2016,,,,,,
Ran (2016 re-issue),Rialto,66100.0,,2016,,,,,,
Microbe & Gasoline,Scre.,63800.0,,2016,,,,,,
Time Renegades,CJ,59400.0,,2016,,,,,,
Vanishing Time: A Boy Who Returned,Dreamwest,57800.0,,2016,,,,,,
DONGJU: The Portrait of a Poet,CJ,56600.0,,2016,,,,,,
L'attesa,Osci.,55800.0,,2016,,,,,,
The Lovers and the Despot,Magn.,55500.0,,2016,,,,,,
Clown,W/Dim.,55000.0,,2016,,,,,,
Diary of a Chambermaid,Cohen,54200.0,,2016,,,,,,
High Strung (2016),Pala.,53400.0,,2016,,,,,,
The Club,MBox,52800.0,,2016,,,,,,
Being 17,Strand,52700.0,,2016,,,,,,
The Last Man on the Moon,Grav.,52500.0,,2016,,,,,,
My Annoying Brother,CJ,52000.0,,2016,,,,,,
Cemetery of Splendor,Strand,52000.0,,2016,,,,,,
Disorder,IFC,51900.0,,2016,,,,,,
Like for Likes,CJ,50800.0,,2016,,,,,,
In the Shadow of Women,Distrib.,50300.0,,2016,,,,,,
In Order of Disappearance,Magn.,50300.0,,2016,,,,,,
The Treasure,SDS,50200.0,,2016,,,,,,
Fatima,KL,50100.0,,2016,,,,,,
We Are X,Drft.,45300.0,,2016,,,,,,
A Melody to Remember,CJ,44300.0,,2016,,,,,,
Phantom of the Theatre,WGUSA,44000.0,,2016,,,,,,
Mastizaade,Eros,43400.0,,2016,,,,,,
Closet Monster,Strand,42200.0,,2016,,,,,,
Troublemakers: The Story of Land Art,FRun,29500.0,9100.0,2016,,,,,,
Come What May,Cohen,37800.0,,2016,,,,,,
Until Forever,Linn,35800.0,,2016,,,,,,
Summertime (2016),Strand,35300.0,,2016,,,,,,
Songs My Brothers Taught Me,KL,34800.0,,2016,,,,,,
Mr. Right,FCW,34700.0,,2016,,,,,,
Phantom Boy,GK,34400.0,,2016,,,,,,
Sweet Sixteen (Xia You Qiao Mu),CL,34300.0,,2016,,,,,,
Eisenstein in Guanajuato,Strand,34300.0,,2016,,,,,,
Last Cab to Darwin,FRun,34200.0,,2016,,,,,,
The Map Against the World,CJ,34000.0,,2016,,,,,,
Kaili Blues,Ghop,32200.0,,2016,,,,,,
Anesthesia,IFC,32200.0,,2016,,,,,,
"Rio, I Love You",Scre.,32000.0,,2016,,,,,,
As I Open My Eyes,KL,31000.0,,2016,,,,,,
The Son of Joseph,KL,30600.0,,2016,,,,,,
From Afar,Strand,30200.0,,2016,,,,,,
For a Few Bullets,CL,30100.0,,2016,,,,,,
The Last Princess,CJ,29300.0,,2016,,,,,,
Valley of Love,Strand,28600.0,,2016,,,,,,
Blackway,Electric,27100.0,,2016,,,,,,
Neon Bull,KL,26700.0,,2016,,,,,,
Papa (Luo shan ji dao dan ji hua),Jampa,26700.0,,2016,,,,,,
Standing Tall (La tete haute),Cohen,26100.0,,2016,,,,,,
Chevalier,Strand,25700.0,,2016,,,,,,
The New Year's Eve of Old Lee,CL,25400.0,,2016,,,,,,
Cosmos,KL,25300.0,,2016,,,,,,
A Monster with a Thousand Heads,MBox,24900.0,,2016,,,,,,
Evolution,IFC,24800.0,,2016,,,,,,
"Right Now, Wrong Then",Ghop,24500.0,,2016,,,,,,
Lolo,FR,24100.0,,2016,,,,,,
Sanam Teri Kasam,Eros,22100.0,,2016,,,,,,
Term Life,FCW,21300.0,,2016,,,,,,
The Sea of Trees,A24,20400.0,,2016,,,,,,
Wildflower (Secretos del Alma),CZ,18100.0,,2016,,,,,,
Colonia,Scre.,15700.0,,2016,,,,,,
Argentina,FRun,14900.0,,2016,,,,,,
Remember You,CJ,14800.0,,2016,,,,,,
Adderall Diaries,A24,13200.0,,2016,,,,,,
Neither Heaven Nor Earth,FM,12800.0,,2016,,,,,,
The Ones Below,Magn.,12500.0,,2016,,,,,,
"Kiki, Love to Love",Strand,12500.0,,2016,,,,,,
Don't Call Me Son,Zeit.,11700.0,,2016,,,,,,
Jeruzalem,EpicPics,11300.0,,2016,,,,,,
Serial Killer 1,KL,10300.0,,2016,,,,,,
Chronic,MR,9000.0,,2016,,,,,,
Magnus,FR,8900.0,,2016,,,,,,
The Last King,Magn.,8900.0,,2016,,,,,,
Mojave,A24,8300.0,,2016,,,,,,
The Other Side,FM,8100.0,,2016,,,,,,
The President,Crnth,7600.0,,2016,,,,,,
They Will Have to Kill Us First,BBC,7500.0,7943.0,2016,16.0,"Mar 4, 2016",They Will Have to Kill Us First,600000.0,0.0,7943.0
The Carer,Crnth,6200.0,,2016,,,,,,
Klown Forever,Drft.,5700.0,,2016,,,,,,
Search Party,FCW,4600.0,,2016,,,,,,
In Harmony,Distrib.,3100.0,,2016,,,,,,
In Her Name (Au nom de ma fille),Distrib.,1600.0,,2016,,,,,,
Next Time I'll Aim for the Heart,Distrib.,800.0,,2016,,,,,,
The Student and Mr. Henri,Distrib.,800.0,,2016,,,,,,
Down By Love,Distrib.,700.0,,2016,,,,,,
News From Planet Mars,KL,300.0,,2016,,,,,,
Satanic,Magn.,300.0,,2016,,,,,,
Star Wars: The Last Jedi,BV,620200000.0,712400000.0,2017,,,,,,
Beauty and the Beast (2017),BV,504000000.0,759500000.0,2017,,,,,,
The Fate of the Furious,Uni.,226000000.0,1010.0,2017,23.0,"Apr 14, 2017",The Fate of the Furious,250000000.0,225764765.0,1234846267.0
Despicable Me 3,Uni.,264600000.0,770200000.0,2017,30.0,"Jun 30, 2017",Despicable Me 3,75000000.0,264624300.0,1034727750.0
Jumanji: Welcome to the Jungle,Sony,404500000.0,557600000.0,2017,38.0,"Dec 20, 2017",Jumanji: Welcome to the Jungle,90000000.0,404508916.0,964496193.0
Spider-Man: Homecoming,Sony,334200000.0,546000000.0,2017,99.0,"Jul 7, 2017",Spider-Man: Homecoming,175000000.0,334201140.0,880166350.0
Wolf Warrior 2,HC,2700000.0,867600000.0,2017,,,,,,
Guardians of the Galaxy Vol. 2,BV,389800000.0,473900000.0,2017,49.0,"May 5, 2017",Guardians of the Galaxy Vol 2,200000000.0,389813101.0,862316233.0
Thor: Ragnarok,BV,315100000.0,538900000.0,2017,82.0,"Nov 3, 2017",Thor: Ragnarok,180000000.0,315058289.0,846980024.0
Wonder Woman,WB,412600000.0,409300000.0,2017,55.0,"Jun 2, 2017",Wonder Woman,150000000.0,412563408.0,821133378.0
Coco,BV,209700000.0,597400000.0,2017,2.0,"Nov 22, 2017",Coco,175000000.0,209726015.0,798008101.0
Pirates of the Caribbean: Dead Men Tell No Tales,BV,172600000.0,622300000.0,2017,25.0,"May 26, 2017",Pirates of the Caribbean: Dead Men Tell No Tales,230000000.0,172558876.0,788241137.0
It,WB (NL),327500000.0,372900000.0,2017,24.0,"Sep 8, 2017",It,35000000.0,327481748.0,697457969.0
Justice League,WB,229000000.0,428900000.0,2017,9.0,"Nov 17, 2017",Justice League,300000000.0,229024295.0,655945209.0
Logan (2017),Fox,226300000.0,392700000.0,2017,,,,,,
Transformers: The Last Knight,Par.,130199999.0,475300000.0,2017,33.0,"Jun 21, 2017",Transformers: The Last Knight,217000000.0,130168683.0,602893340.0
Kong: Skull Island,WB,168100000.0,398600000.0,2017,78.0,"Mar 10, 2017",Kong: Skull Island,185000000.0,168052812.0,561072059.0
The Boss Baby,Fox,175000000.0,353000000.0,2017,71.0,"Mar 31, 2017",The Boss Baby,125000000.0,175003033.0,510878762.0
Dunkirk,WB,188000000.0,337200000.0,2017,69.0,"Jul 21, 2017",Dunkirk,150000000.0,190068280.0,499837368.0
War for the Planet of the Apes,Fox,146900000.0,343800000.0,2017,52.0,"Jul 14, 2017",War for the Planet of the Apes,152000000.0,146880162.0,489592267.0
The Greatest Showman,Fox,174300000.0,260700000.0,2017,25.0,"Dec 20, 2017",The Greatest Showman,84000000.0,174340174.0,386665550.0
Kingsman: The Golden Circle,Fox,100200000.0,310700000.0,2017,54.0,"Sep 22, 2017",Kingsman: The Golden Circle,104000000.0,100234838.0,408803696.0
The Mummy (2017),Uni.,80200000.0,329000000.0,2017,,,,,,
Cars 3,BV,152900000.0,231000000.0,2017,5.0,"Jun 16, 2017",Cars 3,175000000.0,152901115.0,383541369.0
Fifty Shades Darker,Uni.,114600000.0,267000000.0,2017,91.0,"Feb 10, 2017",Fifty Shades Darker,55000000.0,114434010.0,381398492.0
Your Name.,FUN,5000000.0,353000000.0,2017,,,,,,
Murder on the Orient Express (2017),Fox,102800000.0,250000000.0,2017,,,,,,
xXx: The Return of Xander Cage,Par.,44900000.0,301200000.0,2017,,,,,,
The Great Wall,Uni.,45500000.0,289400000.0,2017,92.0,"Feb 17, 2017",The Great Wall,150000000.0,45157105.0,334486852.0
Resident Evil: The Final Chapter,SGem,26800000.0,285400000.0,2017,84.0,"Jan 27, 2017",Resident Evil: The Final Chapter,40000000.0,26844692.0,314101190.0
The LEGO Batman Movie,WB,175800000.0,136200000.0,2017,41.0,"Feb 10, 2017",The Lego Batman Movie,80000000.0,175750384.0,310660018.0
Annabelle: Creation,WB (NL),102100000.0,204400000.0,2017,2.0,"Aug 11, 2017",Annabelle: Creation,15000000.0,102092201.0,305384865.0
Wonder,LGF,132400000.0,173500000.0,2017,95.0,"Nov 17, 2017",Wonder,20000000.0,132422809.0,304604712.0
Ferdinand,Fox,84400000.0,211700000.0,2017,14.0,"Dec 15, 2017",Ferdinand,111000000.0,84410380.0,289847930.0
Split,Uni.,138300000.0,140200000.0,2017,50.0,"Jan 20, 2017",Split,5000000.0,138141585.0,278964806.0
Blade Runner 2049,WB,92100000.0,167200000.0,2017,80.0,"Oct 6, 2017",Blade Runner 2049,185000000.0,92054159.0,259357408.0
Get Out,Uni.,176000000.0,79400000.0,2017,49.0,"Feb 24, 2017",Get Out,5000000.0,176040665.0,255367951.0
Kung Fu Yoga,WGUSA,363000.0,253800000.0,2017,,,,,,
Baahubali 2: The Conclusion,GrtIndia,20200000.0,234000000.0,2017,55.0,"Apr 28, 2017",Baahubali 2: The Conclusion,30000000.0,18985794.0,263502914.0
Journey to the West: The Demons Strike Back,Sony,880000.0,245700000.0,2017,,,,,,
Alien: Covenant,Fox,74300000.0,166600000.0,2017,12.0,"May 19, 2017",Alien: Covenant,97000000.0,74262031.0,238521247.0
Baby Driver,TriS,107800000.0,119100000.0,2017,59.0,"Jun 28, 2017",Baby Driver,34000000.0,107825862.0,228104185.0
Valerian and the City of a Thousand Planets,STX,41200000.0,184700000.0,2017,90.0,"Jul 21, 2017",Valerian and the City of a Thousand Planets,180000000.0,40479370.0,215098356.0
Geostorm,WB,33700000.0,187900000.0,2017,99.0,"Oct 20, 2017",Geostorm,100000000.0,33700160.0,220796009.0
The Emoji Movie,Sony,86100000.0,131699999.0,2017,7.0,"Jul 28, 2017",The Emoji Movie,50000000.0,86089513.0,216562312.0
A Dog's Purpose,Uni.,64500000.0,140500000.0,2017,,,,,,
Smurfs: The Lost Village,Sony,45000000.0,152200000.0,2017,5.0,"Apr 7, 2017",Smurfs: The Lost Village,60000000.0,45020282.0,197578586.0
The Shape of Water,FoxS,63900000.0,131400000.0,2017,19.0,"Dec 1, 2017",The Shape of Water,19500000.0,63859435.0,195790794.0
Pitch Perfect 3,Uni.,104900000.0,80500000.0,2017,58.0,"Dec 22, 2017",Pitch Perfect 3,45000000.0,104897530.0,185736412.0
Daddy's Home 2,Par.,104000000.0,76600000.0,2017,,,,,,
The Post,Fox,81900000.0,97900000.0,2017,9.0,"Dec 22, 2017",The Post,50000000.0,81903458.0,179748880.0
Baywatch,Par.,58100000.0,119800000.0,2017,86.0,"May 25, 2017",Baywatch,60000000.0,58060186.0,175863783.0
The Hitman's Bodyguard,LG/S,75500000.0,101100000.0,2017,,,,,,
John Wick: Chapter Two,LG/S,92000000.0,79500000.0,2017,94.0,"Feb 10, 2017",John Wick: Chapter Two,40000000.0,92029184.0,171350009.0
Ghost in the Shell (2017),Par.,40600000.0,129199999.0,2017,,,,,,
"Three Billboards Outside Ebbing, Missouri",FoxS,54500000.0,104700000.0,2017,59.0,"Nov 10, 2017","Three Billboards Outside Ebbing, Missouri",12000000.0,54513740.0,160191915.0
Duckweed,CL,472000.0,150600000.0,2017,,,,,,
Darkest Hour,Focus,56500000.0,94400000.0,2017,84.0,"Nov 22, 2017",Darkest Hour,30000000.0,56443120.0,150807172.0
King Arthur: Legend of the Sword,WB,39200000.0,109500000.0,2017,11.0,"May 12, 2017",King Arthur: Legend of the Sword,175000000.0,39175066.0,139630336.0
The Foreigner,STX,34400000.0,111000000.0,2017,81.0,"Oct 13, 2017",The Foreigner,35000000.0,34393507.0,140783360.0
Power Rangers (2017),LGF,85400000.0,57000000.0,2017,,,,,,
Girls Trip,Uni.,115200000.0,25400000.0,2017,36.0,"Jul 21, 2017",Girls Trip,28000000.0,115108515.0,140886353.0
American Made,Uni.,51300000.0,83500000.0,2017,32.0,"Sep 29, 2017",American Made,50000000.0,51342000.0,135569212.0
A Bad Moms Christmas,STX,72100000.0,58400000.0,2017,40.0,"Nov 1, 2017",A Bad Moms Christmas,28000000.0,72110659.0,127710550.0
Captain Underpants: The First Epic Movie,Fox,73900000.0,51600000.0,2017,59.0,"Jun 2, 2017",Captain Underpants: The First Epic Movie,38000000.0,73921000.0,126577874.0
Happy Death Day,Uni.,55700000.0,69800000.0,2017,58.0,"Oct 13, 2017",Happy Death Day,5000000.0,55683845.0,125010260.0
The LEGO Ninjago Movie,WB,59300000.0,63800000.0,2017,20.0,"Sep 22, 2017",The Lego Ninjago Movie,70000000.0,59281555.0,122737201.0
Secret Superstar,,,122000000.0,2017,,,,,,
The Dark Tower,Sony,50700000.0,62500000.0,2017,95.0,"Aug 4, 2017",The Dark Tower,60000000.0,50701325.0,113461527.0
Buddies in India,CL,293000.0,109300000.0,2017,,,,,,
Leap!,Wein.,21900000.0,81400000.0,2017,,,,,,
Jigsaw,LGF,38100000.0,64900000.0,2017,61.0,"Oct 27, 2017",Jigsaw,10000000.0,38052832.0,102445196.0
Railroad Tigers,WGUSA,218000.0,102000000.0,2017,,,,,,
Life (2017),Sony,30200000.0,70300000.0,2017,,,,,,
Atomic Blonde,Focus,51700000.0,48300000.0,2017,94.0,"Jul 28, 2017",Atomic Blonde,30000000.0,51573925.0,98345423.0
The Shack,LG/S,57400000.0,39600000.0,2017,,,,,,
Some Like It Hot (Qing Shung),CL,100000.0,95600000.0,2017,,,,,,
Tiger Zinda Hai,Yash,5600000.0,81800000.0,2017,,,,,,
Going in Style (2017),WB (NL),45000000.0,39900000.0,2017,,,,,,
Rings,Par.,27800000.0,55300000.0,2017,38.0,"Feb 3, 2017",Rings,25000000.0,27793018.0,82917283.0
A Taxi Driver,WGUSA,1500000.0,80100000.0,2017,,,,,,
Underworld: Blood Wars,SGem,30400000.0,50700000.0,2017,91.0,"Jan 6, 2017",Underworld: Blood Wars,35000000.0,30353973.0,81209222.0
Lady Bird,A24,49000000.0,30000000.0,2017,53.0,"Nov 3, 2017",Lady Bird,10000000.0,48958273.0,78610769.0
American Assassin,LGF,36200000.0,31000000.0,2017,28.0,"Sep 15, 2017",American Assassin,63000000.0,36249674.0,68310140.0
One Piece Film: Gold,FUN,424000.0,65800000.0,2017,,,,,,
Victoria and Abdul,Focus,22200000.0,43200000.0,2017,73.0,"Sep 22, 2017",Victoria and Abdul,21000000.0,22245070.0,68271146.0
The Nut Job 2: Nutty by Nature,ORF,28400000.0,36800000.0,2017,81.0,"Aug 11, 2017",The Nut Job 2: Nutty by Nature,40000000.0,28370522.0,57438389.0
Monster Trucks,Par.,33400000.0,31100000.0,2017,81.0,"Jan 13, 2017",Monster Trucks,125000000.0,33370166.0,61642798.0
The Mountain Between Us,Fox,30300000.0,32500000.0,2017,,,,,,
The Star,Sony,40900000.0,22000000.0,2017,39.0,"Nov 17, 2017",The Star,20000000.0,40847995.0,62758010.0
How to be a Latin Lover,PNT,32100000.0,29700000.0,2017,75.0,"Apr 28, 2017",How to Be a Latin Lover,10000000.0,32149404.0,62556228.0
"Everything, Everything",WB,34100000.0,27500000.0,2017,70.0,"May 19, 2017","Everything, Everything",10000000.0,34121140.0,61603136.0
Snatched,Fox,45900000.0,15000000.0,2017,51.0,"May 12, 2017",Snatched,42000000.0,45852178.0,57852177.0
My Little Pony: The Movie,LGF,21900000.0,38400000.0,2017,,,,,,
Molly's Game,STX,28800000.0,30500000.0,2017,,,,,,
All the Money in the World,TriS,25100000.0,31900000.0,2017,,,,,,
The Big Sick,LGF,42900000.0,13500000.0,2017,64.0,"Jun 23, 2017",The Big Sick,5000000.0,42872467.0,53972860.0
Confidential Assignment,CJ,476000.0,55500000.0,2017,,,,,,
Downsizing,Par.,24400000.0,30600000.0,2017,62.0,"Dec 22, 2017",Downsizing,68000000.0,24449754.0,54462971.0
"I, Tonya",Neon,30000000.0,23900000.0,2017,83.0,"Dec 8, 2017","I, Tonya",11000000.0,30014534.0,53797409.0
Logan Lucky,BST,27800000.0,20700000.0,2017,21.0,"Aug 18, 2017",Logan Lucky,29000000.0,27778642.0,44264271.0
Tyler Perry's Boo 2! A Madea Halloween,LGF,47300000.0,1000000.0,2017,,,,,,
Phantom Thread,Focus,21200000.0,26600000.0,2017,,,,,,
Rough Night,Sony,22100000.0,25200000.0,2017,87.0,"Jun 16, 2017",Rough Night,20000000.0,22105643.0,46844357.0
The Battleship Island,CJ,1100000.0,45000000.0,2017,,,,,,
Flatliners (2017),Sony,16900000.0,28300000.0,2017,,,,,,
All Eyez on Me,LG/S,44900000.0,9954553.0,2017,91.0,"Jun 16, 2017",All Eyez on Me,45000000.0,44922302.0,54876855.0
mother!,Par.,17800000.0,26700000.0,2017,59.0,"Sep 15, 2017",mother!,30000000.0,17800004.0,42531076.0
47 Meters Down,ENTMP,44300000.0,,2017,,,,,,
The Snowman,Uni.,6700000.0,36400000.0,2017,40.0,"Oct 20, 2017",The Snowman,35000000.0,6670765.0,43226146.0
Gifted,FoxS,24800000.0,18200000.0,2017,4.0,"Apr 7, 2017",Gifted,7000000.0,24801212.0,36964656.0
Loving Vincent,Good Deed,6700000.0,35500000.0,2017,,,,,,
Call Me by Your Name,SPC,18100000.0,23800000.0,2017,,,,,,
T2: Trainspotting,TriS,2400000.0,39300000.0,2017,40.0,"Mar 17, 2017",T2: Trainspotting,18000000.0,2402004.0,42091262.0
Fist Fight,WB (NL),32200000.0,8900000.0,2017,29.0,"Feb 17, 2017",Fist Fight,25000000.0,32187017.0,40286416.0
Diary of a Wimpy Kid: The Long Haul,Fox,20700000.0,19400000.0,2017,27.0,"May 19, 2017",Diary of a Wimpy Kid: The Long Haul,22000000.0,20738724.0,35609577.0
The House,WB (NL),25600000.0,8600000.0,2017,86.0,"Jun 30, 2017",The House,40000000.0,25584504.0,31192425.0
Tad the Lost Explorer and the Secret of King Midas,ParC,5900.0,34200000.0,2017,,,,,,
Wind River,Wein.,33800000.0,,2017,,,,,,
Sleepless,ORF,20800000.0,12100000.0,2017,,,,,,
Kidnap (2017),Aviron,31000000.0,,2017,,,,,,
The Disaster Artist,A24,21100000.0,8700000.0,2017,100.0,"Dec 1, 2017",The Disaster Artist,10000000.0,21120616.0,28717667.0
Hostiles,ENTMP,29800000.0,,2017,,,,,,
The Beguiled (2017),Focus,10700000.0,16700000.0,2017,,,,,,
Home Again,ORF,27000000.0,10316590.0,2017,57.0,"Sep 8, 2017",Home Again,15000000.0,27020284.0,37336874.0
Judwaa 2,FIP,1400000.0,25500000.0,2017,,,,,,
CHiPs,WB,18600000.0,8199999.0,2017,53.0,"Mar 24, 2017",CHiPS,25000000.0,18600152.0,23190292.0
The Bye Bye Man,STX,22400000.0,4300000.0,2017,77.0,"Jan 13, 2017",The Bye Bye Man,7400000.0,22395806.0,31187727.0
A Cure for Wellness,Fox,8100000.0,18500000.0,2017,,,,,,
The Zookeeper's Wife,Focus,17600000.0,8600000.0,2017,,,,,,
Only The Brave,Sony,18300000.0,7400000.0,2017,75.0,"Oct 20, 2017",Only the Brave,38000000.0,18340051.0,24555177.0
Father Figures,WB,17500000.0,8100000.0,2017,56.0,"Dec 22, 2017",Father Figures,25000000.0,17501244.0,21038441.0
Badrinath Ki Dulhania,FIP,2000000.0,23200000.0,2017,,,,,,
Born in China,BV,13900000.0,11200000.0,2017,,,,,,
The Founder,Wein.,12800000.0,11300000.0,2017,90.0,"Jan 20, 2017",The Founder,15000000.0,12786053.0,24403192.0
Jolly Llb 2,FIP,1700000.0,21300000.0,2017,,,,,,
The Glass Castle,LGF,17300000.0,4600000.0,2017,,,,,,
Sword Art Online: The Movie - Ordinal Scale,Elev.,1500000.0,19200000.0,2017,,,,,,
The Circle (2017),STX,20500000.0,,2017,,,,,,
It Comes At Night,A24,14000000.0,5300000.0,2017,4.0,"Jun 9, 2017",It Comes at Night,5000000.0,13985117.0,19720203.0
The Lost City of Z,BST,8600000.0,10700000.0,2017,82.0,"Apr 14, 2017",The Lost City of Z,30000000.0,8574339.0,17121823.0
Unforgettable (2017),WB,11400000.0,6400000.0,2017,,,,,,
The Case for Christ,PFR,14700000.0,3000000.0,2017,,,,,,
Detroit,Annapurna,16800000.0,,2017,,,,,,
Wonder Wheel,Amazon,1400000.0,14500000.0,2017,,,,,,
Gold,Wein.,7200000.0,7700000.0,2017,,,,,,
The Space Between Us,STX,7900000.0,6900000.0,2017,84.0,"Feb 3, 2017",The Space Between Us,30000000.0,7885294.0,16481405.0
Wish Upon,BG,14300000.0,9175840.0,2017,97.0,"Jul 14, 2017",Wish Upon,12000000.0,14301505.0,23477345.0
A United Kingdom,FoxS,3900000.0,9900000.0,2017,,,,,,
"Roman J. Israel, Esq.",Sony,12000000.0,1100000.0,2017,40.0,"Nov 17, 2017","Roman J. Israel, Esq.",22000000.0,11962712.0,12967012.0
Mubarakan,Sony,759000.0,12100000.0,2017,,,,,,
Battle of the Sexes,FoxS,12600000.0,5806853.0,2017,76.0,"Sep 22, 2017",Battle of the Sexes,25000000.0,12638526.0,18445379.0
The Promise (2017),ORF,8199999.0,4200000.0,2017,,,,,,
Before I Fall,ORF,12200000.0,6704610.0,2017,12.0,"Mar 3, 2017",Before I Fall,5000000.0,12241072.0,18945682.0
Earth: One Amazing Day,BBC,81300.0,11600000.0,2017,,,,,,
Thank You for Your Service (2017),Uni.,9500000.0,,2017,,,,,,
Rock Dog,LG/S,9400000.0,14727942.0,2017,47.0,"Feb 24, 2017",Rock Dog,60000000.0,9420546.0,24148488.0
My Cousin Rachel,FoxS,2700000.0,6500000.0,2017,,,,,,
Truman,FR,211000.0,8800000.0,2017,,,,,,
Stronger,RAtt.,4200000.0,4200000.0,2017,90.0,"Sep 22, 2017",Stronger,30000000.0,4211129.0,8786752.0
Tulip Fever,Wein.,2500000.0,5900000.0,2017,8.0,"Sep 1, 2017",Tulip Fever,25000000.0,2455635.0,6792768.0
Viceroy's House,IFC,1100000.0,6700000.0,2017,,,,,,
Amityville: The Awakening,W/Dim.,700.0,7700000.0,2017,,,,,,
Just Getting Started,BG,6100000.0,1600000.0,2017,44.0,"Dec 8, 2017",Just Getting Started,22000000.0,6069605.0,6756412.0
Beatriz At Dinner,RAtt.,7100000.0,310000.0,2017,,,,,,
I am Not Your Negro,Magn.,7100000.0,2493483.0,2017,32.0,"Feb 3, 2017",I Am Not Your Negro,1000000.0,7123919.0,9617402.0
The Red Turtle,SPC,922000.0,5700000.0,2017,,,,,,
From the Land of the Moon,IFC,47700.0,6500000.0,2017,,,,,,
Maudie,SPC,6200000.0,,2017,,,,,,
All Saints,Affirm,5800000.0,140000.0,2017,12.0,"Aug 25, 2017",All Saints,2000000.0,5802208.0,5941994.0
The Florida Project,A24,5900000.0,5390958.0,2017,11.0,"Oct 6, 2017",The Florida Project,2000000.0,5904366.0,11295324.0
Suburbicon,Par.,5800000.0,,2017,,,,,,
The Man Who Invented Christmas,BST,5700000.0,,2017,,,,,,
Paris Can Wait,SPC,5600000.0,,2017,,,,,,
Phillauri,FIP,468000.0,5000000.0,2017,,,,,,
Ok Jaanu,FIP,356000.0,5000000.0,2017,,,,,,
An Inconvenient Sequel: Truth to Power,Par.,3500000.0,1900000.0,2017,,,,,,
Table 19,FoxS,3600000.0,1400000.0,2017,45.0,"Mar 3, 2017",Table 19,5000000.0,3614896.0,4620399.0
Collide,ORF,2300000.0,2500000.0,2017,13.0,"Feb 24, 2017",Collide,29200000.0,2280004.0,5466698.0
The Wall,RAtt.,1800000.0,2700000.0,2017,29.0,"May 12, 2017",The Wall,3000000.0,1803064.0,4495262.0
Mark Felt: The Man Who Brought Down the White House,SPC,769000.0,3600000.0,2017,,,,,,
Terminator 2: Judgment Day 3D,Distrib.,1000000.0,2900000.0,2017,,,,,,
Brad's Status,Annapurna,2100000.0,1700000.0,2017,,,,,,
Friend Request,ENTMP,3800000.0,7551757.0,2017,48.0,"Sep 22, 2017",Friend Request,9900000.0,3759078.0,11310835.0
Their Finest,STX,3600000.0,,2017,,,,,,
Wonderstruck,RAtt.,1100000.0,2200000.0,2017,,,,,,
The Leisure Seeker,SPC,3200000.0,,2017,,,,,,
Raw (2017),FCW,515000.0,2600000.0,2017,,,,,,
Colossal,Neon,3000000.0,,2017,,,,,,
A Gentleman,FIP,410000.0,2500000.0,2017,,,,,,
Inhumans,Imax,1500000.0,1300000.0,2017,,,,,,
Kedi,Osci.,2800000.0,,2017,,,,,,
The Only Living Boy in New York,RAtt.,624000.0,1900000.0,2017,,,,,,
Hazlo Como Hombre (Do It Like An Hombre),PNT,2500000.0,,2017,,,,,,
Poster Boys,Sony,97000.0,2400000.0,2017,,,,,,
The Salesman,Cohen,2400000.0,,2017,,,,,,
Pokemon the Movie: I Choose You!,Fathom,2400000.0,,2017,,,,,,
Jeepers Creepers 3,Scre.,2300000.0,,2017,,,,,,
Un Padre No Tan Padre,PNT,2200000.0,,2017,,,,,,
Good Time,A24,2000000.0,,2017,,,,,,
Everybody Loves Somebody,PNT,1900000.0,,2017,,,,,,
Along with the Gods: The Two Worlds,WGUSA,1900000.0,,2017,,,,,,
Youth (2017),CL,1900000.0,,2017,,,,,,
Last Flag Flying,LGF,965000.0,904000.0,2017,,,,,,
A Quiet Passion,MBox,1900000.0,,2017,,,,,,
Free Fire,A24,1800000.0,1994417.0,2017,83.0,"Apr 21, 2017",Free Fire,10000000.0,1799322.0,3793739.0
The Last Word,BST,1800000.0,,2017,,,,,,
Human Flow,Magn.,528000.0,1300000.0,2017,,,,,,
Jane (2017),Abr.,1700000.0,,2017,,,,,,
A Ghost Story,A24,1600000.0,1174984.0,2017,86.0,"Jul 7, 2017",A Ghost Story,100000.0,1594798.0,2769782.0
The Square,Magn.,1500000.0,,2017,,,,,,
Patti Cake$,FoxS,800000.0,682000.0,2017,56.0,"Aug 18, 2017",Patti Cake$,1000000.0,800148.0,1471090.0
The Wedding Plan,RAtt.,1400000.0,,2017,,,,,,
Personal Shopper,IFC,1300000.0,,2017,,,,,,
Churchill,Cohen,1300000.0,6302515.0,2017,91.0,"Jun 2, 2017",Churchill,10000000.0,1279681.0,7582196.0
The Sense of an Ending,CBS,1300000.0,,2017,,,,,,
3 Idiotas,PNT,1200000.0,,2017,,,,,,
6 Below: Miracle on the Mountain,MOM,14800.0,1100000.0,2017,,,,,,
Lady Macbeth,RAtt.,1100000.0,,2017,,,,,,
Film Stars Don't Die in Liverpool,SPC,1000000.0,,2017,,,,,,
Yu-Gi-Oh! The Dark Side of Dimensions,SV,1000000.0,,2017,,,,,,
Lucky (2017),Magn.,956000.0,,2017,,,,,,
Faces Places,Cohen,954000.0,,2017,,,,,,
Tubelight,Yash,930000.0,,2017,,,,,,
Frantz,MBox,881000.0,,2017,,,,,,
BOMBSHELL: The Hedy Lamarr Story,Zeit.,820000.0,,2017,,,,,,
Walk With Me,Gathr,727000.0,,2017,,,,,,
Buena Vista Social Club: Adios,BG,123000.0,578000.0,2017,,,,,,
Titanic (20th Anniversary),Par.,692000.0,,2017,,,,,,
Lost in Paris,Osci.,692000.0,,2017,,,,,,
Shubh Mangal Saavdhan,Eros,690000.0,,2017,,,,,,
The Midwife,MBox,604000.0,,2017,,,,,,
3 Generations,Wein.,156000.0,375000.0,2017,,,,,,
Fairy Tail: Dragon Cry,FUN,519000.0,,2017,,,,,,
Our President,CJ,507000.0,,2017,,,,,,
Letters from Baghdad,Vita.,360000.0,143000.0,2017,,,,,,
Breathe (2017),BST,490000.0,,2017,,,,,,
Song to Song,BG,444000.0,,2017,,,,,,
Tom of Finland,KL,378000.0,,2017,,,,,,
God's Own Country,Orion,336000.0,,2017,,,,,,
The Breadwinner,GK,312000.0,,2017,,,,,,
A Silent Voice,Elev.,310000.0,,2017,,,,,,
My Life as a Zucchini,GK,310000.0,,2017,,,,,,
Happy End,SPC,302000.0,,2017,,,,,,
After the Storm,FM,272000.0,,2017,,,,,,
Wakefield,IFC,263000.0,,2017,,,,,,
"I, Daniel Blake",IFC,260000.0,,2017,,,,,,
Cezanne et moi,Magn.,258000.0,,2017,,,,,,
The Fortress,CJ,253000.0,,2017,,,,,,
Black Butler: Book of the Atlantic,FUN,248000.0,,2017,,,,,,
The Swindlers,WGUSA,242000.0,,2017,,,,,,
City of Ghosts,IFC,128000.0,100000.0,2017,,,,,,
The Prison,WGUSA,207000.0,,2017,,,,,,
The Other Side of Hope,Jan.,184000.0,,2017,,,,,,
Marjorie Prime,FR,181000.0,,2017,,,,,,
Graduation,IFC,176000.0,,2017,,,,,,
Mr. Gaga: A True Story of Love and Dance,Abr.,174000.0,,2017,,,,,,
In This Corner of the World,FUN,172000.0,,2017,,,,,,
David Lynch: The Art Life,Jan.,171000.0,,2017,,,,,,
13 Minutes,SPC,162000.0,,2017,,,,,,
The Journey,IFC,155000.0,,2017,,,,,,
The Void,Scre.,151000.0,,2017,,,,,,
Blade of the Immortal,Magn.,151000.0,,2017,,,,,,
Thelma,Orch.,147000.0,,2017,,,,,,
BPM (Beats Per Minute),Orch.,125000.0,,2017,,,,,,
Explosion,CL,123000.0,,2017,,,,,,
The King's Choice,Gold.,113000.0,,2017,,,,,,
Slack Bay,KL,113000.0,,2017,,,,,,
Like Crazy (2017),Strand,107000.0,,2017,,,,,,
Fabricated City,CJ,105000.0,,2017,,,,,,
The Lure,Jan.,102000.0,,2017,,,,,,
Score: A Film Music Documentary,Grav.,101000.0,,2017,,,,,,
Munna Michael,Eros,99600.0,,2017,,,,,,
The Mayor,WGUSA,96800.0,,2017,,,,,,
The Fencer,CFI,96000.0,,2017,,,,,,
Memoir of a Murderer,WGUSA,91300.0,,2017,,,,,,
The King's Case Note,CJ,91000.0,,2017,,,,,,
Warriors of the Dawn,FIP,84500.0,,2017,,,,,,
The Nile Hilton Incident,Strand,81100.0,,2017,,,,,,
Pop Aye,KL,78000.0,,2017,,,,,,
I Can Speak,CJ,63200.0,,2017,,,,,,
Tomorrow,UTMW,62500.0,,2017,,,,,,
Worlds Apart,CLS,60300.0,,2017,,,,,,
Extraordinary Mission,Crimson,54200.0,,2017,,,,,,
The Ornithologist,Strand,50500.0,,2017,,,,,,
Napping Princess,GK,48200.0,,2017,,,,,,
Twenty Two,CL,46800.0,,2017,,,,,,
Bluebeard,WGUSA,43100.0,,2017,,,,,,
One Week and a Day,Osci.,41600.0,,2017,,,,,,
The Commune,Magn.,38700.0,,2017,,,,,,
A Woman's Life,KL,37600.0,,2017,,,,,,
Afterimage,FM,33400.0,,2017,,,,,,
Alone in Berlin,IFC,33100.0,,2017,,,,,,
The Villainess,WGUSA,27700.0,,2017,,,,,,
The Daughter,KL,26400.0,,2017,,,,,,
Moscow Never Sleeps,CAVU,25300.0,,2017,,,,,,
My Scientology Movie,Magn.,22900.0,,2017,,,,,,
Una,EF,22800.0,,2017,,,,,,
Bending the Arc,Abr.,21900.0,,2017,,,,,,
The Girl Without Hands,GK,21800.0,,2017,,,,,,
Whisky Galore,Arrow,21000.0,,2017,,,,,,
RV: Resurrected Victims,WGUSA,20400.0,,2017,,,,,,
Better Watch Out,WGUSA,20400.0,,2017,,,,,,
Absolutely Anything,ADC,20200.0,,2017,,,,,,
Glory (2017),FM,18400.0,,2017,,,,,,
Porto,KL,15100.0,,2017,,,,,,
Brotherhood of Blades 2: The Infernal Battlefield,WGUSA,14200.0,,2017,,,,,,
Abracadabra,Sony,14000.0,,2017,,,,,,
Blind,VE,12500.0,,2017,,,,,,
Felicite,Strand,12400.0,,2017,,,,,,
Dead Awake (2017),FR,11500.0,,2017,,,,,,
The Country Doctor,Distrib.,8500.0,,2017,,,,,,
Overdrive,VE,7800.0,,2017,,,,,,
Suntan,Strand,6600.0,,2017,,,,,,
Trespass Against Us,A24,5700.0,,2017,,,,,,
The Ardennes,FM,5600.0,,2017,,,,,,
Oro,Sony,5500.0,,2017,,,,,,
Singularity,VE,4200.0,,2017,,,,,,
Emily (2017),Hiber,3600.0,,2017,,,,,,
Max & Leon,Distrib.,500.0,,2017,,,,,,
2:22,Magn.,400.0,,2017,,,,,,
Avengers: Infinity War,BV,678800000.0,1369.5,2018,7.0,"Apr 27, 2018",Avengers: Infinity War,300000000.0,678815482.0,2048134200.0
Black Panther,BV,700100000.0,646900000.0,2018,42.0,"Feb 16, 2018",Black Panther,200000000.0,700059566.0,1348258224.0
Jurassic World: Fallen Kingdom,Uni.,417700000.0,891800000.0,2018,13.0,"Jun 22, 2018",Jurassic World: Fallen Kingdom,170000000.0,417719760.0,1305772799.0
Incredibles 2,BV,608600000.0,634200000.0,2018,44.0,"Jun 15, 2018",Incredibles 2,200000000.0,608581744.0,1242520711.0
Aquaman,WB,335100000.0,812700000.0,2018,36.0,"Dec 21, 2018",Aquaman,160000000.0,335061807.0,1146894640.0
Bohemian Rhapsody,Fox,216400000.0,687200000.0,2018,84.0,"Nov 2, 2018",Bohemian Rhapsody,55000000.0,216303339.0,894985342.0
Venom (2018),Sony,213500000.0,641500000.0,2018,,,,,,
Mission: Impossible - Fallout,Par.,220200000.0,571000000.0,2018,,,,,,
Deadpool 2,Fox,318500000.0,460500000.0,2018,15.0,"May 18, 2018",Deadpool 2,110000000.0,324591735.0,786680557.0
Fantastic Beasts: The Crimes of Grindelwald,WB,159600000.0,494100000.0,2018,60.0,"Nov 16, 2018",Fantastic Beasts: The Crimes of Grindelwald,200000000.0,159555901.0,652220086.0
Ant-Man and the Wasp,BV,216600000.0,406000000.0,2018,41.0,"Jul 6, 2018",Ant-Man and the Wasp,130000000.0,216648740.0,623144660.0
Ready Player One,WB,137700000.0,445200000.0,2018,78.0,"Mar 29, 2018",Ready Player One,150000000.0,137690172.0,579290136.0
Operation Red Sea,WGUSA,1500000.0,577700000.0,2018,,,,,,
Detective Chinatown 2,WB,2000000.0,542100000.0,2018,,,,,,
The Meg,WB,145400000.0,384800000.0,2018,94.0,"Aug 10, 2018",The Meg,178000000.0,145443742.0,529530715.0
Ralph Breaks the Internet,BV,201100000.0,328100000.0,2018,3.0,"Nov 21, 2018",Ralph Breaks The Internet,175000000.0,201091711.0,524283695.0
Hotel Transylvania 3: Summer Vacation,Sony,167500000.0,361100000.0,2018,77.0,"Jul 13, 2018",Hotel Transylvania 3: Summer Vacation,65000000.0,167500092.0,527079962.0
Dr. Seuss' The Grinch (2018),Uni.,270600000.0,241000000.0,2018,,,,,,
Bumblebee,Par.,127200000.0,340800000.0,2018,62.0,"Dec 21, 2018",Bumblebee,102000000.0,127195589.0,465195589.0
A Star is Born (2018),WB,215300000.0,218900000.0,2018,,,,,,
Rampage (2018),WB (NL),101000000.0,327000000.0,2018,,,,,,
Mamma Mia! Here We Go Again,Uni.,120600000.0,274400000.0,2018,,,,,,
Solo: A Star Wars Story,BV,213800000.0,179200000.0,2018,12.0,"May 25, 2018",Solo: A Star Wars Story,275000000.0,213767512.0,393151347.0
Spider-Man: Into The Spider-Verse,Sony,190200000.0,185300000.0,2018,,,,,,
Fifty Shades Freed,Uni.,100400000.0,271500000.0,2018,97.0,"Feb 9, 2018",Fifty Shades Freed,55000000.0,100407760.0,371350619.0
The Nun,WB (NL),117500000.0,248100000.0,2018,,,,,,
Monster Hunt 2,LGF,706000.0,361000000.0,2018,,,,,,
Peter Rabbit,Sony,115300000.0,236000000.0,2018,97.0,"Feb 9, 2018",Peter Rabbit,50000000.0,115234093.0,347136477.0
Mary Poppins Returns,BV,172000000.0,177600000.0,2018,45.0,"Dec 19, 2018",Mary Poppins Returns,130000000.0,171958438.0,341528518.0
A Quiet Place,Par.,188000000.0,152900000.0,2018,66.0,"Apr 6, 2018",A Quiet Place,17000000.0,188024361.0,334522294.0
Green Book,Uni.,85100000.0,234700000.0,2018,71.0,"Nov 16, 2018",Green Book,23000000.0,85080171.0,322034439.0
Skyscraper,Uni.,68400000.0,236400000.0,2018,78.0,"Jul 13, 2018",Skyscraper,125000000.0,68420120.0,304115534.0
Ocean's 8,WB,140200000.0,157500000.0,2018,,,,,,
Pacific Rim Uprising,Uni.,59900000.0,231100000.0,2018,50.0,"Mar 23, 2018",Pacific Rim: Uprising,155000000.0,59874525.0,290930148.0
Maze Runner: The Death Cure,Fox,58000000.0,230200000.0,2018,40.0,"Jan 26, 2018",Maze Runner: The Death Cure,61000000.0,58032443.0,265878536.0
Tomb Raider,WB,58300000.0,216400000.0,2018,70.0,"Mar 16, 2018",Tomb Raider,90000000.0,58250803.0,273477501.0
Halloween (2018),Uni.,159300000.0,96100000.0,2018,,,,,,
Crazy Rich Asians,WB,174500000.0,64000000.0,2018,38.0,"Aug 15, 2018",Crazy Rich Asians,30000000.0,174532921.0,238099711.0
Paddington 2,WB,40900000.0,186400000.0,2018,,,,,,
Smallfoot,WB,83200000.0,130900000.0,2018,69.0,"Sep 28, 2018",Smallfoot,80000000.0,83240103.0,213691277.0
Creed II,MGM,115700000.0,98300000.0,2018,96.0,"Nov 21, 2018",Creed II,50000000.0,115715889.0,213591522.0
Disney's Christopher Robin,BV,99200000.0,98500000.0,2018,,,,,,
The Equalizer 2,Sony,102100000.0,88300000.0,2018,21.0,"Jul 20, 2018",The Equalizer 2,77000000.0,102084362.0,190453132.0
The Nutcracker and the Four Realms,BV,54900000.0,119100000.0,2018,35.0,"Nov 2, 2018",The Nutcracker and the Four Realms,132900000.0,54858851.0,170293899.0
The Mule,WB,103800000.0,68700000.0,2018,100.0,"Dec 14, 2018",The Mule,50000000.0,103804407.0,170857676.0
Insidious: The Last Key,Uni.,67700000.0,100100000.0,2018,45.0,"Jan 5, 2018",Insidious: The Last Key,10000000.0,67745330.0,167885588.0
The Predator (2018),Fox,51000000.0,109500000.0,2018,,,,,,
Johnny English Strikes Again,Uni.,4400000.0,154500000.0,2018,,,,,,
Red Sparrow,Fox,46900000.0,104700000.0,2018,52.0,"Mar 2, 2018",Red Sparrow,69000000.0,46874505.0,145951861.0
The First Purge,Uni.,69500000.0,67500000.0,2018,49.0,"Jul 4, 2018",The First Purge,13000000.0,69488745.0,136617305.0
A Wrinkle in Time,BV,100500000.0,32200000.0,2018,58.0,"Mar 9, 2018",A Wrinkle in Time,103000000.0,100478608.0,133401882.0
The House With A Clock In Its Walls,Uni.,68500000.0,62900000.0,2018,16.0,"Sep 21, 2018",The House with a Clock in its Walls,40000000.0,68549695.0,126331750.0
Instant Family,Par.,67400000.0,53200000.0,2018,20.0,"Nov 16, 2018",Instant Family,48000000.0,67363237.0,119736188.0
The Commuter,LGF,36300000.0,83600000.0,2018,62.0,"Jan 12, 2018",The Commuter,40000000.0,36343858.0,101985431.0
Game Night,WB (NL),69200000.0,48500000.0,2018,94.0,"Feb 23, 2018",Game Night,37000000.0,69179066.0,117378084.0
The Monkey King 3,WGUSA,187000.0,114900000.0,2018,,,,,,
First Man,Uni.,44900000.0,60800000.0,2018,6.0,"Oct 12, 2018",First Man,60000000.0,44936545.0,105203825.0
Night School (2018),Uni.,77300000.0,25800000.0,2018,,,,,,
Alpha,Studio 8,35900000.0,62300000.0,2018,79.0,"Aug 17, 2018",Alpha,51000000.0,35851379.0,99624873.0
A Simple Favor,LGF,53500000.0,44100000.0,2018,24.0,"Sep 14, 2018",A Simple Favor,20000000.0,53548586.0,97628717.0
The Favourite,FoxS,34400000.0,61600000.0,2018,39.0,"Nov 23, 2018",The Favourite,15000000.0,34366783.0,94113929.0
Truth or Dare,Uni.,41400000.0,53900000.0,2018,91.0,"Apr 13, 2018",Truth or Dare,3500000.0,41411015.0,95127344.0
I Feel Pretty,STX,48800000.0,45700000.0,2018,99.0,"Apr 20, 2018",I Feel Pretty,32000000.0,48795601.0,91553797.0
Blockers,Uni.,60300000.0,33700000.0,2018,60.0,"Apr 6, 2018",Blockers,21000000.0,60311495.0,94045328.0
Goosebumps 2: Haunted Halloween,Sony,46700000.0,46600000.0,2018,63.0,"Oct 12, 2018",Goosebumps 2: Haunted Halloween,35000000.0,46697321.0,93291478.0
BlacKkKlansman,Focus,49300000.0,44000000.0,2018,21.0,"Aug 10, 2018",BlacKkKlansman,15000000.0,49275340.0,93017335.0
Overboard (2018),PNT,50300000.0,40900000.0,2018,,,,,,
Sherlock Gnomes,Par.,43200000.0,47100000.0,2018,54.0,"Mar 23, 2018",Sherlock Gnomes,59000000.0,43242871.0,87527651.0
Robin Hood (2018),LG/S,30800000.0,54000000.0,2018,,,,,,
Mortal Engines,Uni.,16000000.0,67700000.0,2018,4.0,"Dec 14, 2018",Mortal Engines,100000000.0,15951040.0,85287417.0
How Long Will I Love U,WGUSA,747000.0,82100000.0,2018,,,,,,
Den of Thieves,STX,44900000.0,35600000.0,2018,3.0,"Jan 19, 2018",Den of Thieves,30000000.0,44947622.0,80131391.0
Hereditary,A24,44100000.0,35300000.0,2018,56.0,"Jun 8, 2018",Hereditary,10000000.0,44069456.0,70133905.0
Tag,WB (NL),54700000.0,23400000.0,2018,50.0,"Jun 15, 2018",Tag,28000000.0,54730625.0,77026186.0
Vice,Annapurna,47800000.0,28200000.0,2018,100.0,"Dec 25, 2018",Vice,60000000.0,47836282.0,70883171.0
Widows,Fox,42400000.0,33600000.0,2018,50.0,"Nov 16, 2018",Widows,40000000.0,42402632.0,73866088.0
Sicario: Day of the Soldado,Sony,50100000.0,25800000.0,2018,59.0,"Jun 29, 2018",Sicario: Day of the Soldado,35000000.0,50065850.0,75885196.0
Searching,SGem,26000000.0,49400000.0,2018,,,,,,
The Spy Who Dumped Me,LGF,33600000.0,41800000.0,2018,,,,,,
Second Act,STX,39300000.0,33000000.0,2018,83.0,"Dec 21, 2018",Second Act,15700000.0,39282227.0,63288854.0
Sanju,FIP,7900000.0,63600000.0,2018,,,,,,
Book Club,Par.,68600000.0,22547387.0,2018,43.0,"May 18, 2018",Book Club,10000000.0,68566296.0,91113683.0
12 Strong,WB,45800000.0,21600000.0,2018,64.0,"Jan 19, 2018",12 Strong,35000000.0,45819713.0,71118378.0
"Love, Simon",Fox,40800000.0,25500000.0,2018,57.0,"Mar 16, 2018","Love, Simon",10000000.0,40826341.0,65520633.0
Mile 22,STX,36100000.0,30200000.0,2018,78.0,"Aug 17, 2018",Mile 22,35000000.0,36108758.0,66295121.0
Life of the Party,WB (NL),53100000.0,12800000.0,2018,88.0,"May 11, 2018",Life of the Party,30000000.0,53059911.0,65759911.0
Isle Of Dogs,FoxS,32000000.0,32200000.0,2018,,,,,,
Adrift,STX,31400000.0,28500000.0,2018,89.0,"Jun 1, 2018",Adrift,35000000.0,31445011.0,57897191.0
The 15:17 to Paris,WB,36300000.0,20800000.0,2018,23.0,"Feb 9, 2018",The 15:17 to Paris,30000000.0,36276286.0,56096200.0
Early Man,LGF,8300000.0,46400000.0,2018,98.0,"Feb 16, 2018",Early Man,50000000.0,8267544.0,45285890.0
Peppermint,STX,35400000.0,18400000.0,2018,21.0,"Sep 7, 2018",Peppermint,25000000.0,35418723.0,51800758.0
Teen Titans Go! To The Movies,WB,29800000.0,22300000.0,2018,84.0,"Jul 27, 2018",Teen Titans Go! To The Movies,10000000.0,29790236.0,51620593.0
Slender Man,SGem,30600000.0,21200000.0,2018,80.0,"Aug 10, 2018",Slender Man,10000000.0,30564825.0,51723644.0
Breaking In (2018),Uni.,46800000.0,4600000.0,2018,,,,,,
Once Upon a Deadpool,Fox,6100000.0,44400000.0,2018,,,,,,
The Son of Bigfoot,VPD,289000.0,46800000.0,2018,,,,,,
Uncle Drew,LG/S,42500000.0,4200000.0,2018,85.0,"Jun 29, 2018",Uncle Drew,18000000.0,42469946.0,46527161.0
Tyler Perry's Acrimony,LGF,43500000.0,2900000.0,2018,,,,,,
Mary Queen of Scots,Focus,16500000.0,29900000.0,2018,60.0,"Dec 7, 2018",Mary Queen of Scots,25000000.0,16468499.0,46734733.0
The Possession of Hannah Grace,SGem,14800000.0,28200000.0,2018,37.0,"Nov 30, 2018",The Possession of Hannah Grace,6000000.0,14836174.0,42785387.0
Overlord,Par.,21700000.0,20000000.0,2018,,,,,,
The Darkest Minds,Fox,12700000.0,28400000.0,2018,64.0,"Aug 3, 2018",The Darkest Minds,34000000.0,12695691.0,38361428.0
Holmes and Watson,Sony,30600000.0,9900000.0,2018,,,,,,
Show Dogs,Global Road,17900000.0,21300000.0,2018,,,,,,
On the Basis of Sex,Focus,24600000.0,13600000.0,2018,81.0,"Dec 25, 2018",On the Basis of Sex,20000000.0,24622687.0,38073377.0
Namiya,CL,70800.0,35300000.0,2018,,,,,,
The Girl in the Spider's Web: A New Dragon Tattoo Story,Sony,14800000.0,20300000.0,2018,,,,,,
The Hate U Give,Fox,29700000.0,5200000.0,2018,78.0,"Oct 5, 2018",The Hate U Give,23000000.0,29719483.0,35067665.0
Death Wish (2018),MGM,34000000.0,,2018,,,,,,
Nobody's Fool,Par.,31700000.0,1800000.0,2018,,,,,,
Bad Times At The El Royale,Fox,17800000.0,14000000.0,2018,10.0,"Oct 12, 2018",Bad Times at the El Royale,32000000.0,17839115.0,29204379.0
Baaghi 2,FIP,1300000.0,29900000.0,2018,,,,,,
The Happytime Murders,STX,20700000.0,6800000.0,2018,,,,,,
Midnight Sun,Global Road,9600000.0,17800000.0,2018,,,,,,
Pad Man,Sony,1700000.0,25600000.0,2018,,,,,,
Monster Family,VPD,127000.0,26300000.0,2018,,,,,,
White Boy Rick,Studio 8,24000000.0,1900000.0,2018,42.0,"Sep 14, 2018",White Boy Rick,30000000.0,24004833.0,25947983.0
Winchester,LGF,25100000.0,19286224.0,2018,95.0,"Feb 2, 2018",Winchester,3500000.0,25091816.0,44378040.0
The Death of Stalin,IFC,8000000.0,16600000.0,2018,,,,,,
Strangers: Prey at Night,Aviron,24600000.0,,2018,,,,,,
"Paul, Apostle of Christ",Affirm,17600000.0,5500000.0,2018,95.0,"Mar 23, 2018","Paul, Apostle of Christ",5000000.0,17547999.0,25529498.0
Padmaavat,VPD,11800000.0,11100000.0,2018,,,,,,
Proud Mary,SGem,20900000.0,876000.0,2018,50.0,"Jan 12, 2018",Proud Mary,30000000.0,20868638.0,21709539.0
Superfly,Sony,20500000.0,236000.0,2018,49.0,"Jun 13, 2018",Superfly,16000000.0,20537137.0,20723581.0
If Beale Street Could Talk,Annapurna,14900000.0,5700000.0,2018,96.0,"Dec 14, 2018",If Beale Street Could Talk,12000000.0,14915773.0,19859167.0
Burn the Stage: The Movie,Trafalgar,4200000.0,16100000.0,2018,,,,,,
Detective K: Secret of the Living Dead,WGUSA,104000.0,18500000.0,2018,,,,,,
The Wife,SPC,9600000.0,8600000.0,2018,,,,,,
Hell Fest,LGF,11100000.0,7100000.0,2018,20.0,"Sep 28, 2018",Hell Fest,5500000.0,11107431.0,18119231.0
Chappaquiddick,ENTMP,17400000.0,591000.0,2018,,,,,,
They Shall Not Grow Old,WB,18000000.0,,2018,,,,,,
Free Solo,NGE,17500000.0,,2018,,,,,,
The Children Act,A24,548000.0,17000000.0,2018,,,,,,
Beautiful Boy (2018),Amazon,7600000.0,8700000.0,2018,,,,,,
Hunter Killer,LG/S,15800000.0,,2018,,,,,,
Tully (2018),Focus,9400000.0,6300000.0,2018,,,,,,
Unfriended: Dark Web,BH Tilt,8900000.0,6300000.0,2018,29.0,"Jul 20, 2018",Unfriended: Dark Web,1000000.0,8866745.0,16434588.0
Upgrade,BH Tilt,12000000.0,2400000.0,2018,89.0,"Jun 1, 2018",Upgrade,3000000.0,11977130.0,16553285.0
Unsane,BST,7700000.0,6600000.0,2018,70.0,"Mar 23, 2018",Unsane,1500000.0,7690044.0,14244931.0
The Sisters Brothers,Annapurna,3100000.0,10000000.0,2018,82.0,"Sep 21, 2018",The Sisters Brothers,38000000.0,3143056.0,13143056.0
Welcome to Marwen,Uni.,10800000.0,2100000.0,2018,18.0,"Dec 21, 2018",Welcome to Marwen,45000000.0,10763520.0,12874922.0
Hotel Artemis,Global Road,6700000.0,6000000.0,2018,15.0,"Jun 8, 2018",Hotel Artemis,15000000.0,6708137.0,12758799.0
Marrowbone,Magn.,1400.0,12300000.0,2018,,,,,,
102 Not Out,Sony,1300000.0,10900000.0,2018,,,,,,
Boy Erased,Focus,6800000.0,5000000.0,2018,,,,,,
Back to Burgundy,MBox,258000.0,11400000.0,2018,,,,,,
The Bookshop,Greenwich,1600000.0,9900000.0,2018,,,,,,
The Old Man & the Gun,FoxS,11300000.0,,2018,,,,,,
Gringo,STX,5000000.0,6000000.0,2018,,,,,,
Golden Slumber,CJ,94500.0,10600000.0,2018,,,,,,
Kin,LGF,5700000.0,4300000.0,2018,88.0,"Aug 31, 2018",Kin,30000000.0,5718096.0,10096821.0
The Big Bad Fox and Other Tales,GK,35800.0,9600000.0,2018,,,,,,
Traffik,LGF,9200000.0,336000.0,2018,,,,,,
Can You Ever Forgive Me?,FoxS,8800000.0,2948522.0,2018,40.0,"Oct 19, 2018",Can You Ever Forgive Me?,10000000.0,8803865.0,11752387.0
7 Days in Entebbe,Focus,3300000.0,5400000.0,2018,,,,,,
Pope Francis - A Man of His Word,Focus,2000000.0,6600000.0,2018,,,,,,
Condorito: La Pelicula,LGF,448000.0,8000000.0,2018,,,,,,
Suspiria,Amazon,2500000.0,5400000.0,2018,81.0,"Oct 26, 2018",Suspiria,20000000.0,2483472.0,7034615.0
Disobedience,BST,3500000.0,4400000.0,2018,,,,,,
Qué León (What A Lion),Spanglish,2600000.0,5200000.0,2018,,,,,,
Life Itself (2018),Amazon,4099999.0,3700000.0,2018,,,,,,
Beirut,BST,5000000.0,2500000.0,2018,,,,,,
Return of the Hero,Distrib.,37100.0,7300000.0,2018,,,,,,
Soorma,Sony,390000.0,6200000.0,2018,,,,,,
The Hurricane Heist,ENTMP,6100000.0,24847860.0,2018,22.0,"Mar 9, 2018",The Hurricane Heist,40000000.0,6115824.0,30963684.0
Every Day (2018),Orion,6100000.0,,2018,,,,,,
Leave No Trace,BST,6000000.0,,2018,,,,,,
My Hero Academia: Two Heroes,FUN,5800000.0,,2018,,,,,,
Destroyer,Annapurna,1500000.0,4000000.0,2018,5.0,"Dec 25, 2018",Destroyer,9000000.0,1533324.0,3681096.0
Madame,Blue Fox,91000.0,5300000.0,2018,,,,,,
Colette,BST,5100000.0,,2018,,,,,,
Blindspotting,LG/S,4300000.0,530000.0,2018,,,,,,
Cold War (2018),Amazon,4600000.0,,2018,,,,,,
Papillon (2018),BST,2300000.0,2200000.0,2018,,,,,,
Gotti,VE,4300000.0,1802733.0,2018,64.0,"Jun 15, 2018",Gotti,10000000.0,4286367.0,6089100.0
The Mercy,Scre.,29500.0,4200000.0,2018,,,,,,
Hichki,Yash,330000.0,3900000.0,2018,,,,,,
Ya Veremos,PNT,4200000.0,,2018,,,,,,
Don't Worry He Won't Get Far on Foot,Amazon,1400000.0,2500000.0,2018,,,,,,
A Private War,Aviron,1600000.0,2200000.0,2018,,,,,,
Ben is Back,RAtt.,3700000.0,5929929.0,2018,95.0,"Dec 7, 2018",Ben is Back,13000000.0,3703182.0,9633111.0
Bad Samaritan,Electric,3400000.0,,2018,,,,,,
Gauguin: Voyage to Tahiti,Cohen,200000.0,3100000.0,2018,,,,,,
Shoplifters,Magn.,3300000.0,,2018,,,,,,
The Front Runner,Sony,2000000.0,1200000.0,2018,,,,,,
2001: A Space Odyssey (2018 re-release),WB,3200000.0,,2018,,,,,,
Wildlife,IFC,1100000.0,2000000.0,2018,,,,,,
La Boda de Valentina,PNT,2800000.0,,2018,,,,,,
You Were Never Really Here,Amazon,2500000.0,,2018,,,,,,
Billionaire Boy's Club,VE,1300.0,2500000.0,2018,,,,,,
The Rider,SPC,2400000.0,,2018,,,,,,
Mary and the Witch's Flower,GK,2400000.0,,2018,,,,,,
Bilal: A New Breed of Hero,VE,491000.0,1700000.0,2018,100.0,"Feb 2, 2018",Bilal: A New Breed of Hero,30000000.0,490973.0,648599.0
A Fantastic Woman,SPC,2000000.0,,2018,,,,,,
MET Opera: La Traviata,Fathom,1900000.0,,2018,,,,,,
Capernaum,SPC,1700000.0,,2018,,,,,,
I Still See You,LGF,1400.0,1500000.0,2018,,,,,,
Finding Your Feet,RAtt.,1400000.0,,2018,,,,,,
Never Look Away,SPC,1300000.0,,2018,,,,,,
Maria by Callas,SPC,1300000.0,,2018,,,,,,
Mandy,RLJ,1200000.0,213131.0,2018,71.0,"Sep 14, 2018",Mandy,6000000.0,1214525.0,1427656.0
Andhadhun,Eros,1200000.0,,2018,,,,,,
Lean on Pete,A24,1200000.0,1291971.0,2018,13.0,"Apr 6, 2018",Lean on Pete,8000000.0,1163056.0,2455027.0
Nothing to Lose (2018),Swen,1000000.0,,2018,,,,,,
Raid (2018),Eros,1000000.0,,2018,,,,,,
The Insult,Cohen,1000000.0,,2018,,,,,,
Little Italy,EOne,990000.0,,2018,,,,,,
The Catcher Was a Spy,IFC,725000.0,229000.0,2018,,,,,,
The Miseducation of Cameron Post,FR,905000.0,,2018,,,,,,
Kedarnath,PackYourBag,901000.0,,2018,,,,,,
Schindler's List (2018 re-release),Uni.,833000.0,,2018,,,,,,
Mirai,GK,813000.0,,2018,,,,,,
Beast,RAtt.,800000.0,,2018,,,,,,
Pokemon the Movie: The Power of Us,Fathom,789000.0,,2018,,,,,,
The Party (2017),RAtt.,750000.0,,2018,,,,,,
Burning,WGUSA,719000.0,,2018,,,,,,
Foxtrot,SPC,619000.0,,2018,,,,,,
The Sound of Music (2018 re-release),Fathom,616000.0,,2018,,,,,,
The Big Lebowski (20th Anniversary),Fathom,583000.0,,2018,,,,,,
Manmarziyaan,Eros,567000.0,,2018,,,,,,
Loveless (2018),SPC,566000.0,,2018,,,,,,
Tommy Wiseau's The Room,Fathom,550000.0,,2018,,,,,,
Fireworks (2018),GK,525000.0,,2018,,,,,,
The Spy Gone North,CJ,501000.0,,2018,,,,,,
The Happy Prince,SPC,466000.0,,2018,,,,,,
Final Portrait,SPC,462000.0,,2018,,,,,,
Bag of Marbles,Gaum.,411000.0,,2018,,,,,,
Vertigo (60th Anniversary),Fathom,394000.0,,2018,,,,,,
Oh Lucy!,FM,375000.0,,2018,,,,,,
Mountain,Greenwich,365000.0,,2018,,,,,,
Time Freak,Grindstone,10000.0,256000.0,2018,,,,,,
What They Had,BST,260000.0,,2018,,,,,,
Batti Gul Meter Chalu,Eros,250000.0,,2018,,,,,,
Borg vs. McEnroe,Neon,231000.0,3026576.0,2018,70.0,"Apr 13, 2018",Borg vs McEnroe,7500000.0,231346.0,3257922.0
Matangi/Maya/M.I.A.,Abr.,231000.0,,2018,,,,,,
Mazinger Z: INFINITY,Fathom,221000.0,,2018,,,,,,
Fate/Stay Night: Heaven's Feel - I. Presage Flower,Fathom,194000.0,,2018,,,,,,
Summer 1993,Osci.,186000.0,,2018,,,,,,
Maquia: When the Promised Flower Blooms (Subtitled),Elev.,186000.0,,2018,,,,,,
Karwaan,PackYourBag,182000.0,,2018,,,,,,
Last Letter,CL,181000.0,,2018,,,,,,
The Accidental Detective 2: In Action,CJ,179000.0,,2018,,,,,,
The Guardians,MBox,177000.0,,2018,,,,,,
Luis & the Aliens,VPD,170000.0,,2018,,,,,,
Double Lover,Cohen,168000.0,,2018,,,,,,
Ghost Stories,IFC,149000.0,,2018,,,,,,
Museo,Vita.,149000.0,,2018,,,,,,
The Little Mermaid (2018),Conglomerate,147000.0,,2018,,,,,,
The Young Karl Marx,Orch.,126000.0,,2018,,,,,,
Becoming Astrid,MBox,120000.0,,2018,,,,,,
Ryuichi Sakamoto: Coda,MUBI,117000.0,,2018,,,,,,
Gonjiam: Haunted Asylum,WGUSA,115000.0,,2018,,,,,,
Take Point,CJ,112000.0,,2018,,,,,,
The Dawn Wall,Orch.,112000.0,,2018,,,,,,
The Negotiation,CJ,111000.0,,2018,,,,,,
The Captain,MBox,109000.0,,2018,,,,,,
Mary Shelley,IFC,109000.0,,2018,,,,,,
In Between,FM,108000.0,,2018,,,,,,
Namaste England,Eros,104000.0,,2018,,,,,,
Happy Phirr Bhag Jayegi,Eros,103000.0,,2018,,,,,,
Ismael's Ghosts,Magn.,103000.0,,2018,,,,,,
Revenge (2018),Neon,102000.0,,2018,,,,,,
Unstoppable (2018),WGUSA,101000.0,,2018,,,,,,
Reign of Judges: Title of Liberty - Concept Short,Darin Southa,93200.0,5200.0,2018,,,,,,
The Third Murder,FM,89300.0,,2018,,,,,,
The House That Jack Built,IFC,88000.0,,2018,,,,,,
Custody,KL,83900.0,,2018,,,,,,
Godard Mon Amour,Cohen,82300.0,,2018,,,,,,
Just a Breath Away,EOne,78000.0,,2018,,,,,,
Mukkabaaz,Eros,75900.0,,2018,,,,,,
Keys to the Heart,CJ,75100.0,,2018,,,,,,
Tehran Taboo,KL,74800.0,,2018,,,,,,
The Last Suit,OutF,73500.0,,2018,,,,,,
"Nico, 1988",Magn.,73300.0,,2018,,,,,,
Antonio Lopez 1970: Sex Fashion & Disco,FM,43200.0,30000.0,2018,,,,,,
Helicopter Eela,Eros,72000.0,,2018,,,,,,
Under the Tree,Magn.,67600.0,,2018,,,,,,
Before We Vanish,Super,52100.0,,2018,,,,,,
I Am Not a Witch,FM,50900.0,,2018,,,,,,
Racer & the Jailbird,Super,46300.0,,2018,,,,,,
Rodin,Cohen,44300.0,,2018,,,,,,
What Will People Say,KL,44200.0,,2018,,,,,,
A Ciambra,IFC,41900.0,,2018,,,,,,
Oolong Courtyard,CL,37700.0,,2018,,,,,,
Girls vs Gangsters,WGUSA,37100.0,,2018,,,,,,
"No Date, No Signature",Distrib.,36400.0,,2018,,,,,,
The Apparition (2018),MBox,28300.0,,2018,,,,,,
The Charmer,FM,26200.0,,2018,,,,,,
Elliot: The Littlest Reindeer,Scre.,24300.0,,2018,,,,,,
The Workshop,Strand,22100.0,,2018,,,,,,
Loving Pablo,Uni.,22000.0,,2018,,,,,,
A Paris Education,KL,21600.0,,2018,,,,,,
Tag Along: The Devil Fish,CL,20700.0,,2018,,,,,,
Gabriel and the Mountain,Strand,18400.0,,2018,,,,,,
Marlina the Murderer in Four Acts,Icar.,17800.0,,2018,,,,,,
The Escape,IFC,14000.0,,2018,,,,,,
How Victor 'The Garlic' Took Alexey 'The Stud' to the Nursing Home,CARUSEL,13000.0,,2018,,,,,,
"Lou Andreas-Salomé, the Audacity to be Free",CLS,12900.0,,2018,,,,,,
Let Yourself Go,Men.,12200.0,,2018,,,,,,
Hannah (2018),PDF,11700.0,,2018,,,,,,
Souvenir,Strand,11400.0,,2018,,,,,,
Furious (Legend of Kolovrat),CARUSEL,10000.0,,2018,,,,,,
Beauty and the Dogs,Osci.,8900.0,,2018,,,,,,
The Quake,Magn.,6200.0,,2018,,,,,,
Edward II (2018 re-release),FM,4800.0,,2018,,,,,,
El Pacto,Sony,2500.0,,2018,,,,,,
The Swan,Synergetic,2400.0,,2018,,,,,,
An Actor Prepares,Grav.,1700.0,,2018,,,,,,
